{
"type": "FeatureCollection",
"name": "Bike_Routes_%26_Pathways",
"crs": { "type": "name", "properties": { "name": "urn:ogc:def:crs:OGC:1.3:CRS84" } },
"features": [
{ "type": "Feature", "properties": { "OBJECTID": 1, "UNIQID": "BPP1", "OWNER": "Unknown", "MANAGER": "Unknown", "STATUS": "Proposed", "INSTALLED": null, "FTR_FUNCTN": "Pathway", "FTR_TYP": "Pathway", "OVPATHNAME": null, "SGPATHLMT": null, "SRFMATRL": null }, "geometry": { "type": "LineString", "coordinates": [ [ -116.547784290292427, 43.569126777706607, 0.0 ], [ -116.547099137752681, 43.568816839016705, 0.0 ], [ -116.546707136810468, 43.56859383986307, 0.0 ], [ -116.545753135907617, 43.568074839749634, 0.0 ], [ -116.545259135346271, 43.567763840111738, 0.0 ], [ -116.544667135129686, 43.567217838889349, 0.0 ] ] } },
{ "type": "Feature", "properties": { "OBJECTID": 2, "UNIQID": "BPP2", "OWNER": "Unknown", "MANAGER": "Unknown", "STATUS": "Proposed", "INSTALLED": null, "FTR_FUNCTN": "Bike Route", "FTR_TYP": "Separated Bike Lane", "OVPATHNAME": null, "SGPATHLMT": null, "SRFMATRL": null }, "geometry": { "type": "LineString", "coordinates": [ [ -116.572801537781416, 43.586286928232155, 0.0 ], [ -116.572151048472676, 43.585764432622483, 0.0 ], [ -116.56376651315891, 43.580132681588537, 0.0 ], [ -116.561800398453272, 43.578729607078856, 0.0 ] ] } },
{ "type": "Feature", "properties": { "OBJECTID": 3, "UNIQID": "BPP3", "OWNER": "Unknown", "MANAGER": "Unknown", "STATUS": "Proposed", "INSTALLED": null, "FTR_FUNCTN": "Bike Route", "FTR_TYP": "Separated Bike Lane or Sidepath", "OVPATHNAME": null, "SGPATHLMT": null, "SRFMATRL": null }, "geometry": { "type": "LineString", "coordinates": [ [ -116.573715252185622, 43.585190736948917, 0.0 ], [ -116.573393352096772, 43.58541613689701, 0.0 ], [ -116.573178853033482, 43.585719237057994, 0.0 ], [ -116.572513653141499, 43.586776137560626, 0.0 ] ] } },
{ "type": "Feature", "properties": { "OBJECTID": 4, "UNIQID": "BPP4", "OWNER": "Unknown", "MANAGER": "Unknown", "STATUS": "Proposed", "INSTALLED": null, "FTR_FUNCTN": "Bike Route", "FTR_TYP": "Separated Bike Lane or Sidepath", "OVPATHNAME": null, "SGPATHLMT": null, "SRFMATRL": null }, "geometry": { "type": "LineString", "coordinates": [ [ -116.564375731178473, 43.569009769670295, 0.0 ], [ -116.564405319468534, 43.566510877793853, 0.0 ], [ -116.564337441598028, 43.564948835709679, 0.0 ], [ -116.563358570257421, 43.564645438148915, 0.0 ], [ -116.562535124932765, 43.564496494517194, 0.0 ], [ -116.56193424116799, 43.564295736293339, 0.0 ], [ -116.561429941231367, 43.563755435661875, 0.0 ], [ -116.561419240476312, 43.563075235099753, 0.0 ], [ -116.561419240060346, 43.561434835016271, 0.0 ], [ -116.561590939242478, 43.5608128344116, 0.0 ], [ -116.562148840020797, 43.560439634246173, 0.0 ], [ -116.563650840050656, 43.560128734230624, 0.0 ], [ -116.564114031897532, 43.559879002148506, 0.0 ], [ -116.564205523069447, 43.559829674134654, 0.0 ], [ -116.564270666399452, 43.55975205854832, 0.0 ], [ -116.564444597554072, 43.559345771078625, 0.0 ], [ -116.567097932073509, 43.559257303171691, 0.0 ], [ -116.568661241332038, 43.559281233652534, 0.0 ], [ -116.569133377081258, 43.55944581519141, 0.0 ], [ -116.569389768032096, 43.559616073701228, 0.0 ], [ -116.569564461971737, 43.559863059014596, 0.0 ], [ -116.569712641121967, 43.560175333230958, 0.0 ], [ -116.569834297235175, 43.560426590478173, 0.0 ], [ -116.570083500828304, 43.560964434129325, 0.0 ], [ -116.570464332457576, 43.561244715990078, 0.0 ], [ -116.570779787808732, 43.561322224376923, 0.0 ], [ -116.571314633654964, 43.561349647858329, 0.0 ], [ -116.572244643386639, 43.561318233929327, 0.0 ], [ -116.573095757734635, 43.561438223628812, 0.0 ] ] } },
{ "type": "Feature", "properties": { "OBJECTID": 5, "UNIQID": "BPP5", "OWNER": "Unknown", "MANAGER": "Unknown", "STATUS": "Proposed", "INSTALLED": null, "FTR_FUNCTN": "Pathway", "FTR_TYP": "Sidepath and Bike Lane", "OVPATHNAME": null, "SGPATHLMT": null, "SRFMATRL": null }, "geometry": { "type": "LineString", "coordinates": [ [ -116.5928189514932, 43.561590329088993, 0.0 ], [ -116.573135143939339, 43.561528133420126, 0.0 ] ] } },
{ "type": "Feature", "properties": { "OBJECTID": 6, "UNIQID": "BPP6", "OWNER": "Unknown", "MANAGER": "Unknown", "STATUS": "Proposed", "INSTALLED": null, "FTR_FUNCTN": "Bike Route", "FTR_TYP": "Bike Lane", "OVPATHNAME": null, "SGPATHLMT": null, "SRFMATRL": null }, "geometry": { "type": "LineString", "coordinates": [ [ -116.613164370666738, 43.597109631859084, 0.0 ], [ -116.61290686368126, 43.575785328438137, 0.0 ] ] } },
{ "type": "Feature", "properties": { "OBJECTID": 7, "UNIQID": "BPP7", "OWNER": "Unknown", "MANAGER": "Unknown", "STATUS": "Proposed", "INSTALLED": null, "FTR_FUNCTN": "Bike Route", "FTR_TYP": "Separated Bike Lane or Sidepath", "OVPATHNAME": null, "SGPATHLMT": null, "SRFMATRL": null }, "geometry": { "type": "LineString", "coordinates": [ [ -116.593219363946929, 43.59853603553713, 0.0 ], [ -116.592770679486108, 43.561786853348522, 0.0 ] ] } },
{ "type": "Feature", "properties": { "OBJECTID": 8, "UNIQID": "BPP8", "OWNER": "Unknown", "MANAGER": "Unknown", "STATUS": "Proposed", "INSTALLED": null, "FTR_FUNCTN": "Pathway", "FTR_TYP": "Sidepath", "OVPATHNAME": null, "SGPATHLMT": null, "SRFMATRL": null }, "geometry": { "type": "LineString", "coordinates": [ [ -116.544525302730946, 43.58662985663662, 0.0 ], [ -116.544765163925717, 43.584414028976084, 0.0 ], [ -116.564453943087742, 43.569008135966122, 0.0 ] ] } },
{ "type": "Feature", "properties": { "OBJECTID": 9, "UNIQID": "BPP493", "OWNER": "Nampa", "MANAGER": "Nampa", "STATUS": "Active", "INSTALLED": "2019-11-14T07:00:00Z", "FTR_FUNCTN": "Bike Route", "FTR_TYP": "Bike Lane", "OVPATHNAME": null, "SGPATHLMT": null, "SRFMATRL": null }, "geometry": { "type": "LineString", "coordinates": [ [ -116.572904758636753, 43.547168376876755, 0.0 ], [ -116.573462907253173, 43.547173088294585, 0.0 ], [ -116.573826341465661, 43.54715587639631, 0.0 ], [ -116.586262071282007, 43.54720965500848, 0.0 ] ] } },
{ "type": "Feature", "properties": { "OBJECTID": 10, "UNIQID": "BPP10", "OWNER": "Unknown", "MANAGER": "Unknown", "STATUS": "Proposed", "INSTALLED": null, "FTR_FUNCTN": "Pathway", "FTR_TYP": "Sidepath", "OVPATHNAME": null, "SGPATHLMT": null, "SRFMATRL": null }, "geometry": { "type": "LineString", "coordinates": [ [ -116.618807341616645, 43.622206098556561, 0.0 ], [ -116.623575775378399, 43.619287482318803, 0.0 ], [ -116.633369702902826, 43.619303598029873, 0.0 ], [ -116.633221157799738, 43.616353288369076, 0.0 ], [ -116.633221160843178, 43.54686512008022, 0.0 ] ] } },
{ "type": "Feature", "properties": { "OBJECTID": 11, "UNIQID": "BPP11", "OWNER": "Unknown", "MANAGER": "Unknown", "STATUS": "Proposed", "INSTALLED": null, "FTR_FUNCTN": "Pathway", "FTR_TYP": "Sidepath", "OVPATHNAME": null, "SGPATHLMT": null, "SRFMATRL": null }, "geometry": { "type": "LineString", "coordinates": [ [ -116.572648738966322, 43.546926230781935, 0.0 ], [ -116.513103617360741, 43.546926141968299, 0.0 ] ] } },
{ "type": "Feature", "properties": { "OBJECTID": 12, "UNIQID": "BPP12", "OWNER": "Unknown", "MANAGER": "Unknown", "STATUS": "Proposed", "INSTALLED": null, "FTR_FUNCTN": "Pathway", "FTR_TYP": "Sidepath", "OVPATHNAME": null, "SGPATHLMT": null, "SRFMATRL": null }, "geometry": { "type": "LineString", "coordinates": [ [ -116.594313621009491, 43.611674851681521, 0.0 ], [ -116.593260409694594, 43.612649946796978, 0.0 ], [ -116.593374126020777, 43.638360595530933, 0.0 ] ] } },
{ "type": "Feature", "properties": { "OBJECTID": 13, "UNIQID": "BPP13", "OWNER": "Unknown", "MANAGER": "Unknown", "STATUS": "Proposed", "INSTALLED": null, "FTR_FUNCTN": "Pathway", "FTR_TYP": "Sidepath", "OVPATHNAME": null, "SGPATHLMT": null, "SRFMATRL": null }, "geometry": { "type": "LineString", "coordinates": [ [ -116.573051963023872, 43.602021172758938, 0.0 ], [ -116.573323525880099, 43.632629955858803, 0.0 ] ] } },
{ "type": "Feature", "properties": { "OBJECTID": 14, "UNIQID": "BPP14", "OWNER": "Unknown", "MANAGER": "Unknown", "STATUS": "Proposed", "INSTALLED": null, "FTR_FUNCTN": "Pathway", "FTR_TYP": "Sidepath", "OVPATHNAME": null, "SGPATHLMT": null, "SRFMATRL": null }, "geometry": { "type": "LineString", "coordinates": [ [ -116.633138072934585, 43.575812015620649, 0.0 ], [ -116.592766756615205, 43.575964832493192, 0.0 ] ] } },
{ "type": "Feature", "properties": { "OBJECTID": 15, "UNIQID": "BPP15", "OWNER": "Unknown", "MANAGER": "Unknown", "STATUS": "Proposed", "INSTALLED": null, "FTR_FUNCTN": "Bike Route", "FTR_TYP": "Separated Bike Lane or Sidepath", "OVPATHNAME": null, "SGPATHLMT": null, "SRFMATRL": null }, "geometry": { "type": "LineString", "coordinates": [ [ -116.55339312064244, 43.634148681635949, 0.0 ], [ -116.553056645514914, 43.588134441318651, 0.0 ] ] } },
{ "type": "Feature", "properties": { "OBJECTID": 16, "UNIQID": "BPP16", "OWNER": "Unknown", "MANAGER": "Unknown", "STATUS": "Proposed", "INSTALLED": null, "FTR_FUNCTN": "Bike Route", "FTR_TYP": "Separated Bike Lane or Sidepath", "OVPATHNAME": null, "SGPATHLMT": null, "SRFMATRL": null }, "geometry": { "type": "LineString", "coordinates": [ [ -116.552996845121484, 43.587870541824323, 0.0 ], [ -116.551709344385131, 43.586533941794777, 0.0 ], [ -116.536689039530927, 43.586751544174014, 0.0 ], [ -116.533642038578321, 43.587031344474845, 0.0 ], [ -116.531496237517914, 43.587684045294537, 0.0 ], [ -116.518793335268114, 43.594056047904765, 0.0 ], [ -116.515617534662354, 43.59595194898526, 0.0 ], [ -116.513343035674623, 43.600489550527882, 0.0 ], [ -116.5131831165601, 43.634430522866317, 0.0 ] ] } },
{ "type": "Feature", "properties": { "OBJECTID": 17, "UNIQID": "BPP17", "OWNER": "Unknown", "MANAGER": "Unknown", "STATUS": "Proposed", "INSTALLED": null, "FTR_FUNCTN": "Pathway", "FTR_TYP": "Sidepath", "OVPATHNAME": null, "SGPATHLMT": null, "SRFMATRL": null }, "geometry": { "type": "LineString", "coordinates": [ [ -116.597984655103645, 43.56865342964587, 0.0 ], [ -116.574424115847521, 43.568855569955332, 0.0 ] ] } },
{ "type": "Feature", "properties": { "OBJECTID": 18, "UNIQID": "BPP18", "OWNER": "Unknown", "MANAGER": "Unknown", "STATUS": "Proposed", "INSTALLED": null, "FTR_FUNCTN": "Pathway", "FTR_TYP": "Sidepath", "OVPATHNAME": null, "SGPATHLMT": null, "SRFMATRL": null }, "geometry": { "type": "LineString", "coordinates": [ [ -116.633113069136186, 43.568586423505089, 0.0 ], [ -116.597984655103645, 43.56865342964587, 0.0 ] ] } },
{ "type": "Feature", "properties": { "OBJECTID": 19, "UNIQID": "BPP19", "OWNER": "Unknown", "MANAGER": "Unknown", "STATUS": "Proposed", "INSTALLED": null, "FTR_FUNCTN": "Pathway", "FTR_TYP": "Sidepath", "OVPATHNAME": null, "SGPATHLMT": null, "SRFMATRL": null }, "geometry": { "type": "LineString", "coordinates": [ [ -116.513186233282724, 43.595883949413071, 0.0 ], [ -116.512879810435521, 43.532003039082092, 0.0 ] ] } },
{ "type": "Feature", "properties": { "OBJECTID": 20, "UNIQID": "BPP20", "OWNER": "Unknown", "MANAGER": "Unknown", "STATUS": "Proposed", "INSTALLED": null, "FTR_FUNCTN": "Pathway", "FTR_TYP": "Sidepath", "OVPATHNAME": null, "SGPATHLMT": null, "SRFMATRL": null }, "geometry": { "type": "LineString", "coordinates": [ [ -116.515501734491622, 43.596133849243571, 0.0 ], [ -116.514343033997505, 43.595893049291327, 0.0 ], [ -116.513186233282724, 43.595883949413071, 0.0 ] ] } },
{ "type": "Feature", "properties": { "OBJECTID": 21, "UNIQID": "BPP21", "OWNER": "Unknown", "MANAGER": "Unknown", "STATUS": "Proposed", "INSTALLED": null, "FTR_FUNCTN": "Bike Route", "FTR_TYP": "Separated Bike Lane or Sidepath", "OVPATHNAME": null, "SGPATHLMT": null, "SRFMATRL": null }, "geometry": { "type": "LineString", "coordinates": [ [ -116.572943079644503, 43.568489491530372, 0.0 ], [ -116.572799665350715, 43.532045834687196, 0.0 ] ] } },
{ "type": "Feature", "properties": { "OBJECTID": 22, "UNIQID": "BPP22", "OWNER": "Unknown", "MANAGER": "Unknown", "STATUS": "Proposed", "INSTALLED": null, "FTR_FUNCTN": "Pathway", "FTR_TYP": "Sidepath", "OVPATHNAME": null, "SGPATHLMT": null, "SRFMATRL": null }, "geometry": { "type": "LineString", "coordinates": [ [ -116.5928189514932, 43.561590329088993, 0.0 ], [ -116.632901865532816, 43.561310422071855, 0.0 ] ] } },
{ "type": "Feature", "properties": { "OBJECTID": 23, "UNIQID": "BPP23", "OWNER": "Unknown", "MANAGER": "Unknown", "STATUS": "Proposed", "INSTALLED": null, "FTR_FUNCTN": "Pathway", "FTR_TYP": "Sidepath", "OVPATHNAME": null, "SGPATHLMT": null, "SRFMATRL": null }, "geometry": { "type": "LineString", "coordinates": [ [ -116.632768979424739, 43.597688328396231, 0.0 ], [ -116.632082378815781, 43.597688328539931, 0.0 ], [ -116.613457070625387, 43.597688331310813, 0.0 ] ] } },
{ "type": "Feature", "properties": { "OBJECTID": 24, "UNIQID": "BPP24", "OWNER": "Unknown", "MANAGER": "Unknown", "STATUS": "Proposed", "INSTALLED": null, "FTR_FUNCTN": "Pathway", "FTR_TYP": "Sidepath", "OVPATHNAME": null, "SGPATHLMT": null, "SRFMATRL": null }, "geometry": { "type": "LineString", "coordinates": [ [ -116.613364788541858, 43.648347240361339, 0.0 ], [ -116.613156671438617, 43.597719431297342, 0.0 ] ] } },
{ "type": "Feature", "properties": { "OBJECTID": 25, "UNIQID": "BPP25", "OWNER": "Unknown", "MANAGER": "Unknown", "STATUS": "Proposed", "INSTALLED": null, "FTR_FUNCTN": "Pathway", "FTR_TYP": "Sidepath", "OVPATHNAME": null, "SGPATHLMT": null, "SRFMATRL": null }, "geometry": { "type": "LineString", "coordinates": [ [ -116.61282106334734, 43.57535002801923, 0.0 ], [ -116.612893348818233, 43.540423709211922, 0.0 ] ] } },
{ "type": "Feature", "properties": { "OBJECTID": 26, "UNIQID": "BPP26", "OWNER": "Unknown", "MANAGER": "Unknown", "STATUS": "Proposed", "INSTALLED": null, "FTR_FUNCTN": "Pathway", "FTR_TYP": "Sidepath", "OVPATHNAME": null, "SGPATHLMT": null, "SRFMATRL": null }, "geometry": { "type": "LineString", "coordinates": [ [ -116.592675584239771, 43.561805794265403, 0.0 ], [ -116.592847940914794, 43.532182124350477, 0.0 ] ] } },
{ "type": "Feature", "properties": { "OBJECTID": 27, "UNIQID": "BPP27", "OWNER": "Unknown", "MANAGER": "Unknown", "STATUS": "Proposed", "INSTALLED": null, "FTR_FUNCTN": "Pathway", "FTR_TYP": "Sidepath", "OVPATHNAME": null, "SGPATHLMT": null, "SRFMATRL": null }, "geometry": { "type": "LineString", "coordinates": [ [ -116.602774277589603, 43.532084497390059, 0.0 ], [ -116.590975239615844, 43.531954424349408, 0.0 ], [ -116.512879810435521, 43.532003039082092, 0.0 ] ] } },
{ "type": "Feature", "properties": { "OBJECTID": 28, "UNIQID": "BPP28", "OWNER": "Unknown", "MANAGER": "Unknown", "STATUS": "Proposed", "INSTALLED": null, "FTR_FUNCTN": "Pathway", "FTR_TYP": "Sidepath", "OVPATHNAME": null, "SGPATHLMT": null, "SRFMATRL": null }, "geometry": { "type": "LineString", "coordinates": [ [ -116.544672532446228, 43.567171989125924, 0.0 ], [ -116.543238934189418, 43.566118338748225, 0.0 ], [ -116.541662279241564, 43.565178148279372, 0.0 ], [ -116.539827132720333, 43.56520103974438, 0.0 ], [ -116.537745731770812, 43.565092140531405, 0.0 ], [ -116.536544131629981, 43.564345839905748, 0.0 ], [ -116.53439833020154, 43.562744340680965, 0.0 ], [ -116.532917829152879, 43.561640440947734, 0.0 ], [ -116.53272462889521, 43.561407140550934, 0.0 ] ] } },
{ "type": "Feature", "properties": { "OBJECTID": 29, "UNIQID": "BPP29", "OWNER": "Unknown", "MANAGER": "Unknown", "STATUS": "Proposed", "INSTALLED": null, "FTR_FUNCTN": "Pathway", "FTR_TYP": "Sidepath", "OVPATHNAME": null, "SGPATHLMT": null, "SRFMATRL": null }, "geometry": { "type": "LineString", "coordinates": [ [ -116.532878419515114, 43.531878535757841, 0.0 ], [ -116.53287842426252, 43.547464237698641, 0.0 ], [ -116.532964229050719, 43.559998339523787, 0.0 ] ] } },
{ "type": "Feature", "properties": { "OBJECTID": 30, "UNIQID": "BPP30", "OWNER": "Unknown", "MANAGER": "Unknown", "STATUS": "Proposed", "INSTALLED": null, "FTR_FUNCTN": "Pathway", "FTR_TYP": "Sidepath", "OVPATHNAME": null, "SGPATHLMT": null, "SRFMATRL": null }, "geometry": { "type": "LineString", "coordinates": [ [ -116.533106629232819, 43.560029140095388, 0.0 ], [ -116.53272462889521, 43.561407140550934, 0.0 ] ] } },
{ "type": "Feature", "properties": { "OBJECTID": 31, "UNIQID": "BPP31", "OWNER": "Unknown", "MANAGER": "Unknown", "STATUS": "Proposed", "INSTALLED": null, "FTR_FUNCTN": "Pathway", "FTR_TYP": "Sidepath", "OVPATHNAME": null, "SGPATHLMT": null, "SRFMATRL": null }, "geometry": { "type": "LineString", "coordinates": [ [ -116.533299728378111, 43.560013539595488, 0.0 ], [ -116.534200929018496, 43.560246839139317, 0.0 ], [ -116.53525242915255, 43.560868740622816, 0.0 ], [ -116.535188030253849, 43.561739540092141, 0.0 ], [ -116.534866129826966, 43.562345940581324, 0.0 ], [ -116.534115130464997, 43.562967840575915, 0.0 ], [ -116.532956429615169, 43.563869640741856, 0.0 ], [ -116.532827630839549, 43.564584940795584, 0.0 ], [ -116.532913531165192, 43.56576654151597, 0.0 ], [ -116.532892031114713, 43.567383541194992, 0.0 ] ] } },
{ "type": "Feature", "properties": { "OBJECTID": 32, "UNIQID": "BPP32", "OWNER": "Unknown", "MANAGER": "Unknown", "STATUS": "Proposed", "INSTALLED": null, "FTR_FUNCTN": "Pathway", "FTR_TYP": "Sidepath", "OVPATHNAME": null, "SGPATHLMT": null, "SRFMATRL": null }, "geometry": { "type": "LineString", "coordinates": [ [ -116.52660822498656, 43.558660841112136, 0.0 ], [ -116.548495038076183, 43.573493439844555, 0.0 ], [ -116.548580838639708, 43.574830339345084, 0.0 ] ] } },
{ "type": "Feature", "properties": { "OBJECTID": 33, "UNIQID": "BPP33", "OWNER": "Unknown", "MANAGER": "Unknown", "STATUS": "Proposed", "INSTALLED": null, "FTR_FUNCTN": "Pathway", "FTR_TYP": "Sidepath", "OVPATHNAME": null, "SGPATHLMT": null, "SRFMATRL": null }, "geometry": { "type": "LineString", "coordinates": [ [ -116.632979752662834, 43.546781956173497, 0.0 ], [ -116.619406555955194, 43.547079122079047, 0.0 ], [ -116.592681846711358, 43.547259027592233, 0.0 ] ] } },
{ "type": "Feature", "properties": { "OBJECTID": 34, "UNIQID": "BPP34", "OWNER": "Unknown", "MANAGER": "Unknown", "STATUS": "Proposed", "INSTALLED": null, "FTR_FUNCTN": "Bike Route", "FTR_TYP": "Separated Bike Lane", "OVPATHNAME": null, "SGPATHLMT": null, "SRFMATRL": null }, "geometry": { "type": "LineString", "coordinates": [ [ -116.592681846711358, 43.547259027592233, 0.0 ], [ -116.587628543877372, 43.547235628319378, 0.0 ] ] } },
{ "type": "Feature", "properties": { "OBJECTID": 35, "UNIQID": "BPP35", "OWNER": "Unknown", "MANAGER": "Unknown", "STATUS": "Proposed", "INSTALLED": null, "FTR_FUNCTN": "Pathway", "FTR_TYP": "Sidepath", "OVPATHNAME": null, "SGPATHLMT": null, "SRFMATRL": null }, "geometry": { "type": "LineString", "coordinates": [ [ -116.542836837376555, 43.576047841279504, 0.0 ], [ -116.513160927001877, 43.575970146162518, 0.0 ] ] } },
{ "type": "Feature", "properties": { "OBJECTID": 36, "UNIQID": "BPP36", "OWNER": "Unknown", "MANAGER": "Unknown", "STATUS": "Proposed", "INSTALLED": null, "FTR_FUNCTN": "Pathway", "FTR_TYP": "Sidepath", "OVPATHNAME": null, "SGPATHLMT": null, "SRFMATRL": null }, "geometry": { "type": "LineString", "coordinates": [ [ -116.520780236432927, 43.596038048814691, 0.0 ], [ -116.520872038066727, 43.597673648935299, 0.0 ], [ -116.522524238167122, 43.597751348467142, 0.0 ], [ -116.537412743131412, 43.597903445439613, 0.0 ] ] } },
{ "type": "Feature", "properties": { "OBJECTID": 37, "UNIQID": "BPP37", "OWNER": "Unknown", "MANAGER": "Unknown", "STATUS": "Proposed", "INSTALLED": null, "FTR_FUNCTN": "Pathway", "FTR_TYP": "Sidepath", "OVPATHNAME": null, "SGPATHLMT": null, "SRFMATRL": null }, "geometry": { "type": "LineString", "coordinates": [ [ -116.53305463830749, 43.586731744620586, 0.0 ], [ -116.513013229510307, 43.586700647573942, 0.0 ] ] } },
{ "type": "Feature", "properties": { "OBJECTID": 38, "UNIQID": "BPP38", "OWNER": "Unknown", "MANAGER": "Unknown", "STATUS": "Proposed", "INSTALLED": null, "FTR_FUNCTN": "Bike Route", "FTR_TYP": "Bike Lane or Sidepath", "OVPATHNAME": null, "SGPATHLMT": null, "SRFMATRL": null }, "geometry": { "type": "LineString", "coordinates": [ [ -116.573736752821148, 43.58498873736437, 0.0 ], [ -116.573672350428367, 43.57967283545721, 0.0 ] ] } },
{ "type": "Feature", "properties": { "OBJECTID": 39, "UNIQID": "BPP39", "OWNER": "Unknown", "MANAGER": "Unknown", "STATUS": "Proposed", "INSTALLED": null, "FTR_FUNCTN": "Bike Route", "FTR_TYP": "Buffered Bike Lane or Sidepath", "OVPATHNAME": null, "SGPATHLMT": null, "SRFMATRL": null }, "geometry": { "type": "LineString", "coordinates": [ [ -116.551767854451143, 43.586570646666082, 0.0 ], [ -116.534687381326563, 43.59988751052277, 0.0 ], [ -116.534592480345523, 43.603806395715495, 0.0 ], [ -116.533818368744107, 43.60471472985293, 0.0 ], [ -116.532594289660011, 43.605188000121501, 0.0 ], [ -116.531663256294095, 43.605593614320988, 0.0 ], [ -116.531441019079281, 43.606123761421586, 0.0 ], [ -116.533482302465686, 43.610568197542669, 0.0 ], [ -116.53302766983218, 43.633771392992344, 0.0 ] ] } },
{ "type": "Feature", "properties": { "OBJECTID": 40, "UNIQID": "BPP40", "OWNER": "Unknown", "MANAGER": "Unknown", "STATUS": "Proposed", "INSTALLED": null, "FTR_FUNCTN": "Bike Route", "FTR_TYP": "Buffered Bike Lane", "OVPATHNAME": null, "SGPATHLMT": null, "SRFMATRL": null }, "geometry": { "type": "LineString", "coordinates": [ [ -116.572938545645968, 43.568653733825499, 0.0 ], [ -116.552939938328024, 43.568529338006677, 0.0 ] ] } },
{ "type": "Feature", "properties": { "OBJECTID": 41, "UNIQID": "BPP41", "OWNER": "Unknown", "MANAGER": "Unknown", "STATUS": "Proposed", "INSTALLED": null, "FTR_FUNCTN": "Bike Route", "FTR_TYP": "Bike Boulevard", "OVPATHNAME": null, "SGPATHLMT": null, "SRFMATRL": null }, "geometry": { "type": "LineString", "coordinates": [ [ -116.553369338423849, 43.568597337678646, 0.0 ], [ -116.549174970094484, 43.571659278208557, 0.0 ] ] } },
{ "type": "Feature", "properties": { "OBJECTID": 42, "UNIQID": "BPP42", "OWNER": "Unknown", "MANAGER": "Unknown", "STATUS": "Proposed", "INSTALLED": null, "FTR_FUNCTN": "Bike Route", "FTR_TYP": "Buffered Bike Lane", "OVPATHNAME": null, "SGPATHLMT": null, "SRFMATRL": null }, "geometry": { "type": "LineString", "coordinates": [ [ -116.632652163136171, 43.554011821123673, 0.0 ], [ -116.608525853590052, 43.554358382909605, 0.0 ], [ -116.573128641290182, 43.554322831956725, 0.0 ] ] } },
{ "type": "Feature", "properties": { "OBJECTID": 43, "UNIQID": "BPP43", "OWNER": "Unknown", "MANAGER": "Unknown", "STATUS": "Proposed", "INSTALLED": null, "FTR_FUNCTN": "Bike Route", "FTR_TYP": "Separated Bike Lane or Sidepath", "OVPATHNAME": null, "SGPATHLMT": null, "SRFMATRL": null }, "geometry": { "type": "LineString", "coordinates": [ [ -116.564485892077187, 43.559361010189733, 0.0 ], [ -116.56099468941116, 43.55936687290562, 0.0 ], [ -116.56003790096976, 43.559467892887035, 0.0 ], [ -116.559497160573017, 43.559666882503748, 0.0 ], [ -116.559231715658754, 43.559890740198441, 0.0 ], [ -116.558612132992096, 43.561059276257986, 0.0 ], [ -116.558206947319775, 43.561291575480332, 0.0 ], [ -116.557738621659396, 43.561349703253683, 0.0 ], [ -116.557231613935031, 43.56135717910329, 0.0 ], [ -116.552707435798013, 43.561310437088814, 0.0 ], [ -116.542922732823598, 43.561434838358139, 0.0 ], [ -116.513235648025443, 43.561344449381586, 0.0 ] ] } },
{ "type": "Feature", "properties": { "OBJECTID": 44, "UNIQID": "BPP44", "OWNER": "Unknown", "MANAGER": "Unknown", "STATUS": "Proposed", "INSTALLED": null, "FTR_FUNCTN": "Bike Route", "FTR_TYP": "Buffered Bike Lane or Sidepath", "OVPATHNAME": null, "SGPATHLMT": null, "SRFMATRL": null }, "geometry": { "type": "LineString", "coordinates": [ [ -116.573672350428367, 43.57967283545721, 0.0 ], [ -116.557394940335442, 43.568569937673558, 0.0 ] ] } },
{ "type": "Feature", "properties": { "OBJECTID": 45, "UNIQID": "BPP45", "OWNER": "Unknown", "MANAGER": "Unknown", "STATUS": "Proposed", "INSTALLED": null, "FTR_FUNCTN": "Bike Route", "FTR_TYP": "Buffered Bike Lane", "OVPATHNAME": null, "SGPATHLMT": null, "SRFMATRL": null }, "geometry": { "type": "LineString", "coordinates": [ [ -116.572895341727516, 43.555145639098974, 0.0 ], [ -116.56010655063794, 43.55517288985061, 0.0 ] ] } },
{ "type": "Feature", "properties": { "OBJECTID": 46, "UNIQID": "BPP46", "OWNER": "Unknown", "MANAGER": "Unknown", "STATUS": "Proposed", "INSTALLED": null, "FTR_FUNCTN": "Bike Route", "FTR_TYP": "Buffered Bike Lane", "OVPATHNAME": null, "SGPATHLMT": null, "SRFMATRL": null }, "geometry": { "type": "LineString", "coordinates": [ [ -116.593072263758444, 43.597688336098436, 0.0 ], [ -116.613156671438617, 43.597719431297342, 0.0 ] ] } },
{ "type": "Feature", "properties": { "OBJECTID": 47, "UNIQID": "BPP47", "OWNER": "Unknown", "MANAGER": "Unknown", "STATUS": "Proposed", "INSTALLED": null, "FTR_FUNCTN": "Bike Route", "FTR_TYP": "Bike Boulevard", "OVPATHNAME": null, "SGPATHLMT": null, "SRFMATRL": null }, "geometry": { "type": "LineString", "coordinates": [ [ -116.592984757312962, 43.581334332614354, 0.0 ], [ -116.583058454412011, 43.581378034423182, 0.0 ] ] } },
{ "type": "Feature", "properties": { "OBJECTID": 48, "UNIQID": "BPP48", "OWNER": "Unknown", "MANAGER": "Unknown", "STATUS": "Proposed", "INSTALLED": null, "FTR_FUNCTN": "Bike Route", "FTR_TYP": "Bike Lane", "OVPATHNAME": null, "SGPATHLMT": null, "SRFMATRL": null }, "geometry": { "type": "LineString", "coordinates": [ [ -116.573736752821148, 43.58498873736437, 0.0 ], [ -116.593250858690141, 43.584968532979801, 0.0 ] ] } },
{ "type": "Feature", "properties": { "OBJECTID": 49, "UNIQID": "BPP49", "OWNER": "Unknown", "MANAGER": "Unknown", "STATUS": "Proposed", "INSTALLED": null, "FTR_FUNCTN": "Bike Route", "FTR_TYP": "Buffered Bike Lane", "OVPATHNAME": null, "SGPATHLMT": null, "SRFMATRL": null }, "geometry": { "type": "LineString", "coordinates": [ [ -116.552913638294029, 43.568434638042127, 0.0 ], [ -116.552957281582664, 43.517644892131727, 0.0 ] ] } },
{ "type": "Feature", "properties": { "OBJECTID": 50, "UNIQID": "BPP50", "OWNER": "Unknown", "MANAGER": "Unknown", "STATUS": "Proposed", "INSTALLED": null, "FTR_FUNCTN": "Bike Route", "FTR_TYP": "Buffered Bike Lane", "OVPATHNAME": null, "SGPATHLMT": null, "SRFMATRL": null }, "geometry": { "type": "LineString", "coordinates": [ [ -116.564313847703175, 43.583037538876631, 0.0 ], [ -116.573583549115, 43.575918135822754, 0.0 ] ] } },
{ "type": "Feature", "properties": { "OBJECTID": 51, "UNIQID": "BPP51", "OWNER": "Unknown", "MANAGER": "Unknown", "STATUS": "Proposed", "INSTALLED": null, "FTR_FUNCTN": "Bike Route", "FTR_TYP": "Bike Lane", "OVPATHNAME": null, "SGPATHLMT": null, "SRFMATRL": null }, "geometry": { "type": "LineString", "coordinates": [ [ -116.54823024156677, 43.58159524141395, 0.0 ], [ -116.572756355882646, 43.598053839556393, 0.0 ] ] } },
{ "type": "Feature", "properties": { "OBJECTID": 52, "UNIQID": "BPP52", "OWNER": "Unknown", "MANAGER": "Unknown", "STATUS": "Proposed", "INSTALLED": null, "FTR_FUNCTN": "Bike Route", "FTR_TYP": "Buffered Bike Lane", "OVPATHNAME": null, "SGPATHLMT": null, "SRFMATRL": null }, "geometry": { "type": "LineString", "coordinates": [ [ -116.592959856127962, 43.575964831891376, 0.0 ], [ -116.573583549115, 43.575918135822754, 0.0 ] ] } },
{ "type": "Feature", "properties": { "OBJECTID": 53, "UNIQID": "BPP53", "OWNER": "Unknown", "MANAGER": "Unknown", "STATUS": "Proposed", "INSTALLED": null, "FTR_FUNCTN": "Bike Route", "FTR_TYP": "Bike Lane", "OVPATHNAME": null, "SGPATHLMT": null, "SRFMATRL": null }, "geometry": { "type": "LineString", "coordinates": [ [ -116.548850838407503, 43.57499483988358, 0.0 ], [ -116.555373943212885, 43.578974339760613, 0.0 ], [ -116.560437946268067, 43.582549438767302, 0.0 ], [ -116.568720651325535, 43.588113837974682, 0.0 ], [ -116.571853454512691, 43.590445137748915, 0.0 ] ] } },
{ "type": "Feature", "properties": { "OBJECTID": 54, "UNIQID": "BPP54", "OWNER": "Unknown", "MANAGER": "Unknown", "STATUS": "Proposed", "INSTALLED": null, "FTR_FUNCTN": "Bike Route", "FTR_TYP": "Bike Boulevard", "OVPATHNAME": null, "SGPATHLMT": null, "SRFMATRL": null }, "geometry": { "type": "LineString", "coordinates": [ [ -116.573092244503925, 43.563494133811666, 0.0 ], [ -116.561462140394113, 43.563385336265966, 0.0 ] ] } },
{ "type": "Feature", "properties": { "OBJECTID": 55, "UNIQID": "BPP55", "OWNER": "Unknown", "MANAGER": "Unknown", "STATUS": "Proposed", "INSTALLED": null, "FTR_FUNCTN": "Bike Route", "FTR_TYP": "Bike Boulevard", "OVPATHNAME": null, "SGPATHLMT": null, "SRFMATRL": null }, "geometry": { "type": "LineString", "coordinates": [ [ -116.523243538540228, 43.597671248791173, 0.0 ], [ -116.523157633768975, 43.586574847111081, 0.0 ] ] } },
{ "type": "Feature", "properties": { "OBJECTID": 56, "UNIQID": "BPP56", "OWNER": "Unknown", "MANAGER": "Unknown", "STATUS": "Proposed", "INSTALLED": null, "FTR_FUNCTN": "Bike Route", "FTR_TYP": "Bike Boulevard", "OVPATHNAME": null, "SGPATHLMT": null, "SRFMATRL": null }, "geometry": { "type": "LineString", "coordinates": [ [ -116.592956095754545, 43.572391365101076, 0.0 ], [ -116.573857071994865, 43.572360390105388, 0.0 ], [ -116.562108032342053, 43.581609209329187, 0.0 ] ] } },
{ "type": "Feature", "properties": { "OBJECTID": 57, "UNIQID": "BPP57", "OWNER": "Unknown", "MANAGER": "Unknown", "STATUS": "Proposed", "INSTALLED": null, "FTR_FUNCTN": "Bike Route", "FTR_TYP": "Bike Boulevard", "OVPATHNAME": null, "SGPATHLMT": null, "SRFMATRL": null }, "geometry": { "type": "LineString", "coordinates": [ [ -116.559553261978692, 43.58202222663769, 0.0 ], [ -116.552639025466775, 43.587477774230408, 0.0 ] ] } },
{ "type": "Feature", "properties": { "OBJECTID": 58, "UNIQID": "BPP58", "OWNER": "Unknown", "MANAGER": "Unknown", "STATUS": "Proposed", "INSTALLED": null, "FTR_FUNCTN": "Bike Route", "FTR_TYP": "Bike Boulevard", "OVPATHNAME": null, "SGPATHLMT": null, "SRFMATRL": null }, "geometry": { "type": "LineString", "coordinates": [ [ -116.573772577338516, 43.583268859519663, 0.0 ], [ -116.583036955615682, 43.583227735100806, 0.0 ], [ -116.583058454412011, 43.581378034423182, 0.0 ] ] } },
{ "type": "Feature", "properties": { "OBJECTID": 59, "UNIQID": "BPP59", "OWNER": "Unknown", "MANAGER": "Unknown", "STATUS": "Proposed", "INSTALLED": null, "FTR_FUNCTN": "Bike Route", "FTR_TYP": "Bike Boulevard", "OVPATHNAME": null, "SGPATHLMT": null, "SRFMATRL": null }, "geometry": { "type": "LineString", "coordinates": [ [ -116.542745423649848, 43.537683233948194, 0.0 ], [ -116.542777624459262, 43.539215335137094, 0.0 ], [ -116.549686927942986, 43.539160933991191, 0.0 ], [ -116.5553625291098, 43.5391298327268, 0.0 ] ] } },
{ "type": "Feature", "properties": { "OBJECTID": 60, "UNIQID": "BPP60", "OWNER": "Unknown", "MANAGER": "Unknown", "STATUS": "Proposed", "INSTALLED": null, "FTR_FUNCTN": "Bike Route", "FTR_TYP": "Bike Boulevard", "OVPATHNAME": null, "SGPATHLMT": null, "SRFMATRL": null }, "geometry": { "type": "LineString", "coordinates": [ [ -116.542900933418949, 43.565111639111407, 0.0 ], [ -116.548479936339234, 43.565158237568525, 0.0 ], [ -116.552921737382235, 43.565127137088261, 0.0 ], [ -116.552964638209971, 43.565609138128316, 0.0 ], [ -116.564980941892841, 43.565515835774463, 0.0 ], [ -116.574328233259124, 43.565551742910223, 0.0 ], [ -116.574401405720891, 43.568892855336948, 0.0 ] ] } },
{ "type": "Feature", "properties": { "OBJECTID": 61, "UNIQID": "BPP61", "OWNER": "Unknown", "MANAGER": "Unknown", "STATUS": "Proposed", "INSTALLED": null, "FTR_FUNCTN": "Bike Route", "FTR_TYP": "Bike Boulevard", "OVPATHNAME": null, "SGPATHLMT": null, "SRFMATRL": null }, "geometry": { "type": "LineString", "coordinates": [ [ -116.55546054318053, 43.579088439134331, 0.0 ], [ -116.549388043187776, 43.583782740653412, 0.0 ], [ -116.551535178721821, 43.585327565754163, 0.0 ], [ -116.550914225367791, 43.585730116502624, 0.0 ], [ -116.550540517526898, 43.586025478346585, 0.0 ], [ -116.550160443453279, 43.586316240738995, 0.0 ], [ -116.550117544013787, 43.586595941107475, 0.0 ] ] } },
{ "type": "Feature", "properties": { "OBJECTID": 62, "UNIQID": "BPP62", "OWNER": "Unknown", "MANAGER": "Unknown", "STATUS": "Proposed", "INSTALLED": null, "FTR_FUNCTN": "Bike Route", "FTR_TYP": "Bike Boulevard", "OVPATHNAME": null, "SGPATHLMT": null, "SRFMATRL": null }, "geometry": { "type": "LineString", "coordinates": [ [ -116.561311941046867, 43.563447536298931, 0.0 ], [ -116.554359637006357, 43.563416436277073, 0.0 ] ] } },
{ "type": "Feature", "properties": { "OBJECTID": 63, "UNIQID": "BPP63", "OWNER": "Unknown", "MANAGER": "Unknown", "STATUS": "Proposed", "INSTALLED": null, "FTR_FUNCTN": "Bike Route", "FTR_TYP": "Bike Boulevard", "OVPATHNAME": null, "SGPATHLMT": null, "SRFMATRL": null }, "geometry": { "type": "LineString", "coordinates": [ [ -116.554381138681293, 43.5684694376233, 0.0 ], [ -116.554338136383819, 43.56141063605255, 0.0 ] ] } },
{ "type": "Feature", "properties": { "OBJECTID": 64, "UNIQID": "BPP64", "OWNER": "Unknown", "MANAGER": "Unknown", "STATUS": "Proposed", "INSTALLED": null, "FTR_FUNCTN": "Pathway", "FTR_TYP": "Pathway", "OVPATHNAME": null, "SGPATHLMT": null, "SRFMATRL": null }, "geometry": { "type": "LineString", "coordinates": [ [ -116.546316100736547, 43.510725127527543, 0.0 ], [ -116.546466717655576, 43.512077552706671, 0.0 ], [ -116.547890167522411, 43.513247082834418, 0.0 ], [ -116.548115682634332, 43.514231610805382, 0.0 ], [ -116.549485062035288, 43.515324157651541, 0.0 ], [ -116.549433937026777, 43.515430285871204, 0.0 ], [ -116.548923613330217, 43.51566987059099, 0.0 ], [ -116.548723923227868, 43.515897448641262, 0.0 ], [ -116.548713135595818, 43.516104039166649, 0.0 ], [ -116.548796021222699, 43.516241135682613, 0.0 ], [ -116.549109255823069, 43.516425793389203, 0.0 ], [ -116.549369353732644, 43.516679660432132, 0.0 ], [ -116.549349728501113, 43.517240337290318, 0.0 ], [ -116.549257611806425, 43.517427826917427, 0.0 ], [ -116.549417388090831, 43.520317912612811, 0.0 ], [ -116.549518338416135, 43.520799073551622, 0.0 ], [ -116.549722977088678, 43.52094515343434, 0.0 ], [ -116.550090160370289, 43.521119596180426, 0.0 ], [ -116.550815051531671, 43.521773400455096, 0.0 ], [ -116.55192353302931, 43.522817870569902, 0.0 ], [ -116.552307504834161, 43.52323803948385, 0.0 ], [ -116.552822963901022, 43.523381931280198, 0.0 ], [ -116.553080107350482, 43.523409627745444, 0.0 ], [ -116.553540733140096, 43.523494897574537, 0.0 ], [ -116.554615993224132, 43.524067542026593, 0.0 ], [ -116.55510901555617, 43.524555772497237, 0.0 ], [ -116.555286784618957, 43.524711865340151, 0.0 ], [ -116.555410760437567, 43.524888003612965, 0.0 ], [ -116.555416516973906, 43.525320659455296, 0.0 ], [ -116.55663587679318, 43.526560982925332, 0.0 ], [ -116.556702129190498, 43.526712744843884, 0.0 ], [ -116.556578903727569, 43.526890288185889, 0.0 ], [ -116.556640064264201, 43.527081760684581, 0.0 ], [ -116.557399470407802, 43.529092766281366, 0.0 ], [ -116.557634466311001, 43.529484466404114, 0.0 ], [ -116.558887009348496, 43.530163992180384, 0.0 ], [ -116.559193536134387, 43.530850202758479, 0.0 ], [ -116.56027464154954, 43.531845613809672, 0.0 ], [ -116.560208513993217, 43.531954257087754, 0.0 ], [ -116.56115951196351, 43.533324274398261, 0.0 ], [ -116.561530757956277, 43.533793671703975, 0.0 ], [ -116.561762369693085, 43.533929702578092, 0.0 ], [ -116.561984819881587, 43.534390320929646, 0.0 ], [ -116.562481419136432, 43.53513417670645, 0.0 ], [ -116.562744822653045, 43.535624003851495, 0.0 ], [ -116.562992205788603, 43.535927099263709, 0.0 ], [ -116.56642583936582, 43.53794810100004, 0.0 ], [ -116.566990769782024, 43.538740617689974, 0.0 ], [ -116.567375213815538, 43.539180399802859, 0.0 ], [ -116.567843289624122, 43.539806427231127, 0.0 ], [ -116.568222293250798, 43.539843051506054, 0.0 ], [ -116.568255360129541, 43.541288410916742, 0.0 ], [ -116.568392793406574, 43.541454605338437, 0.0 ], [ -116.568583897655444, 43.541590913033907, 0.0 ], [ -116.569999955995655, 43.542337981906257, 0.0 ], [ -116.570406412354714, 43.54240390338672, 0.0 ], [ -116.570479819555288, 43.543829303505341, 0.0 ], [ -116.570528242362116, 43.544409160439528, 0.0 ], [ -116.570669424244826, 43.544850676632954, 0.0 ], [ -116.570592851740486, 43.545185581397604, 0.0 ], [ -116.570474256399166, 43.545412613305714, 0.0 ], [ -116.570368778054743, 43.545610050496173, 0.0 ], [ -116.570353343976137, 43.546465716959688, 0.0 ], [ -116.570346767974641, 43.546993476174634, 0.0 ] ] } },
{ "type": "Feature", "properties": { "OBJECTID": 65, "UNIQID": "BPP65", "OWNER": "Unknown", "MANAGER": "Unknown", "STATUS": "Proposed", "INSTALLED": null, "FTR_FUNCTN": "Pathway", "FTR_TYP": "Pathway", "OVPATHNAME": null, "SGPATHLMT": null, "SRFMATRL": null }, "geometry": { "type": "MultiLineString", "coordinates": [ [ [ -116.542771976135171, 43.526647328967528, 0.0 ], [ -116.542598289820816, 43.526637572399714, 0.0 ], [ -116.542421379475243, 43.526636204539905, 0.0 ], [ -116.542177525251205, 43.526635512694774, 0.0 ], [ -116.54201062936886, 43.526637859820283, 0.0 ], [ -116.541779928165482, 43.526641839452232, 0.0 ], [ -116.541488649124418, 43.526643856280266, 0.0 ], [ -116.541243159591659, 43.526643173762842, 0.0 ], [ -116.541084428079614, 43.526644272173044, 0.0 ], [ -116.54099436470608, 43.52664013186547, 0.0 ], [ -116.540928784093126, 43.526631059579749, 0.0 ], [ -116.540851624803693, 43.526612540466111, 0.0 ], [ -116.540739929298027, 43.526581161601626, 0.0 ], [ -116.540534508967653, 43.526515898468453, 0.0 ], [ -116.540351983163632, 43.526449284941066, 0.0 ], [ -116.540258458425583, 43.526412897734502, 0.0 ], [ -116.54016123826375, 43.526368517710743, 0.0 ], [ -116.540073812056406, 43.526323472243696, 0.0 ], [ -116.539999734525892, 43.52627771699111, 0.0 ], [ -116.539957042847121, 43.52623975231694, 0.0 ], [ -116.539894020241064, 43.526181605152637, 0.0 ], [ -116.539774014302239, 43.526072295346914, 0.0 ], [ -116.539669847870755, 43.525983547298893, 0.0 ], [ -116.539560181280393, 43.525890112401129, 0.0 ], [ -116.539388494713137, 43.525729561416888, 0.0 ], [ -116.539239483350769, 43.525597221868637, 0.0 ], [ -116.539141803494786, 43.525510968695997, 0.0 ], [ -116.539007752928711, 43.525396386685344, 0.0 ], [ -116.538915200361956, 43.525326769080756, 0.0 ], [ -116.538817801931785, 43.525261948276437, 0.0 ], [ -116.538704071379428, 43.525199620876045, 0.0 ], [ -116.538590479421359, 43.525148009251787, 0.0 ], [ -116.5384820309107, 43.525114224953107, 0.0 ], [ -116.538388463203177, 43.52509224474651, 0.0 ], [ -116.538293368888333, 43.525078611013797, 0.0 ], [ -116.538173775537402, 43.525068718676934, 0.0 ], [ -116.538065791178042, 43.52507065390396, 0.0 ], [ -116.537895672947613, 43.525076589812343, 0.0 ], [ -116.537710950525309, 43.525092152072631, 0.0 ], [ -116.537437972712851, 43.525116657036101, 0.0 ], [ -116.537255426913291, 43.525129150357238, 0.0 ], [ -116.537044596909809, 43.525146462019343, 0.0 ], [ -116.536859479676423, 43.525161661972646, 0.0 ], [ -116.536674806773149, 43.525172889033229, 0.0 ], [ -116.536577093139243, 43.525173572125283, 0.0 ], [ -116.536502858732746, 43.525166748628166, 0.0 ], [ -116.536458740968897, 43.525159992458981, 0.0 ], [ -116.536396004737369, 43.525145254241302, 0.0 ], [ -116.536333198319554, 43.525125205755039, 0.0 ], [ -116.536265654038957, 43.525092868053804, 0.0 ], [ -116.53619261974508, 43.525058331262244, 0.0 ], [ -116.536104507045877, 43.525016917656288, 0.0 ], [ -116.536028446915893, 43.524985030818726, 0.0 ], [ -116.535970854172817, 43.524968166023285, 0.0 ], [ -116.535904113584138, 43.524957018643782, 0.0 ], [ -116.535833653198395, 43.524953681043456, 0.0 ], [ -116.535763523055664, 43.524957200956152, 0.0 ], [ -116.535680571043571, 43.524969109858318, 0.0 ], [ -116.535598609640076, 43.524985958061329, 0.0 ], [ -116.535487838972358, 43.525008728008928, 0.0 ], [ -116.535387703129629, 43.525029312209774, 0.0 ], [ -116.535261176679697, 43.525059942915597, 0.0 ], [ -116.535134720909639, 43.525095556068607, 0.0 ], [ -116.535035584105472, 43.525125375547937, 0.0 ], [ -116.534933656964327, 43.525167255923456, 0.0 ], [ -116.534845270847711, 43.525205931534487, 0.0 ], [ -116.534759129967426, 43.52525177283519, 0.0 ], [ -116.534671415471124, 43.525302388313527, 0.0 ], [ -116.534587095976036, 43.525362506412002, 0.0 ], [ -116.534514277861717, 43.525426117210799, 0.0 ], [ -116.534372098042141, 43.525567606183003, 0.0 ], [ -116.534213847134424, 43.525731829761909, 0.0 ], [ -116.53411368745833, 43.525832542716856, 0.0 ], [ -116.533916818695189, 43.526027105577811, 0.0 ], [ -116.533832981857188, 43.526103901753821, 0.0 ], [ -116.533766314244019, 43.52616246972849, 0.0 ], [ -116.533686967030604, 43.52622470075913, 0.0 ], [ -116.533569438497977, 43.526289861375425, 0.0 ], [ -116.533480233755014, 43.526337547249838, 0.0 ], [ -116.533389147837767, 43.526373231124595, 0.0 ], [ -116.533304391601177, 43.526398951323984, 0.0 ], [ -116.533199954944905, 43.526422292239246, 0.0 ], [ -116.533101894730507, 43.526432489918896, 0.0 ], [ -116.533046288450237, 43.526435252496071, 0.0 ] ], [ [ -116.542771976135171, 43.526647328967528, 0.0 ], [ -116.545598398003648, 43.52680730400742, 0.0 ], [ -116.546340024467, 43.526741808413142, 0.0 ], [ -116.546816579290251, 43.526542188800875, 0.0 ], [ -116.546930418618061, 43.5264207386154, 0.0 ], [ -116.547173241497021, 43.525970356079767, 0.0 ], [ -116.547114518943616, 43.525481618006566, 0.0 ], [ -116.5467844092219, 43.52501603056735, 0.0 ], [ -116.546789329969059, 43.524599019529361, 0.0 ], [ -116.546796712833711, 43.524064566849503, 0.0 ], [ -116.546489448254263, 43.523756997590731, 0.0 ], [ -116.54608696424151, 43.522817736151083, 0.0 ], [ -116.545884832049879, 43.522491032824718, 0.0 ], [ -116.545909443767101, 43.521792555974642, 0.0 ], [ -116.545957542223775, 43.521020679801623, 0.0 ], [ -116.545924745099398, 43.520853538534311, 0.0 ], [ -116.545459434734326, 43.520186526133202, 0.0 ], [ -116.545039581352242, 43.519616029917444, 0.0 ], [ -116.545253969021104, 43.519380391916613, 0.0 ], [ -116.545622820196414, 43.518589022430653, 0.0 ], [ -116.545847716133167, 43.5184444178444, 0.0 ], [ -116.546360467154912, 43.518401647204946, 0.0 ], [ -116.546995989483563, 43.518381404592219, 0.0 ], [ -116.547634326648804, 43.518307742647849, 0.0 ], [ -116.547793227520117, 43.518034941922004, 0.0 ], [ -116.547860774616879, 43.517479359627295, 0.0 ] ], [ [ -116.542944311871565, 43.526657010026959, 0.0 ], [ -116.542771976135171, 43.526647328967528, 0.0 ] ], [ [ -116.471866699200802, 43.552346581970191, 0.0 ], [ -116.474921327842665, 43.549654888029941, 0.0 ], [ -116.475628322104811, 43.548608393506711, 0.0 ], [ -116.476338034687799, 43.547154128802774, 0.0 ], [ -116.476573437615386, 43.546717923375247, 0.0 ], [ -116.479844968082404, 43.545979980698569, 0.0 ], [ -116.481297349822967, 43.545645777628053, 0.0 ], [ -116.481779233965796, 43.545466646309741, 0.0 ], [ -116.482229266232721, 43.545155682109275, 0.0 ], [ -116.483114857053209, 43.544588856440882, 0.0 ], [ -116.483262107756133, 43.544257823158866, 0.0 ], [ -116.48309066668844, 43.543840809148463, 0.0 ], [ -116.482737461701873, 43.543402954706977, 0.0 ], [ -116.482019271757906, 43.54280239254097, 0.0 ], [ -116.481685197276605, 43.542694501351804, 0.0 ], [ -116.481002991856897, 43.542566829487221, 0.0 ], [ -116.48069863842413, 43.542414734034409, 0.0 ], [ -116.48051336363352, 43.542103635969539, 0.0 ], [ -116.480267712349587, 43.541801321365973, 0.0 ], [ -116.479795137771916, 43.541496255894657, 0.0 ], [ -116.479022469227459, 43.541391155709469, 0.0 ], [ -116.478035943705379, 43.541111364213258, 0.0 ], [ -116.477791439550927, 43.540903864529291, 0.0 ], [ -116.477849554579151, 43.540705441233797, 0.0 ], [ -116.478211936955361, 43.539385387952848, 0.0 ], [ -116.478252902577537, 43.539030421255973, 0.0 ], [ -116.478007083648961, 43.538712900558103, 0.0 ], [ -116.477428944221259, 43.538430503397095, 0.0 ], [ -116.477138554343114, 43.538179281878598, 0.0 ], [ -116.477239129565362, 43.537738523932617, 0.0 ], [ -116.477506936263509, 43.537099220876748, 0.0 ], [ -116.477872099902029, 43.536293105430026, 0.0 ], [ -116.478037792206436, 43.536237035990773, 0.0 ], [ -116.478945574477237, 43.536264260997463, 0.0 ], [ -116.47971539108751, 43.5361383173421, 0.0 ], [ -116.48006348705978, 43.536158101231344, 0.0 ], [ -116.481083776149248, 43.536734738934662, 0.0 ], [ -116.481936929318948, 43.537246420062736, 0.0 ], [ -116.483336273782342, 43.537897631680117, 0.0 ], [ -116.483695797296349, 43.53801616167955, 0.0 ], [ -116.484653485032283, 43.538010208082873, 0.0 ], [ -116.484877932936456, 43.537810712203836, 0.0 ], [ -116.485056339280959, 43.537556496558182, 0.0 ], [ -116.485114828360608, 43.537391076275057, 0.0 ], [ -116.48543241869983, 43.537389033807379, 0.0 ], [ -116.487101211687886, 43.537807402222434, 0.0 ], [ -116.487914025124653, 43.538726409417748, 0.0 ], [ -116.488323572058448, 43.53882279205628, 0.0 ], [ -116.488853707923553, 43.538885384789936, 0.0 ], [ -116.489444070078662, 43.538925580327465, 0.0 ], [ -116.490274179984027, 43.538545024994164, 0.0 ], [ -116.490953107688597, 43.538129503511399, 0.0 ], [ -116.491801495011813, 43.537523934405378, 0.0 ], [ -116.492054140352295, 43.537159196361841, 0.0 ], [ -116.492035778877579, 43.536895244591449, 0.0 ], [ -116.491910611754165, 43.536554964452591, 0.0 ], [ -116.491239399025616, 43.53608619060148, 0.0 ], [ -116.490111820135169, 43.535400307402767, 0.0 ], [ -116.489836919179993, 43.535182026986078, 0.0 ], [ -116.489826100112822, 43.535004576140039, 0.0 ], [ -116.490208259020264, 43.53462947519359, 0.0 ], [ -116.490843957920461, 43.534303671756803, 0.0 ], [ -116.491323291968811, 43.53430122363563, 0.0 ], [ -116.491627763286075, 43.53445523091991, 0.0 ], [ -116.492197553970144, 43.535287759757331, 0.0 ], [ -116.492944215045085, 43.535759005489844, 0.0 ], [ -116.493569160809926, 43.535994970623769, 0.0 ], [ -116.49460544188868, 43.536205566610569, 0.0 ], [ -116.496389082315829, 43.536690860222812, 0.0 ], [ -116.496615658383448, 43.536667374689848, 0.0 ], [ -116.498577465770452, 43.536130243683239, 0.0 ], [ -116.498936311342888, 43.53598101466271, 0.0 ], [ -116.501035064957946, 43.535978557228717, 0.0 ], [ -116.501688411660751, 43.535940947379302, 0.0 ], [ -116.503521552273895, 43.536182325339524, 0.0 ], [ -116.504291256879355, 43.536165052288268, 0.0 ], [ -116.50468258952138, 43.535852476527936, 0.0 ], [ -116.505886401592065, 43.534207809111471, 0.0 ], [ -116.505898225943895, 43.533943659001466, 0.0 ], [ -116.50578893429622, 43.53366930741398, 0.0 ], [ -116.505559213903197, 43.533439763024639, 0.0 ], [ -116.504371901104278, 43.532866845460575, 0.0 ], [ -116.504413384853834, 43.532512076313097, 0.0 ], [ -116.504501190561299, 43.532231715969687, 0.0 ], [ -116.504599134621344, 43.531641614669844, 0.0 ], [ -116.506173457122642, 43.528132264208956, 0.0 ], [ -116.506399447179618, 43.528064751717778, 0.0 ], [ -116.512941657067458, 43.527141322775051, 0.0 ], [ -116.51427922916848, 43.526956061769098, 0.0 ], [ -116.515459473084817, 43.527014183643601, 0.0 ], [ -116.515943040799229, 43.527213703745446, 0.0 ], [ -116.516314066829921, 43.528217732275039, 0.0 ], [ -116.516577023764597, 43.529116536206736, 0.0 ], [ -116.516723026845526, 43.530130564236288, 0.0 ], [ -116.516965635159423, 43.530690138976304, 0.0 ], [ -116.517363109583656, 43.530951867097833, 0.0 ], [ -116.517742163523053, 43.530963042885993, 0.0 ], [ -116.518276807729748, 43.531087951793324, 0.0 ], [ -116.519513941125709, 43.530105767720897, 0.0 ], [ -116.520603531645278, 43.529869854948558, 0.0 ], [ -116.52141872639163, 43.529482811572286, 0.0 ], [ -116.521904711053296, 43.529644575865866, 0.0 ], [ -116.522944740997673, 43.529869122594192, 0.0 ], [ -116.523422882928443, 43.530107444612426, 0.0 ], [ -116.523938958493034, 43.53050076877819, 0.0 ], [ -116.524247742302506, 43.530751037772667, 0.0 ], [ -116.524520493097839, 43.530793201783631, 0.0 ], [ -116.524909491516553, 43.530801376347561, 0.0 ], [ -116.525916696283758, 43.530539876830041, 0.0 ], [ -116.526391614432413, 43.530472427350205, 0.0 ], [ -116.52688717890527, 43.530432301891018, 0.0 ], [ -116.527238274932131, 43.530455671681153, 0.0 ], [ -116.527677200409116, 43.530540198495515, 0.0 ], [ -116.528413753559775, 43.530798714434937, 0.0 ], [ -116.52919131654545, 43.530962505468445, 0.0 ], [ -116.529741394248504, 43.531065797578876, 0.0 ], [ -116.530194473914079, 43.531018696153424, 0.0 ], [ -116.530540568228233, 43.530884296977305, 0.0 ], [ -116.530763984648601, 43.530618699481273, 0.0 ], [ -116.530986548557934, 43.530287090705905, 0.0 ], [ -116.531209818832451, 43.530010490236151, 0.0 ], [ -116.531434792900725, 43.529865914596016, 0.0 ], [ -116.531961052787054, 43.529631253659282, 0.0 ], [ -116.532380180717183, 43.529298296662404, 0.0 ], [ -116.532465592235312, 43.528821671498882, 0.0 ], [ -116.532290626600215, 43.528232692767126, 0.0 ], [ -116.532332731145615, 43.527967260503168, 0.0 ], [ -116.532464124999137, 43.527603262382577, 0.0 ], [ -116.532476685789774, 43.527405122758722, 0.0 ], [ -116.532332153333257, 43.527202500824544, 0.0 ], [ -116.53295148229617, 43.526603112810882, 0.0 ], [ -116.533133913501402, 43.526473014596469, 0.0 ] ] ] } },
{ "type": "Feature", "properties": { "OBJECTID": 66, "UNIQID": "BPP66", "OWNER": "Unknown", "MANAGER": "Unknown", "STATUS": "Proposed", "INSTALLED": null, "FTR_FUNCTN": "Pathway", "FTR_TYP": "Pathway", "OVPATHNAME": null, "SGPATHLMT": null, "SRFMATRL": null }, "geometry": { "type": "LineString", "coordinates": [ [ -116.513074881649402, 43.576069071466328, 0.0 ], [ -116.515488589971824, 43.576053178092472, 0.0 ], [ -116.515527475832144, 43.576687535721213, 0.0 ], [ -116.523095483472659, 43.580674889183328, 0.0 ], [ -116.528136146276523, 43.583323156337919, 0.0 ], [ -116.532938368059064, 43.58335925967593, 0.0 ] ] } },
{ "type": "Feature", "properties": { "OBJECTID": 67, "UNIQID": "BPP67", "OWNER": "Unknown", "MANAGER": "Unknown", "STATUS": "Proposed", "INSTALLED": null, "FTR_FUNCTN": "Pathway", "FTR_TYP": "Pathway", "OVPATHNAME": "Edwards Pathway", "SGPATHLMT": null, "SRFMATRL": null }, "geometry": { "type": "MultiLineString", "coordinates": [ [ [ -116.592857939728844, 43.55139482778479, 0.0 ], [ -116.592677489069288, 43.551510759967456, 0.0 ], [ -116.591523031259598, 43.55162709567054, 0.0 ], [ -116.591440120429652, 43.551630273960434, 0.0 ], [ -116.591385375613797, 43.551628108838152, 0.0 ], [ -116.591332323993186, 43.551620796963412, 0.0 ], [ -116.591268557269203, 43.551604578046643, 0.0 ], [ -116.591007215919362, 43.551515209196722, 0.0 ], [ -116.590426110217138, 43.551311667116437, 0.0 ], [ -116.590287831050631, 43.551267753315258, 0.0 ], [ -116.590241766932863, 43.551255254409192, 0.0 ], [ -116.590208164497255, 43.551250366200627, 0.0 ], [ -116.589605880834938, 43.551196160941188, 0.0 ], [ -116.588038390771601, 43.55105185339162, 0.0 ], [ -116.588016257784474, 43.551051921118002, 0.0 ], [ -116.587899423051766, 43.55106731885386, 0.0 ], [ -116.587843177687958, 43.551071763588958, 0.0 ], [ -116.587655467293928, 43.551075996053314, 0.0 ], [ -116.587614537606967, 43.551079156505985, 0.0 ], [ -116.58535180478961, 43.551322253580402, 0.0 ], [ -116.585296232051434, 43.551326415811815, 0.0 ], [ -116.585238984974396, 43.551330406624743, 0.0 ], [ -116.585186582316993, 43.551329598600667, 0.0 ], [ -116.585124275806592, 43.551322908625458, 0.0 ], [ -116.585071726433313, 43.551311384829148, 0.0 ], [ -116.584951745484929, 43.551277728162113, 0.0 ], [ -116.584642551151816, 43.551176387822196, 0.0 ], [ -116.58380600748383, 43.550937195742051, 0.0 ], [ -116.583654715875099, 43.550895426478853, 0.0 ], [ -116.583503518580258, 43.550853660827926, 0.0 ], [ -116.583419701517784, 43.550830455679161, 0.0 ], [ -116.583334395048126, 43.550817979017907, 0.0 ], [ -116.583270452134329, 43.550811300859074, 0.0 ], [ -116.583213315063972, 43.550809327481083, 0.0 ], [ -116.582842914142319, 43.550829879303926, 0.0 ], [ -116.582748598681178, 43.55082938268211, 0.0 ], [ -116.580966229743495, 43.550818416537091, 0.0 ], [ -116.578378555433318, 43.550813463013647, 0.0 ], [ -116.578295044833027, 43.550814113987038, 0.0 ], [ -116.578223048436229, 43.550817017290157, 0.0 ], [ -116.578142898950858, 43.550822360416262, 0.0 ], [ -116.578077547662133, 43.550832360621257, 0.0 ], [ -116.577931914818294, 43.55087657327644, 0.0 ], [ -116.57710258896671, 43.551131159637798, 0.0 ], [ -116.576984223610609, 43.55117068492838, 0.0 ], [ -116.576854707302289, 43.551223225426213, 0.0 ], [ -116.57681884732888, 43.551230553394099, 0.0 ], [ -116.576775135149646, 43.551232283601344, 0.0 ], [ -116.57670822509499, 43.551243370835792, 0.0 ] ], [ [ -116.607678783104873, 43.551495552559068, 0.0 ], [ -116.607167907423744, 43.551311939279451, 0.0 ], [ -116.607087641375628, 43.551285867000821, 0.0 ], [ -116.607025872559191, 43.551271088385775, 0.0 ], [ -116.606975986118272, 43.551262888732062, 0.0 ], [ -116.606924816224264, 43.551256603323381, 0.0 ], [ -116.606502535808644, 43.5512188052383, 0.0 ], [ -116.606107852390181, 43.551187467003814, 0.0 ], [ -116.605909828636712, 43.551169896934667, 0.0 ], [ -116.60575240415946, 43.551152022634213, 0.0 ], [ -116.605669682229816, 43.551137400122741, 0.0 ], [ -116.605597423017016, 43.551121746026524, 0.0 ], [ -116.605507977478339, 43.551094789911595, 0.0 ], [ -116.605380351705989, 43.551053829144784, 0.0 ], [ -116.605231845833174, 43.550994488331959, 0.0 ], [ -116.605169612634683, 43.55097062100802, 0.0 ], [ -116.605126233552397, 43.550959513999629, 0.0 ], [ -116.605056661678589, 43.55094860287759, 0.0 ], [ -116.6050029264579, 43.550946146888279, 0.0 ], [ -116.604515478708961, 43.550930738544849, 0.0 ], [ -116.604360848586253, 43.550925226145601, 0.0 ], [ -116.604241539087553, 43.550916591755801, 0.0 ], [ -116.604145734261891, 43.550903018218655, 0.0 ], [ -116.604060353027776, 43.5508855556388, 0.0 ], [ -116.603071688777547, 43.550621439405965, 0.0 ], [ -116.602912620237746, 43.550579757269411, 0.0 ], [ -116.602688052623307, 43.55050048671017, 0.0 ] ], [ [ -116.612629427668892, 43.557632488085794, 0.0 ], [ -116.612637167998386, 43.557807711879079, 0.0 ], [ -116.612947714112053, 43.557906346773599, 0.0 ], [ -116.613085616356386, 43.55802343152321, 0.0 ], [ -116.613706145672325, 43.558845793707974, 0.0 ], [ -116.613916319670949, 43.559127426953623, 0.0 ], [ -116.6141217823548, 43.559336229278017, 0.0 ], [ -116.614326846783371, 43.559516986644738, 0.0 ], [ -116.615782510700399, 43.560845229916183, 0.0 ], [ -116.616143449139443, 43.561136991941325, 0.0 ], [ -116.616454275582257, 43.561295908409015, 0.0 ], [ -116.616609438794356, 43.56135783938096, 0.0 ], [ -116.617266947657185, 43.56148607755128, 0.0 ], [ -116.620681637449408, 43.561579323675183, 0.0 ], [ -116.620962038915906, 43.561633282056619, 0.0 ], [ -116.621294009770608, 43.561866069491209, 0.0 ], [ -116.621428959833821, 43.562061084108123, 0.0 ], [ -116.622086868491976, 43.5644965712969, 0.0 ], [ -116.623178427375706, 43.565809130006294, 0.0 ], [ -116.623422060165723, 43.565907907972651, 0.0 ], [ -116.623837587749023, 43.565929892574985, 0.0 ], [ -116.625027904994653, 43.565694349909649, 0.0 ], [ -116.625287381723666, 43.565692363567166, 0.0 ], [ -116.625635354172005, 43.565828078794873, 0.0 ], [ -116.626217984870479, 43.566519572117421, 0.0 ], [ -116.626651616889887, 43.566713463608643, 0.0 ], [ -116.627139083021035, 43.566923583521195, 0.0 ], [ -116.62746794173205, 43.566933639860167, 0.0 ], [ -116.627761290706403, 43.566881067940272, 0.0 ], [ -116.628052445262114, 43.566677553111624, 0.0 ], [ -116.628484364311319, 43.566636495853388, 0.0 ], [ -116.628709794601264, 43.566672502434542, 0.0 ], [ -116.629824965784067, 43.567217441522317, 0.0 ], [ -116.630137079423392, 43.56726535902245, 0.0 ], [ -116.630378529508064, 43.567213179934882, 0.0 ], [ -116.630653661939434, 43.567097841821166, 0.0 ], [ -116.631031668607676, 43.566918811222656, 0.0 ], [ -116.63134286208691, 43.566903832566716, 0.0 ], [ -116.631655707882601, 43.567002059344098, 0.0 ], [ -116.632319486518213, 43.567437235298897, 0.0 ], [ -116.632821337385053, 43.567445940970828, 0.0 ], [ -116.633184430027242, 43.567430556510267, 0.0 ], [ -116.634221075011922, 43.567334483349875, 0.0 ], [ -116.639923760285384, 43.566887676712589, 0.0 ], [ -116.640165016088048, 43.566822899379389, 0.0 ], [ -116.640472685600599, 43.566568905289351, 0.0 ], [ -116.640852698568054, 43.566528204695189, 0.0 ], [ -116.643025466084083, 43.566398283956495, 0.0 ], [ -116.643828012774748, 43.566256993162213, 0.0 ], [ -116.643914854709791, 43.565851257517103, 0.0 ], [ -116.643782430512033, 43.565267210745674, 0.0 ], [ -116.643962766270818, 43.564905749714207, 0.0 ], [ -116.644454194842027, 43.564654370873477, 0.0 ], [ -116.645194494244734, 43.564491054618244, 0.0 ], [ -116.646821450878221, 43.563600679334414, 0.0 ], [ -116.647096259854024, 43.563350988204533, 0.0 ], [ -116.64687231882796, 43.56285767521954, 0.0 ], [ -116.64664248416004, 43.562316509288266, 0.0 ], [ -116.647076226316955, 43.562000955001331, 0.0 ], [ -116.648612939237111, 43.561291287624513, 0.0 ], [ -116.649276586299663, 43.559369206613866, 0.0 ] ] ] } },
{ "type": "Feature", "properties": { "OBJECTID": 68, "UNIQID": "BPP68", "OWNER": "Unknown", "MANAGER": "Unknown", "STATUS": "Proposed", "INSTALLED": null, "FTR_FUNCTN": "Pathway", "FTR_TYP": "Pathway", "OVPATHNAME": null, "SGPATHLMT": null, "SRFMATRL": null }, "geometry": { "type": "LineString", "coordinates": [ [ -116.505956037184703, 43.568727384187483, 0.0 ], [ -116.505978007524845, 43.568161104315493, 0.0 ], [ -116.505888916322135, 43.568013669466808, 0.0 ], [ -116.505011110489875, 43.567585972694488, 0.0 ], [ -116.504761821832687, 43.567418449293832, 0.0 ], [ -116.504671415974485, 43.567165291009552, 0.0 ], [ -116.504694290358344, 43.566668204327001, 0.0 ], [ -116.504748224848726, 43.566329508391298, 0.0 ], [ -116.504846436797848, 43.566043385652982, 0.0 ], [ -116.505539974370834, 43.563363806350992, 0.0 ], [ -116.506239942263406, 43.562365305383352, 0.0 ], [ -116.506308799303838, 43.562058229849022, 0.0 ], [ -116.506389283563706, 43.561518468414548, 0.0 ], [ -116.506443865745723, 43.56123263272854, 0.0 ], [ -116.506556334785103, 43.560925267515827, 0.0 ], [ -116.506596773755277, 43.560671245419826, 0.0 ], [ -116.506390066587386, 43.560418857811669, 0.0 ], [ -116.505597612361271, 43.559832003264141, 0.0 ], [ -116.505320732444915, 43.559780967236307, 0.0 ], [ -116.504115537486427, 43.559905228250337, 0.0 ], [ -116.503838789010246, 43.559864760533856, 0.0 ], [ -116.503503099438532, 43.559761242225207, 0.0 ], [ -116.503253585288888, 43.559572570332023, 0.0 ], [ -116.503017818751061, 43.559320368923963, 0.0 ], [ -116.502650688890057, 43.559026739029456, 0.0 ], [ -116.502019255152192, 43.558523383288211, 0.0 ], [ -116.50153570352731, 43.558219941839759, 0.0 ], [ -116.501274159494798, 43.558232233602894, 0.0 ], [ -116.500781853014729, 43.558394064619527, 0.0 ], [ -116.49980652375487, 43.558294734160597, 0.0 ], [ -116.497826800479828, 43.558096239287039, 0.0 ], [ -116.496227988183023, 43.556954214341452, 0.0 ], [ -116.496167230699797, 43.556743149112073, 0.0 ], [ -116.494670896512588, 43.555653298875086, 0.0 ], [ -116.493850064359194, 43.555108840027906, 0.0 ], [ -116.49378463579464, 43.554517170319173, 0.0 ], [ -116.493492082600525, 43.554371048922199, 0.0 ], [ -116.493180187403809, 43.553833847048665, 0.0 ], [ -116.492853760679509, 43.553296738691643, 0.0 ], [ -116.492246220966223, 43.552359675520016, 0.0 ], [ -116.49077172385644, 43.551851153576138, 0.0 ], [ -116.490086200911094, 43.55166527687085, 0.0 ], [ -116.488791464450628, 43.551589065895179, 0.0 ], [ -116.488266104610901, 43.55142328963467, 0.0 ], [ -116.487209850857923, 43.55063711951766, 0.0 ], [ -116.486075934235529, 43.550633852848748, 0.0 ], [ -116.485938552685596, 43.551290271627998, 0.0 ], [ -116.48560602578128, 43.551440436054918, 0.0 ], [ -116.483949311801197, 43.551482802931005, 0.0 ], [ -116.483334699643038, 43.551148406052079, 0.0 ], [ -116.482647926231223, 43.550856761247573, 0.0 ], [ -116.481606035426566, 43.550049301595664, 0.0 ], [ -116.481382759179368, 43.54961723141394, 0.0 ], [ -116.48111881943521, 43.549428602179582, 0.0 ], [ -116.480170183577684, 43.549117471089794, 0.0 ], [ -116.480036558205711, 43.54888571493003, 0.0 ], [ -116.479868504848781, 43.548210106741308, 0.0 ], [ -116.479487656221693, 43.547969355107185, 0.0 ], [ -116.478873612720093, 43.547677222442445, 0.0 ], [ -116.478289663760847, 43.547469481608431, 0.0 ], [ -116.477676139815557, 43.547219632146266, 0.0 ], [ -116.476338034687799, 43.547154128802774, 0.0 ], [ -116.475618313199831, 43.546978938969588, 0.0 ], [ -116.475359628018083, 43.546779707288422, 0.0 ], [ -116.475153225470592, 43.54653783422696, 0.0 ], [ -116.474274047603785, 43.545951309910762, 0.0 ], [ -116.473849759473111, 43.545721387352714, 0.0 ] ] } },
{ "type": "Feature", "properties": { "OBJECTID": 69, "UNIQID": "BPP69", "OWNER": "Nampa", "MANAGER": "Nampa", "STATUS": "Proposed", "INSTALLED": null, "FTR_FUNCTN": "Pathway", "FTR_TYP": "Pathway", "OVPATHNAME": "Elijah Pathway", "SGPATHLMT": null, "SRFMATRL": null }, "geometry": { "type": "MultiLineString", "coordinates": [ [ [ -116.528668674775389, 43.542794701864459, 0.0 ], [ -116.529064825408895, 43.543021015801273, 0.0 ], [ -116.529329468482828, 43.543222852315651, 0.0 ], [ -116.529446063604141, 43.543555932215206, 0.0 ], [ -116.529441460766122, 43.543703957510765, 0.0 ], [ -116.529499765240487, 43.543807747837079, 0.0 ], [ -116.529577668899634, 43.544169506306936, 0.0 ], [ -116.529641293440093, 43.544559776117737, 0.0 ], [ -116.529693282553822, 43.544931183124568, 0.0 ], [ -116.529771286239964, 43.545426727109692, 0.0 ], [ -116.529749772824616, 43.545651824227782, 0.0 ], [ -116.529817957657443, 43.545890517914074, 0.0 ], [ -116.529946907020957, 43.545886918133661, 0.0 ], [ -116.529998853171065, 43.545885468299986, 0.0 ], [ -116.530092626990125, 43.546369468386445, 0.0 ], [ -116.530267015419298, 43.546853534782507, 0.0 ], [ -116.530266991713162, 43.546969694294795, 0.0 ], [ -116.53030578830581, 43.547296435227608, 0.0 ], [ -116.530407397118694, 43.547861713424247, 0.0 ], [ -116.530409023578159, 43.547871238172291, 0.0 ], [ -116.530476830583837, 43.548268218795357, 0.0 ], [ -116.530539420056925, 43.548570658683147, 0.0 ], [ -116.530600199000617, 43.548732857214745, 0.0 ], [ -116.530631343835651, 43.548980630634425, 0.0 ], [ -116.531014445125592, 43.549291416282905, 0.0 ], [ -116.531271404377847, 43.549520593019494, 0.0 ], [ -116.532004741932639, 43.54999681372928, 0.0 ], [ -116.53231490476567, 43.550221155074325, 0.0 ], [ -116.532738337753088, 43.550400869090836, 0.0 ], [ -116.5330119651872, 43.55041902479185, 0.0 ], [ -116.53337188997223, 43.550677560834131, 0.0 ], [ -116.534066894101272, 43.551204710166488, 0.0 ], [ -116.534711475854209, 43.551695859975716, 0.0 ], [ -116.535296270891209, 43.552129599549929, 0.0 ], [ -116.535959450438583, 43.552651999768308, 0.0 ], [ -116.536250343569534, 43.55283996933192, 0.0 ], [ -116.537823104335615, 43.553268548836442, 0.0 ], [ -116.539272449515366, 43.553636838996624, 0.0 ], [ -116.53951131087311, 43.553733258371786, 0.0 ], [ -116.540293765831478, 43.553951552905652, 0.0 ], [ -116.540870180094814, 43.554062712576091, 0.0 ], [ -116.541978878213982, 43.554393882999427, 0.0 ], [ -116.542463269213187, 43.554487788543504, 0.0 ], [ -116.542827005887517, 43.554591940430889, 0.0 ], [ -116.543068069751442, 43.554855768705274, 0.0 ], [ -116.544154853215687, 43.555141599678912, 0.0 ], [ -116.545527385057511, 43.55551988243834, 0.0 ], [ -116.54598556099883, 43.555551560253647, 0.0 ], [ -116.546249856238916, 43.555517437124664, 0.0 ], [ -116.546404828257437, 43.55538292258283, 0.0 ], [ -116.546607110327173, 43.555197025368528, 0.0 ], [ -116.546910478017693, 43.555112968113832, 0.0 ], [ -116.549370618185463, 43.555848421193083, 0.0 ], [ -116.550280260805323, 43.556127567068529, 0.0 ], [ -116.550825443763557, 43.556249248222578, 0.0 ], [ -116.551234454007357, 43.556265246202507, 0.0 ], [ -116.551809920324089, 43.556274856541599, 0.0 ], [ -116.552869185908349, 43.556285574329614, 0.0 ], [ -116.553063019641783, 43.556299826355833, 0.0 ], [ -116.55826368692216, 43.556321293596802, 0.0 ] ], [ [ -116.558236748043029, 43.556326046737716, 0.0 ], [ -116.558607244957329, 43.556303414575943, 0.0 ], [ -116.559004932010595, 43.556428603048147, 0.0 ], [ -116.559433165825524, 43.556644242582038, 0.0 ], [ -116.559935161075956, 43.556891357997465, 0.0 ], [ -116.56028531110293, 43.557100395150066, 0.0 ], [ -116.561090679410967, 43.557469464711303, 0.0 ], [ -116.56146157197945, 43.557599733126857, 0.0 ], [ -116.562256579310286, 43.55801272522789, 0.0 ], [ -116.562264114827457, 43.558165507798826, 0.0 ], [ -116.562708606945392, 43.558332462705089, 0.0 ], [ -116.563058402406455, 43.558524010864794, 0.0 ], [ -116.563513251155427, 43.558781260615731, 0.0 ], [ -116.564255996116913, 43.559110882701376, 0.0 ], [ -116.564254864483232, 43.559245960350893, 0.0 ], [ -116.564585818162868, 43.559264980470758, 0.0 ], [ -116.564595973748979, 43.559473333535884, 0.0 ], [ -116.565866120194926, 43.559384112899998, 0.0 ], [ -116.566497841556597, 43.55936357007365, 0.0 ], [ -116.568599910711001, 43.559385947631966, 0.0 ], [ -116.568612492170772, 43.561400643104946, 0.0 ], [ -116.569178823092059, 43.561433996216458, 0.0 ], [ -116.57008054237572, 43.561812318223886, 0.0 ], [ -116.571108069960914, 43.562253860078982, 0.0 ], [ -116.571631844143724, 43.562399735749082, 0.0 ], [ -116.571884816181139, 43.562627720421816, 0.0 ], [ -116.572062270131994, 43.562706607915572, 0.0 ], [ -116.57274277055869, 43.563027712780546, 0.0 ], [ -116.57280905339924, 43.563037923717779, 0.0 ], [ -116.572813635522351, 43.563374578815939, 0.0 ], [ -116.572815962984649, 43.563545578537408, 0.0 ], [ -116.573087716266883, 43.563532933471123, 0.0 ], [ -116.573646284223457, 43.563534254608683, 0.0 ], [ -116.574293253418787, 43.563550969412759, 0.0 ], [ -116.574275444394715, 43.564400833405998, 0.0 ], [ -116.574537168061482, 43.564730290079432, 0.0 ], [ -116.574980517658531, 43.565443221211432, 0.0 ], [ -116.575288459071814, 43.565927325225985, 0.0 ], [ -116.575700240881815, 43.566480153772467, 0.0 ], [ -116.575710290374502, 43.566677819266317, 0.0 ], [ -116.575908713119006, 43.566676385964485, 0.0 ], [ -116.575932512630303, 43.566804475853118, 0.0 ], [ -116.576068956993353, 43.567108112186887, 0.0 ], [ -116.576517060627694, 43.567628609531596, 0.0 ], [ -116.576899468978283, 43.568181645935248, 0.0 ], [ -116.577347953556696, 43.568728858851252, 0.0 ], [ -116.577884666619738, 43.568741006255948, 0.0 ], [ -116.578134541833208, 43.568739196472947, 0.0 ], [ -116.579914010824353, 43.56879576864921, 0.0 ], [ -116.579989631326526, 43.568950203127535, 0.0 ], [ -116.580095132494222, 43.570745103453625, 0.0 ], [ -116.579946077273419, 43.571130971731876, 0.0 ], [ -116.579837277722774, 43.572307495531504, 0.0 ], [ -116.579802877924166, 43.572478760521236, 0.0 ], [ -116.579877182047639, 43.572537008484076, 0.0 ], [ -116.580377475083282, 43.572570785319328, 0.0 ], [ -116.580547252775474, 43.572622994457575, 0.0 ], [ -116.580673079113026, 43.572686210655021, 0.0 ], [ -116.580719160956491, 43.572830170320223, 0.0 ], [ -116.580609722238407, 43.572889752822107, 0.0 ], [ -116.580628677694875, 43.573734005278986, 0.0 ], [ -116.580623897731073, 43.573921088979603, 0.0 ], [ -116.580797132329266, 43.5742244519545, 0.0 ], [ -116.581944158685459, 43.574248175269133, 0.0 ], [ -116.583075822472452, 43.574223902366903, 0.0 ], [ -116.583774357107274, 43.574240186708664, 0.0 ], [ -116.584149424133372, 43.57425348345609, 0.0 ], [ -116.584170407559427, 43.57443499661607, 0.0 ], [ -116.584080729261373, 43.574707384332903, 0.0 ], [ -116.584050421851728, 43.575896438005174, 0.0 ], [ -116.584258032334631, 43.576044376128152, 0.0 ], [ -116.584432118188133, 43.576471085036033, 0.0 ], [ -116.585021344315791, 43.577186875770103, 0.0 ], [ -116.585665611157665, 43.577827533682502, 0.0 ], [ -116.58779423981423, 43.57971408444611, 0.0 ], [ -116.589488366459477, 43.581257326899774, 0.0 ], [ -116.591190600839425, 43.582705377382077, 0.0 ], [ -116.59164555284336, 43.583163974358825, 0.0 ], [ -116.592243516771219, 43.583825315643594, 0.0 ], [ -116.592573693335908, 43.584047061732072, 0.0 ], [ -116.593201966202983, 43.584302883033715, 0.0 ], [ -116.596912613139907, 43.584434029917567, 0.0 ], [ -116.598202727621327, 43.585143125814561, 0.0 ], [ -116.601221331914488, 43.588879835891085, 0.0 ], [ -116.602356574562833, 43.590281056795348, 0.0 ], [ -116.608000701109518, 43.597562968656419, 0.0 ], [ -116.608649809229846, 43.597861347208308, 0.0 ], [ -116.613087461461433, 43.599723826443359, 0.0 ], [ -116.613219733739967, 43.599712450353671, 0.0 ] ] ] } },
{ "type": "Feature", "properties": { "OBJECTID": 71, "UNIQID": "BPP71", "OWNER": "Unknown", "MANAGER": "Unknown", "STATUS": "Proposed", "INSTALLED": null, "FTR_FUNCTN": "Pathway", "FTR_TYP": "Pathway", "OVPATHNAME": null, "SGPATHLMT": null, "SRFMATRL": null }, "geometry": { "type": "LineString", "coordinates": [ [ -116.547480089030842, 43.574719959772111, 0.0 ], [ -116.547143574209358, 43.574765538273361, 0.0 ], [ -116.546663830102673, 43.574869396313353, 0.0 ], [ -116.546083648898474, 43.575066737293035, 0.0 ], [ -116.545350495963874, 43.575371971450139, 0.0 ], [ -116.545016744171392, 43.575554371433874, 0.0 ], [ -116.544601673404216, 43.575831663078546, 0.0 ], [ -116.544152627489225, 43.576216378337811, 0.0 ], [ -116.543670727180327, 43.576794261914749, 0.0 ], [ -116.543394988770956, 43.577353562067984, 0.0 ], [ -116.543217357964537, 43.577749252234227, 0.0 ], [ -116.543150814435293, 43.578071282975152, 0.0 ], [ -116.543108195809012, 43.5784188729166, 0.0 ], [ -116.543103527570551, 43.580309731274667, 0.0 ], [ -116.543117890390519, 43.581853162047906, 0.0 ], [ -116.543171907217058, 43.583271976665827, 0.0 ], [ -116.543186287106735, 43.585265602999243, 0.0 ], [ -116.543169123984782, 43.587402365445783, 0.0 ], [ -116.543195339385292, 43.589997598505477, 0.0 ], [ -116.543222515679787, 43.592066879878843, 0.0 ], [ -116.543221502658866, 43.59318737381134, 0.0 ], [ -116.543423013904132, 43.595952889409496, 0.0 ], [ -116.543582264177147, 43.597895483045846, 0.0 ], [ -116.543628128008464, 43.598392523180877, 0.0 ], [ -116.543706681053393, 43.59958106446441, 0.0 ], [ -116.543758308613548, 43.599917995158684, 0.0 ], [ -116.543872814691056, 43.600849031432652, 0.0 ], [ -116.543985199189294, 43.60281481557633, 0.0 ], [ -116.543837950107516, 43.603581883412417, 0.0 ], [ -116.543565613625503, 43.604368646044726, 0.0 ], [ -116.543155484875768, 43.605048908131749, 0.0 ], [ -116.543599781237191, 43.605055912157049, 0.0 ], [ -116.543978391630759, 43.605684536782924, 0.0 ] ] } },
{ "type": "Feature", "properties": { "OBJECTID": 72, "UNIQID": "BPP72", "OWNER": "Unknown", "MANAGER": "Unknown", "STATUS": "Proposed", "INSTALLED": null, "FTR_FUNCTN": "Pathway", "FTR_TYP": "Pathway", "OVPATHNAME": "Stoddard Pathway", "SGPATHLMT": null, "SRFMATRL": null }, "geometry": { "type": "LineString", "coordinates": [ [ -116.539787071514311, 43.526016359824133, 0.0 ], [ -116.539768343546029, 43.523225675906332, 0.0 ], [ -116.539507642443994, 43.520957109730617, 0.0 ], [ -116.53876947, 43.51751460820315, 0.0 ], [ -116.537060438004872, 43.51011459651599, 0.0 ] ] } },
{ "type": "Feature", "properties": { "OBJECTID": 73, "UNIQID": "BPP73", "OWNER": "Unknown", "MANAGER": "Unknown", "STATUS": "Proposed", "INSTALLED": null, "FTR_FUNCTN": "Pathway", "FTR_TYP": "Pathway", "OVPATHNAME": null, "SGPATHLMT": null, "SRFMATRL": null }, "geometry": { "type": "MultiLineString", "coordinates": [ [ [ -116.473811036565138, 43.612063537230995, 0.0 ], [ -116.481107917764021, 43.612140605227516, 0.0 ], [ -116.493517159806885, 43.612212572657448, 0.0 ], [ -116.493857205328055, 43.612219860226567, 0.0 ], [ -116.496916909029068, 43.612228411671801, 0.0 ], [ -116.503088733044848, 43.612254421493979, 0.0 ], [ -116.503364238512717, 43.61232860773876, 0.0 ], [ -116.503535980616448, 43.612469979142283, 0.0 ] ], [ [ -116.503535980616448, 43.612469979142283, 0.0 ], [ -116.503520852608318, 43.610331739813688, 0.0 ] ], [ [ -116.503535980616448, 43.612469979142283, 0.0 ], [ -116.503578328766693, 43.61586127641646, 0.0 ], [ -116.503657609818617, 43.615927254621354, 0.0 ], [ -116.504429624416559, 43.615969663666974, 0.0 ], [ -116.504391942979694, 43.616093415222053, 0.0 ], [ -116.504719886207425, 43.61617675271323, 0.0 ], [ -116.508400460327309, 43.617710427926312, 0.0 ], [ -116.512305665272123, 43.61941349141081, 0.0 ], [ -116.512961129558533, 43.619542121099897, 0.0 ], [ -116.516177747207635, 43.619520607406443, 0.0 ], [ -116.516533205053804, 43.619708228940233, 0.0 ], [ -116.516638655406354, 43.619774022603281, 0.0 ], [ -116.517257805256648, 43.620130876365756, 0.0 ], [ -116.518020070517409, 43.620429764247135, 0.0 ], [ -116.520175062192976, 43.621241783313209, 0.0 ], [ -116.521844954426214, 43.621952535625603, 0.0 ], [ -116.522962027375456, 43.622381996663108, 0.0 ], [ -116.523185054516333, 43.622437489437857, 0.0 ], [ -116.523328893878201, 43.622436516460411, 0.0 ], [ -116.523903275137513, 43.622356627954062, 0.0 ], [ -116.524333329426085, 43.622239713588748, 0.0 ], [ -116.52727949916941, 43.621516704263961, 0.0 ], [ -116.527855092191174, 43.62153178941098, 0.0 ], [ -116.530571916140275, 43.622292286456151, 0.0 ], [ -116.533067126978068, 43.62310173928833, 0.0 ], [ -116.533266231885662, 43.623328379340677, 0.0 ], [ -116.533542441096159, 43.623449989127238, 0.0 ], [ -116.535594158836702, 43.625345446642356, 0.0 ], [ -116.53882578401425, 43.628448754308053, 0.0 ], [ -116.540046225278743, 43.62876333242594, 0.0 ], [ -116.541673459111166, 43.629179583180466, 0.0 ], [ -116.54208123724122, 43.629357261883463, 0.0 ], [ -116.54315090158498, 43.630138360611824, 0.0 ], [ -116.543848904873272, 43.630504022964566, 0.0 ], [ -116.545341170618215, 43.630598152259886, 0.0 ], [ -116.546099944838843, 43.630611870782879, 0.0 ], [ -116.548270511440194, 43.630568232824373, 0.0 ], [ -116.551579237200258, 43.630545079222529, 0.0 ], [ -116.551893865030806, 43.630599873498902, 0.0 ], [ -116.552116822128596, 43.630645810483415, 0.0 ], [ -116.553187017695294, 43.631455311293202, 0.0 ], [ -116.553423562604365, 43.631539150870587, 0.0 ], [ -116.557551216753012, 43.633087094920036, 0.0 ], [ -116.558221911516497, 43.633357860615398, 0.0 ], [ -116.558865563218262, 43.633562311303017, 0.0 ], [ -116.559785528558791, 43.633888304591537, 0.0 ], [ -116.562231490235732, 43.633889951409408, 0.0 ], [ -116.562651031026462, 43.633962970822459, 0.0 ], [ -116.562940810894276, 43.634112912789355, 0.0 ], [ -116.563086597945258, 43.634254378618436, 0.0 ], [ -116.563378044743629, 43.634527810912687, 0.0 ], [ -116.564158926603341, 43.635206264446957, 0.0 ], [ -116.564435251753352, 43.635327798418039, 0.0 ], [ -116.566122049746738, 43.635287267967364, 0.0 ], [ -116.569545501537476, 43.635025269889262, 0.0 ], [ -116.570433959713554, 43.634952396086469, 0.0 ], [ -116.571112248227578, 43.634814522863195, 0.0 ], [ -116.571358675469327, 43.63466075009088, 0.0 ], [ -116.571757903625226, 43.634201872750886, 0.0 ], [ -116.572336729094019, 43.633485196714197, 0.0 ], [ -116.573006830559848, 43.632748861139937, 0.0 ], [ -116.573109545989794, 43.632676451659506, 0.0 ], [ -116.573378142199061, 43.632689074675497, 0.0 ] ] ] } },
{ "type": "Feature", "properties": { "OBJECTID": 74, "UNIQID": "BPP74", "OWNER": "Nampa", "MANAGER": "Nampa", "STATUS": "Proposed", "INSTALLED": null, "FTR_FUNCTN": "Pathway", "FTR_TYP": "Pathway", "OVPATHNAME": "Tenmile Creek Pathway", "SGPATHLMT": null, "SRFMATRL": null }, "geometry": { "type": "LineString", "coordinates": [ [ -116.519179901894873, 43.626770249032305, 0.0 ], [ -116.519005931874972, 43.626872039631508, 0.0 ], [ -116.519854578599464, 43.628700128198545, 0.0 ], [ -116.520028650889756, 43.629025161212454, 0.0 ], [ -116.520985203816593, 43.629794552431036, 0.0 ], [ -116.522135856600997, 43.630553808089623, 0.0 ], [ -116.523199996550176, 43.631190208522931, 0.0 ], [ -116.525671696752056, 43.632733956586044, 0.0 ], [ -116.52630793310567, 43.633126373213976, 0.0 ], [ -116.528219953236189, 43.633615904527922, 0.0 ], [ -116.52929167791693, 43.633890726758565, 0.0 ], [ -116.52956017978444, 43.634003509027409, 0.0 ], [ -116.529706968252867, 43.634090671345618, 0.0 ], [ -116.530166086364545, 43.634863376782285, 0.0 ], [ -116.530533292737658, 43.63509891077932, 0.0 ], [ -116.530983638961246, 43.635192814827157, 0.0 ], [ -116.533051375869562, 43.635513689868809, 0.0 ], [ -116.533403939797751, 43.635555355916914, 0.0 ], [ -116.53675749303855, 43.635805630764544, 0.0 ], [ -116.537219990610183, 43.635899426584466, 0.0 ], [ -116.537489323166483, 43.636073898298775, 0.0 ], [ -116.537711441191746, 43.637280205997072, 0.0 ], [ -116.538238947143441, 43.639560000125314, 0.0 ], [ -116.538407121318627, 43.640352310515318, 0.0 ], [ -116.538616360740349, 43.640571275546144, 0.0 ], [ -116.539104214019389, 43.640744235533376, 0.0 ], [ -116.54310390332283, 43.642100719561746, 0.0 ], [ -116.543677450022741, 43.642325962642687, 0.0 ], [ -116.5443998062307, 43.642788210958884, 0.0 ], [ -116.545098593531506, 43.643303515861497, 0.0 ], [ -116.545587883333596, 43.643582233480402, 0.0 ], [ -116.546086638361956, 43.643658107869825, 0.0 ], [ -116.547653183019406, 43.643691268891502, 0.0 ], [ -116.547932736410175, 43.643715767350201, 0.0 ], [ -116.549375336849593, 43.644472708225372, 0.0 ], [ -116.550463233185624, 43.645029340030362, 0.0 ], [ -116.553250773389664, 43.646490928216323, 0.0 ], [ -116.553532573418664, 43.6466829062364, 0.0 ], [ -116.55415544206717, 43.647868730535578, 0.0 ], [ -116.554109904844992, 43.64804371391876, 0.0 ], [ -116.554570681628618, 43.648197505267611, 0.0 ], [ -116.555244069992142, 43.64856869215761, 0.0 ], [ -116.555607227561723, 43.648747724428958, 0.0 ], [ -116.555644611479806, 43.648823181143058, 0.0 ], [ -116.555834668558944, 43.648890518355486, 0.0 ], [ -116.556007679742024, 43.648952691846226, 0.0 ], [ -116.556102932351138, 43.64900308745591, 0.0 ], [ -116.557255350149063, 43.649664306653868, 0.0 ], [ -116.558003328967132, 43.650144258752029, 0.0 ], [ -116.55886653108179, 43.651177497753224, 0.0 ], [ -116.559426453505878, 43.651777731988687, 0.0 ], [ -116.559957323222065, 43.652140246341411, 0.0 ], [ -116.560626491249351, 43.652526821950339, 0.0 ], [ -116.561816082301405, 43.653138229077157, 0.0 ], [ -116.563270791806389, 43.653904266298859, 0.0 ] ] } },
{ "type": "Feature", "properties": { "OBJECTID": 75, "UNIQID": "BPP75", "OWNER": "Unknown", "MANAGER": "Unknown", "STATUS": "Proposed", "INSTALLED": null, "FTR_FUNCTN": "Pathway", "FTR_TYP": "Pathway", "OVPATHNAME": null, "SGPATHLMT": null, "SRFMATRL": null }, "geometry": { "type": "LineString", "coordinates": [ [ -116.505203305106804, 43.499994093013278, 0.0 ], [ -116.504663210838714, 43.501450105413348, 0.0 ], [ -116.50436269508532, 43.501546212852858, 0.0 ], [ -116.501991126376751, 43.501467710882686, 0.0 ], [ -116.501045688253043, 43.501693549430399, 0.0 ], [ -116.500919893639917, 43.501976750440306, 0.0 ], [ -116.501286078815667, 43.503699966182857, 0.0 ], [ -116.501851827165353, 43.504135496723556, 0.0 ], [ -116.502243234070477, 43.504415296891061, 0.0 ], [ -116.50311732870874, 43.505382165561002, 0.0 ], [ -116.503165501449232, 43.505789721836408, 0.0 ], [ -116.503113622690691, 43.508551058205953, 0.0 ], [ -116.503377704604972, 43.508988566530093, 0.0 ], [ -116.504246025252328, 43.50948484013194, 0.0 ], [ -116.505159028668473, 43.510106311787716, 0.0 ], [ -116.506068134441648, 43.51041405279323, 0.0 ], [ -116.505942737412511, 43.510728630995231, 0.0 ], [ -116.505090030228331, 43.511487263459401, 0.0 ], [ -116.504758089732718, 43.512524826270592, 0.0 ], [ -116.504042865900985, 43.513941415565718, 0.0 ], [ -116.503489890723145, 43.51454118415635, 0.0 ], [ -116.503279049901167, 43.514940837582742, 0.0 ] ] } },
{ "type": "Feature", "properties": { "OBJECTID": 77, "UNIQID": "BPP77", "OWNER": "Unknown", "MANAGER": "Unknown", "STATUS": "Proposed", "INSTALLED": null, "FTR_FUNCTN": "Pathway", "FTR_TYP": "Pathway", "OVPATHNAME": null, "SGPATHLMT": null, "SRFMATRL": null }, "geometry": { "type": "LineString", "coordinates": [ [ -116.581985789097146, 43.619420650274826, 0.0 ], [ -116.582456755097539, 43.619956081899971, 0.0 ], [ -116.582774918151145, 43.620299053368399, 0.0 ], [ -116.585342485908129, 43.621850408015391, 0.0 ], [ -116.585641796747581, 43.622084808744724, 0.0 ], [ -116.585514330707028, 43.623569796187454, 0.0 ], [ -116.58575563514556, 43.623890652594866, 0.0 ], [ -116.588382330958069, 43.627549294429947, 0.0 ], [ -116.588377225438165, 43.631442283906011, 0.0 ], [ -116.588440627439965, 43.631742931711472, 0.0 ], [ -116.590041019738067, 43.63396801476128, 0.0 ], [ -116.590313197550302, 43.634374666873398, 0.0 ], [ -116.592855109009079, 43.638270409658098, 0.0 ], [ -116.59339172424464, 43.638524547317921, 0.0 ] ] } },
{ "type": "Feature", "properties": { "OBJECTID": 78, "UNIQID": "BPP78", "OWNER": "Unknown", "MANAGER": "Nampa", "STATUS": "Pending", "INSTALLED": null, "FTR_FUNCTN": "Pathway", "FTR_TYP": "Pathway", "OVPATHNAME": "Grimes Creek Pathway", "SGPATHLMT": "Birch Ln to 11th Ave N", "SRFMATRL": null }, "geometry": { "type": "LineString", "coordinates": [ [ -116.541700599559988, 43.607892850784474, 0.0 ], [ -116.541321498731392, 43.607488196282077, 0.0 ], [ -116.541196892166681, 43.607355189205876, 0.0 ], [ -116.541085433910368, 43.607304974811804, 0.0 ], [ -116.540932147622215, 43.607319114952489, 0.0 ], [ -116.53757028532759, 43.609091770343028, 0.0 ], [ -116.537206790208529, 43.609354881528844, 0.0 ], [ -116.537065362456389, 43.609439013662126, 0.0 ], [ -116.536187191938851, 43.609858492474942, 0.0 ], [ -116.535597804910267, 43.610104508782783, 0.0 ], [ -116.535106186432955, 43.610307936182039, 0.0 ], [ -116.535020346475818, 43.610360919190647, 0.0 ], [ -116.534838500298676, 43.610491723989803, 0.0 ], [ -116.534674276190799, 43.610566202979797, 0.0 ], [ -116.534273451956892, 43.610694698694935, 0.0 ], [ -116.534068257827087, 43.610739093632702, 0.0 ], [ -116.533330904729993, 43.610869783014849, 0.0 ] ] } },
{ "type": "Feature", "properties": { "OBJECTID": 79, "UNIQID": "BPP79", "OWNER": "Unknown", "MANAGER": "Unknown", "STATUS": "Proposed", "INSTALLED": null, "FTR_FUNCTN": "Pathway", "FTR_TYP": "Pathway", "OVPATHNAME": null, "SGPATHLMT": null, "SRFMATRL": null }, "geometry": { "type": "LineString", "coordinates": [ [ -116.542937430058942, 43.565097362185831, 0.0 ], [ -116.54182764587577, 43.565103760665451, 0.0 ], [ -116.541772840454072, 43.565238393328578, 0.0 ] ] } },
{ "type": "Feature", "properties": { "OBJECTID": 80, "UNIQID": "BPP80", "OWNER": "Unknown", "MANAGER": "Unknown", "STATUS": "Proposed", "INSTALLED": null, "FTR_FUNCTN": "Pathway", "FTR_TYP": "Pathway", "OVPATHNAME": null, "SGPATHLMT": null, "SRFMATRL": null }, "geometry": { "type": "LineString", "coordinates": [ [ -116.529198920146129, 43.568535103868733, 0.0 ], [ -116.529361634792266, 43.568689203331857, 0.0 ], [ -116.529474833576288, 43.568689289391159, 0.0 ] ] } },
{ "type": "Feature", "properties": { "OBJECTID": 81, "UNIQID": "BPP81", "OWNER": "Unknown", "MANAGER": "Unknown", "STATUS": "Proposed", "INSTALLED": null, "FTR_FUNCTN": "Pathway", "FTR_TYP": "Pathway", "OVPATHNAME": null, "SGPATHLMT": null, "SRFMATRL": null }, "geometry": { "type": "LineString", "coordinates": [ [ -116.528172561548274, 43.567942431807005, 0.0 ], [ -116.527936821487415, 43.567776901042599, 0.0 ], [ -116.527689425042865, 43.567557179346274, 0.0 ], [ -116.526589696369925, 43.565877803195924, 0.0 ], [ -116.526522909535856, 43.565806412349865, 0.0 ], [ -116.524732793375989, 43.564626191562667, 0.0 ], [ -116.524659563304553, 43.56459265622501, 0.0 ], [ -116.52430905807293, 43.564428654252531, 0.0 ], [ -116.52423748060086, 43.564388805741224, 0.0 ], [ -116.523906614836392, 43.564133918069828, 0.0 ], [ -116.523274540797289, 43.563502938469867, 0.0 ], [ -116.523135991513499, 43.563376571250238, 0.0 ], [ -116.522919152136069, 43.563362912806326, 0.0 ] ] } },
{ "type": "Feature", "properties": { "OBJECTID": 82, "UNIQID": "BPP82", "OWNER": "Unknown", "MANAGER": "Unknown", "STATUS": "Proposed", "INSTALLED": null, "FTR_FUNCTN": "Pathway", "FTR_TYP": "Pathway", "OVPATHNAME": "Wilson Creek Pathway", "SGPATHLMT": "Lone Star Rd to Upper Embankment Drain", "SRFMATRL": null }, "geometry": { "type": "LineString", "coordinates": [ [ -116.615880305274587, 43.575843869476863, 0.0 ], [ -116.615891398791518, 43.575993449888301, 0.0 ], [ -116.615913680482336, 43.576299116893487, 0.0 ], [ -116.615601660717189, 43.576386072428022, 0.0 ], [ -116.615292901140307, 43.576700753420873, 0.0 ], [ -116.615214870004891, 43.576877036983028, 0.0 ], [ -116.615603149559746, 43.577114862489587, 0.0 ], [ -116.616343360695581, 43.577551740791336, 0.0 ], [ -116.617100640965106, 43.577929921682603, 0.0 ], [ -116.61751690519344, 43.578245613113282, 0.0 ], [ -116.618266279248289, 43.578695425844458, 0.0 ], [ -116.619304776435655, 43.579331740356594, 0.0 ], [ -116.620623745849244, 43.580174138904248, 0.0 ], [ -116.621129545252543, 43.580489136020617, 0.0 ], [ -116.621501847508441, 43.580857205725039, 0.0 ], [ -116.622084612026441, 43.581542519063575, 0.0 ], [ -116.622186728157985, 43.581795518422837, 0.0 ], [ -116.623189689479744, 43.583063261648093, 0.0 ], [ -116.623344575773331, 43.583250785063214, 0.0 ], [ -116.624265806115261, 43.584434550392615, 0.0 ], [ -116.625523912357224, 43.586006156175657, 0.0 ], [ -116.626609842578986, 43.587429404819751, 0.0 ], [ -116.627139399465975, 43.588141128006178, 0.0 ], [ -116.627422368660106, 43.588516370173778, 0.0 ], [ -116.627841880750836, 43.58904673416378, 0.0 ], [ -116.627708556155014, 43.589112829568826, 0.0 ], [ -116.628754944862237, 43.590296429874037, 0.0 ], [ -116.628766981019268, 43.590484210171716, 0.0 ], [ -116.628967324246517, 43.590716926337755, 0.0 ], [ -116.631966876734353, 43.593199069529035, 0.0 ], [ -116.632792156183669, 43.593921497599403, 0.0 ], [ -116.633125379185685, 43.594055573107077, 0.0 ], [ -116.633297371855676, 43.594184386646894, 0.0 ], [ -116.635243162444198, 43.59621908092587, 0.0 ], [ -116.635480790654171, 43.596549104524669, 0.0 ], [ -116.636109106641072, 43.597266526756883, 0.0 ], [ -116.637881352483234, 43.599055248378804, 0.0 ], [ -116.639501213541763, 43.600825606156043, 0.0 ], [ -116.63982563263842, 43.600966238215548, 0.0 ], [ -116.643360914239423, 43.602164206751759, 0.0 ], [ -116.644033109367385, 43.602432321719292, 0.0 ] ] } },
{ "type": "Feature", "properties": { "OBJECTID": 83, "UNIQID": "BPP83", "OWNER": "Unknown", "MANAGER": "Unknown", "STATUS": "Proposed", "INSTALLED": null, "FTR_FUNCTN": "Pathway", "FTR_TYP": "Pathway", "OVPATHNAME": "Wilson Creek Pathway", "SGPATHLMT": "Roosevelt Ave to Middleton Rd", "SRFMATRL": null }, "geometry": { "type": "LineString", "coordinates": [ [ -116.57670822509499, 43.551243370835792, 0.0 ], [ -116.576849746141036, 43.551286880674368, 0.0 ], [ -116.576961072034337, 43.55134208344478, 0.0 ], [ -116.577061416788794, 43.551414004208517, 0.0 ], [ -116.577141291520292, 43.551475737841862, 0.0 ], [ -116.577439067469967, 43.551708826814284, 0.0 ], [ -116.577504307413406, 43.551758628846336, 0.0 ], [ -116.577552987625978, 43.55179578975342, 0.0 ], [ -116.577590986108476, 43.551824797295161, 0.0 ], [ -116.577804644323507, 43.55198277095743, 0.0 ], [ -116.577839498580062, 43.55200854185891, 0.0 ], [ -116.577890233578586, 43.552115674525091, 0.0 ], [ -116.577986487876501, 43.552318927723945, 0.0 ], [ -116.578058433848966, 43.552471922459397, 0.0 ], [ -116.578092058857138, 43.552598688983359, 0.0 ], [ -116.578083253588886, 43.552842832013276, 0.0 ], [ -116.578049243982406, 43.553052784832545, 0.0 ], [ -116.578048929678928, 43.553077463807554, 0.0 ], [ -116.578048251615712, 43.553130621507883, 0.0 ], [ -116.578046606637628, 43.553259678645887, 0.0 ], [ -116.578052211842632, 43.553390379088384, 0.0 ], [ -116.578061820934963, 43.553614457426526, 0.0 ], [ -116.578064211552302, 43.553670189731761, 0.0 ], [ -116.578119365203946, 43.553941246488677, 0.0 ], [ -116.578144201928595, 43.554265055416764, 0.0 ] ] } },
{ "type": "Feature", "properties": { "OBJECTID": 84, "UNIQID": "BPP84", "OWNER": "Unknown", "MANAGER": "Unknown", "STATUS": "Proposed", "INSTALLED": null, "FTR_FUNCTN": "Pathway", "FTR_TYP": "Pathway", "OVPATHNAME": null, "SGPATHLMT": null, "SRFMATRL": null }, "geometry": { "type": "MultiLineString", "coordinates": [ [ [ -116.54927534647976, 43.571644207959103, 0.0 ], [ -116.548644286328226, 43.572179772837906, 0.0 ], [ -116.548674460977438, 43.572379741997906, 0.0 ], [ -116.548798080635464, 43.572567048037627, 0.0 ], [ -116.54894319529096, 43.572714166652098, 0.0 ], [ -116.549460128070962, 43.57307888491507, 0.0 ], [ -116.550510214214285, 43.573784178529202, 0.0 ], [ -116.551038178190097, 43.574148811430696, 0.0 ], [ -116.552105137994303, 43.574877993333665, 0.0 ], [ -116.552560635314165, 43.575175066352386, 0.0 ], [ -116.55460585871235, 43.576581970188151, 0.0 ], [ -116.554867058501628, 43.576760293715992, 0.0 ], [ -116.555688062352942, 43.577308868718077, 0.0 ] ], [ [ -116.55782989227086, 43.578753930836676, 0.0 ], [ -116.557962328158908, 43.578848356488393, 0.0 ], [ -116.558823673016263, 43.57942679179277, 0.0 ], [ -116.559068216340464, 43.579593212352989, 0.0 ], [ -116.559857349536841, 43.580124107294438, 0.0 ], [ -116.560085379213589, 43.580290642636989, 0.0 ], [ -116.560941149305719, 43.580861093011734, 0.0 ], [ -116.561141273940038, 43.580999799161233, 0.0 ], [ -116.561974929812379, 43.581562392116552, 0.0 ], [ -116.562180673754341, 43.58170906391409, 0.0 ], [ -116.56250340774578, 43.581954993716899, 0.0 ], [ -116.563003766009615, 43.582303753026821, 0.0 ], [ -116.564015189162347, 43.5829771674696, 0.0 ], [ -116.564276551018565, 43.583163475500776, 0.0 ], [ -116.564965463366448, 43.583606969018298, 0.0 ], [ -116.565372928201185, 43.583600059856749, 0.0 ], [ -116.565402461971786, 43.58374798245233, 0.0 ], [ -116.566469439767005, 43.584453007390891, 0.0 ], [ -116.56684182518481, 43.584702573881259, 0.0 ], [ -116.568898933788432, 43.586125147228081, 0.0 ], [ -116.570138461594823, 43.586957016089684, 0.0 ], [ -116.572213187753107, 43.588343977047735, 0.0 ] ] ] } },
{ "type": "Feature", "properties": { "OBJECTID": 85, "UNIQID": "BPP85", "OWNER": "Unknown", "MANAGER": "Nampa", "STATUS": "Pending", "INSTALLED": null, "FTR_FUNCTN": "Pathway", "FTR_TYP": "Pathway", "OVPATHNAME": "Orr Pathway", "SGPATHLMT": "South Fork Park to Edwards Pathway", "SRFMATRL": null }, "geometry": { "type": "LineString", "coordinates": [ [ -116.602116974260866, 43.553710740976292, 0.0 ], [ -116.602696216689182, 43.553708899264535, 0.0 ], [ -116.602696067655842, 43.553470034715204, 0.0 ], [ -116.6026695758773, 43.552540713616501, 0.0 ], [ -116.602604276390338, 43.550733488359512, 0.0 ], [ -116.602566405066128, 43.550615274917021, 0.0 ], [ -116.602382088563871, 43.550564924973472, 0.0 ], [ -116.602382936080929, 43.550443908755781, 0.0 ] ] } },
{ "type": "Feature", "properties": { "OBJECTID": 86, "UNIQID": "BPP86", "OWNER": "Nampa", "MANAGER": "Nampa", "STATUS": "Pending", "INSTALLED": null, "FTR_FUNCTN": "Pathway", "FTR_TYP": "Pathway", "OVPATHNAME": "Orr Pathway", "SGPATHLMT": "Roosevelt Ave to Lake Lowell Ave", "SRFMATRL": null }, "geometry": { "type": "LineString", "coordinates": [ [ -116.604756074380987, 43.561396021087198, 0.0 ], [ -116.604856091253509, 43.56161393549953, 0.0 ], [ -116.604979108032268, 43.561790524553182, 0.0 ], [ -116.607355452234643, 43.564195445562262, 0.0 ], [ -116.60750562248468, 43.56434035026296, 0.0 ], [ -116.607675590207378, 43.564504355188326, 0.0 ], [ -116.607767415606077, 43.56463954394593, 0.0 ], [ -116.607831568541528, 43.56478706661521, 0.0 ], [ -116.607856985468061, 43.564916432972936, 0.0 ], [ -116.607865478367714, 43.565083642015317, 0.0 ], [ -116.607884223157484, 43.567574046405774, 0.0 ], [ -116.607926578042822, 43.567789021442294, 0.0 ], [ -116.607979696137491, 43.567891268210225, 0.0 ], [ -116.60798162115907, 43.567893714674774, 0.0 ], [ -116.608436328354941, 43.568511807406885, 0.0 ], [ -116.608512650900835, 43.568581489971493, 0.0 ], [ -116.608562182451919, 43.568609696614978, 0.0 ], [ -116.608587359762652, 43.568728237052483, 0.0 ] ] } },
{ "type": "Feature", "properties": { "OBJECTID": 87, "UNIQID": "BPP87", "OWNER": "Nampa", "MANAGER": "Nampa", "STATUS": "Proposed", "INSTALLED": null, "FTR_FUNCTN": "Pathway", "FTR_TYP": "Pathway", "OVPATHNAME": "Joseph Pathway", "SGPATHLMT": null, "SRFMATRL": null }, "geometry": { "type": "MultiLineString", "coordinates": [ [ [ -116.596281932608505, 43.577767216161789, 0.0 ], [ -116.59653485239599, 43.578213658169723, 0.0 ], [ -116.596846528115705, 43.578771683349913, 0.0 ], [ -116.597044106041949, 43.579120428136406, 0.0 ], [ -116.597218323197808, 43.579388528197185, 0.0 ], [ -116.597346718214112, 43.57955998682062, 0.0 ], [ -116.597533491306962, 43.579666359244847, 0.0 ], [ -116.597824541013509, 43.579809671874905, 0.0 ], [ -116.59818692578601, 43.579786436007865, 0.0 ] ], [ [ -116.600549559225186, 43.583329229363898, 0.0 ], [ -116.600814860680401, 43.583747504727903, 0.0 ], [ -116.600981629368761, 43.583930615304929, 0.0 ], [ -116.60103463633196, 43.58409068991169, 0.0 ], [ -116.601151113991179, 43.584466969496894, 0.0 ], [ -116.601575051108483, 43.585622193655077, 0.0 ], [ -116.601598575661555, 43.585713611046017, 0.0 ], [ -116.601587551243753, 43.585983083886369, 0.0 ], [ -116.601405808660516, 43.588338913144412, 0.0 ], [ -116.601399915560791, 43.588446712913814, 0.0 ], [ -116.601127635357855, 43.588763857551733, 0.0 ] ] ] } },
{ "type": "Feature", "properties": { "OBJECTID": 88, "UNIQID": "BPP88", "OWNER": "Nampa", "MANAGER": "Nampa", "STATUS": "Proposed", "INSTALLED": null, "FTR_FUNCTN": "Pathway", "FTR_TYP": "Pathway", "OVPATHNAME": "Mason Creek Pathway", "SGPATHLMT": null, "SRFMATRL": null }, "geometry": { "type": "MultiLineString", "coordinates": [ [ [ -116.517190701439304, 43.576148416477459, 0.0 ], [ -116.516516818851713, 43.575355637512594, 0.0 ], [ -116.516147647756171, 43.574923712664607, 0.0 ], [ -116.515796597332951, 43.574554621884502, 0.0 ], [ -116.51569943907748, 43.574404176816763, 0.0 ], [ -116.515651405663675, 43.573346829286507, 0.0 ], [ -116.514352569932541, 43.573349225161415, 0.0 ], [ -116.513183768305339, 43.573363329084096, 0.0 ], [ -116.512880327424256, 43.573333876460318, 0.0 ], [ -116.512403958364956, 43.573324462592922, 0.0 ], [ -116.511941968799945, 43.573082012125482, 0.0 ], [ -116.510385100508302, 43.571845838996452, 0.0 ], [ -116.509878842878209, 43.570835604929506, 0.0 ], [ -116.508179391110033, 43.570844898861822, 0.0 ], [ -116.507710153186864, 43.570516329248399, 0.0 ], [ -116.506965236161335, 43.56980355920426, 0.0 ], [ -116.506354607994083, 43.568749931400816, 0.0 ], [ -116.505956037184703, 43.568727384187483, 0.0 ], [ -116.505585722212984, 43.568887223676271, 0.0 ], [ -116.505075228684902, 43.568915778990707, 0.0 ], [ -116.503887387291314, 43.568785112949691, 0.0 ], [ -116.502882383886771, 43.568735075387977, 0.0 ], [ -116.502102639359848, 43.568696138111925, 0.0 ], [ -116.50172028896867, 43.568585331045469, 0.0 ], [ -116.501313063393852, 43.568562825448332, 0.0 ], [ -116.501086476819168, 43.568444696200153, 0.0 ], [ -116.500902714744228, 43.568094002402269, 0.0 ], [ -116.498896160152015, 43.567725448743133, 0.0 ], [ -116.498402044320159, 43.567304071243392, 0.0 ], [ -116.497610902154051, 43.567022881253138, 0.0 ], [ -116.497175450485273, 43.566951667411196, 0.0 ], [ -116.496456664417963, 43.567030423425471, 0.0 ], [ -116.495933923984396, 43.56703877248362, 0.0 ], [ -116.49515743693523, 43.567394388844512, 0.0 ], [ -116.494939802277784, 43.567366182565451, 0.0 ], [ -116.494786255294571, 43.567579489588979, 0.0 ], [ -116.494348329963543, 43.567858833720152, 0.0 ], [ -116.493934277147332, 43.567871403970443, 0.0 ], [ -116.493608613047158, 43.567893272106673, 0.0 ], [ -116.492969589814393, 43.567833240444877, 0.0 ], [ -116.49239621959039, 43.567590097779281, 0.0 ], [ -116.491845224032801, 43.567509738728695, 0.0 ], [ -116.491408079787519, 43.567300268776101, 0.0 ], [ -116.490834116972621, 43.567007748053335, 0.0 ], [ -116.490314234665647, 43.56669512390684, 0.0 ], [ -116.489743746828665, 43.566685650713055, 0.0 ], [ -116.489336449898801, 43.566694868869611, 0.0 ], [ -116.489116445892137, 43.566472464184258, 0.0 ], [ -116.48900720860118, 43.565683192861059, 0.0 ], [ -116.489176070227813, 43.565425358488454, 0.0 ], [ -116.489215939617054, 43.564984029568222, 0.0 ], [ -116.487661056077599, 43.564250996475337, 0.0 ], [ -116.487362693661481, 43.563718866193469, 0.0 ], [ -116.487025990154891, 43.563576207760192, 0.0 ], [ -116.486364687472985, 43.563540970205089, 0.0 ], [ -116.485923092194881, 43.563431605179396, 0.0 ], [ -116.485254376513907, 43.563060962638332, 0.0 ], [ -116.484905749422282, 43.562681381225786, 0.0 ], [ -116.484883974115377, 43.561634800256861, 0.0 ], [ -116.484538956612539, 43.561551436238332, 0.0 ], [ -116.484230866848279, 43.561527082384991, 0.0 ], [ -116.483647541664979, 43.561201669891794, 0.0 ], [ -116.482492275177322, 43.560741673192652, 0.0 ], [ -116.481590399059471, 43.560273461011107, 0.0 ], [ -116.481011238705833, 43.560290332590945, 0.0 ], [ -116.479167357061712, 43.560525934277656, 0.0 ], [ -116.478667042567452, 43.560325047028932, 0.0 ], [ -116.477871507341334, 43.560415695066347, 0.0 ], [ -116.477485308361125, 43.55991783414126, 0.0 ], [ -116.477229006743656, 43.55968247032591, 0.0 ], [ -116.477103576568098, 43.559038119291827, 0.0 ], [ -116.475846074175948, 43.558089552076915, 0.0 ], [ -116.475683973265674, 43.557664675432754, 0.0 ], [ -116.474878706111255, 43.557696116928092, 0.0 ], [ -116.4737454581024, 43.55755188428008, 0.0 ] ], [ [ -116.517190701439304, 43.576148416477459, 0.0 ], [ -116.516942471803816, 43.576148910070799, 0.0 ], [ -116.516083811796975, 43.576131116670219, 0.0 ], [ -116.515492428940632, 43.576115798508184, 0.0 ] ], [ [ -116.557971928606776, 43.612421346497662, 0.0 ], [ -116.557958955696137, 43.608552359913276, 0.0 ], [ -116.55795517582402, 43.607714933898002, 0.0 ], [ -116.558048946319843, 43.606399037015159, 0.0 ], [ -116.558038925169157, 43.605650436137587, 0.0 ], [ -116.558033508496223, 43.605245787313407, 0.0 ], [ -116.557999436747892, 43.604780635857537, 0.0 ], [ -116.558055881891136, 43.602756798941122, 0.0 ], [ -116.557987422451944, 43.599722124593377, 0.0 ], [ -116.55797740439823, 43.598973522826739, 0.0 ], [ -116.557995226381692, 43.598224723292795, 0.0 ], [ -116.558708757469944, 43.597450770602357, 0.0 ], [ -116.559286872036424, 43.596961053853448, 0.0 ], [ -116.559914685863831, 43.596025825352442, 0.0 ], [ -116.559744126926674, 43.595763986274413, 0.0 ], [ -116.559295186733834, 43.595504118021211, 0.0 ], [ -116.557671093680312, 43.594807398923905, 0.0 ], [ -116.555569208537435, 43.593770040036553, 0.0 ], [ -116.555062737922029, 43.59336891901431, 0.0 ], [ -116.553797399358672, 43.592426805431764, 0.0 ], [ -116.553293105988004, 43.59218753709564, 0.0 ], [ -116.553167889395652, 43.589052080436069, 0.0 ], [ -116.55315981806821, 43.588445103792687, 0.0 ], [ -116.553126333303197, 43.588020416195093, 0.0 ], [ -116.552869634018208, 43.58755682649754, 0.0 ], [ -116.552587254854359, 43.587255293458355, 0.0 ], [ -116.552220300139297, 43.586873414283843, 0.0 ], [ -116.551939000646811, 43.586652809177281, 0.0 ], [ -116.551661341279114, 43.586427535065702, 0.0 ], [ -116.551832901020035, 43.586303858169714, 0.0 ], [ -116.551565275866096, 43.586143874152413, 0.0 ], [ -116.551412460222437, 43.586083978255807, 0.0 ], [ -116.551215142302993, 43.586028204232058, 0.0 ], [ -116.550796843408037, 43.585911104308757, 0.0 ], [ -116.55059957711498, 43.58585913993209, 0.0 ], [ -116.550286667591678, 43.585783215542882, 0.0 ], [ -116.549952490263479, 43.585684577175414, 0.0 ], [ -116.54955246634006, 43.585561629096468, 0.0 ], [ -116.549097206231963, 43.585423825031782, 0.0 ], [ -116.548857556741964, 43.585337858725119, 0.0 ], [ -116.548646509231574, 43.585234544968714, 0.0 ], [ -116.548438058426868, 43.585129307147113, 0.0 ], [ -116.548253673463975, 43.585060101609791, 0.0 ], [ -116.548074707413491, 43.585004193104652, 0.0 ], [ -116.547922376183266, 43.58498048895126, 0.0 ], [ -116.547631219870169, 43.584963468096618, 0.0 ], [ -116.547578629170758, 43.584950498058021, 0.0 ], [ -116.547499377873436, 43.584903420612562, 0.0 ], [ -116.547300104836367, 43.58469904404231, 0.0 ], [ -116.547147957287763, 43.584490528348361, 0.0 ], [ -116.547067123313298, 43.58432343077579, 0.0 ], [ -116.547030741025736, 43.584148401986418, 0.0 ], [ -116.546978686213848, 43.58397729351654, 0.0 ], [ -116.546930080927993, 43.583869033812569, 0.0 ], [ -116.546882027437135, 43.583802684867528, 0.0 ], [ -116.546784132595647, 43.583732874018636, 0.0 ], [ -116.546678676126831, 43.583685977732848, 0.0 ], [ -116.546521157991293, 43.583666117125482, 0.0 ], [ -116.546395514021782, 43.583678423899805, 0.0 ], [ -116.546277934225969, 43.583705916868354, 0.0 ], [ -116.546165620407166, 43.583735277679587, 0.0 ], [ -116.546079137325052, 43.583735879943923, 0.0 ], [ -116.545963626151817, 43.583721442655111, 0.0 ], [ -116.545873994896255, 43.58368205579189, 0.0 ], [ -116.545678381287544, 43.583555766216207, 0.0 ], [ -116.545601227519441, 43.583468662848773, 0.0 ], [ -116.545526844344792, 43.583392970674694, 0.0 ], [ -116.545447722094067, 43.583355415882352, 0.0 ], [ -116.545353076510864, 43.583333211537884, 0.0 ], [ -116.545216474608395, 43.58330939433408, 0.0 ], [ -116.545090091388602, 43.583304916820389, 0.0 ], [ -116.543379862215446, 43.583293415413216, 0.0 ], [ -116.543002805355869, 43.583291746114831, 0.0 ], [ -116.542813581297992, 43.583245217567054, 0.0 ], [ -116.542322984979634, 43.583151001609941, 0.0 ], [ -116.542192437271879, 43.583078566063215, 0.0 ], [ -116.541845795938073, 43.582835127097738, 0.0 ], [ -116.541215969242714, 43.582318686372538, 0.0 ], [ -116.541015122626277, 43.581941629319481, 0.0 ], [ -116.540664553662921, 43.581419354481149, 0.0 ], [ -116.540487791031751, 43.581138329417932, 0.0 ], [ -116.540102166748156, 43.580956557610179, 0.0 ], [ -116.539297285974172, 43.580447877651523, 0.0 ], [ -116.53903133817262, 43.580312333772149, 0.0 ], [ -116.538785388035009, 43.580263003625703, 0.0 ], [ -116.538521388661707, 43.580276600122112, 0.0 ], [ -116.538276412027116, 43.580301841020542, 0.0 ], [ -116.538014091699466, 43.580405650284938, 0.0 ], [ -116.537916037779041, 43.580598711753375, 0.0 ], [ -116.537798337594452, 43.580681950732632, 0.0 ], [ -116.537599142217658, 43.580726499847394, 0.0 ], [ -116.537254177699182, 43.580772052523592, 0.0 ], [ -116.537016881572342, 43.580793312439418, 0.0 ], [ -116.536777096535644, 43.58079565151759, 0.0 ], [ -116.536547702732264, 43.580863268592672, 0.0 ], [ -116.536246565108755, 43.58092323082812, 0.0 ], [ -116.535959730247981, 43.580922459638487, 0.0 ], [ -116.535721963125951, 43.580921865364672, 0.0 ], [ -116.535476647469466, 43.580921321560837, 0.0 ], [ -116.535231329563828, 43.580920604424286, 0.0 ], [ -116.534982240306974, 43.580920089079271, 0.0 ], [ -116.534798603435306, 43.580859588624392, 0.0 ], [ -116.534272516259946, 43.580678716292269, 0.0 ], [ -116.533915223182561, 43.580606588900459, 0.0 ], [ -116.533518300265627, 43.580554666807259, 0.0 ], [ -116.533015188028727, 43.580612760612716, 0.0 ], [ -116.532754922615155, 43.580649866071312, 0.0 ], [ -116.532550681378183, 43.580721916886517, 0.0 ], [ -116.532399766156786, 43.58074257499198, 0.0 ], [ -116.532248547182235, 43.580739685322776, 0.0 ], [ -116.532053881687972, 43.58071746571062, 0.0 ], [ -116.531858354121226, 43.580628524491409, 0.0 ], [ -116.531678566479016, 43.58050414948169, 0.0 ], [ -116.531352350373595, 43.580329747670277, 0.0 ], [ -116.531107372394132, 43.580174415949948, 0.0 ], [ -116.530532276864221, 43.579813240925368, 0.0 ], [ -116.530171190008673, 43.579586373070413, 0.0 ], [ -116.529649088763549, 43.57930121099578, 0.0 ], [ -116.529371676697849, 43.579142171317116, 0.0 ], [ -116.529164195904741, 43.578963029193012, 0.0 ], [ -116.528721688893924, 43.578561752995299, 0.0 ], [ -116.528262434725846, 43.578117413325202, 0.0 ], [ -116.527847085036385, 43.577727724977592, 0.0 ], [ -116.527591278216335, 43.57756853392182, 0.0 ], [ -116.527217361337051, 43.577461171852732, 0.0 ], [ -116.526714635876729, 43.577413561991619, 0.0 ], [ -116.526239207073161, 43.577389315148615, 0.0 ], [ -116.526028560552206, 43.577382894441598, 0.0 ], [ -116.525784817539702, 43.577321746913448, 0.0 ], [ -116.525444202940733, 43.577284805653868, 0.0 ], [ -116.525049603331567, 43.577248230284638, 0.0 ], [ -116.524633358217471, 43.577207874827032, 0.0 ], [ -116.523163136547083, 43.577076522202006, 0.0 ], [ -116.523042656100742, 43.577057699172869, 0.0 ], [ -116.521579500360389, 43.576941990773797, 0.0 ], [ -116.52138390004113, 43.576845181259181, 0.0 ], [ -116.521037145291714, 43.576478571057088, 0.0 ], [ -116.520733212381671, 43.576201920094846, 0.0 ], [ -116.520424897366382, 43.576156896212076, 0.0 ], [ -116.519895796152909, 43.576156535236215, 0.0 ], [ -116.519015941025245, 43.576170307965967, 0.0 ], [ -116.518357175395579, 43.576162961220462, 0.0 ], [ -116.517773888757461, 43.57614725480417, 0.0 ], [ -116.517190701439304, 43.576148416477459, 0.0 ] ], [ [ -116.559078514302485, 43.61655250611431, 0.0 ], [ -116.559352229454362, 43.61680723044109, 0.0 ], [ -116.560573781144257, 43.618192715707849, 0.0 ], [ -116.560746344901503, 43.61885590665279, 0.0 ], [ -116.560909756604218, 43.6195541313216, 0.0 ], [ -116.560951362104717, 43.619784632497449, 0.0 ], [ -116.561109797200572, 43.620112218330249, 0.0 ], [ -116.56282470131849, 43.621638680981853, 0.0 ], [ -116.563075831758809, 43.621699839469969, 0.0 ], [ -116.563373209560339, 43.621620791844961, 0.0 ], [ -116.563994761142837, 43.622022010381571, 0.0 ], [ -116.564267884207709, 43.622285830552073, 0.0 ], [ -116.564329134898102, 43.62254416573866, 0.0 ], [ -116.564356694915574, 43.62315942680106, 0.0 ], [ -116.564369059098595, 43.623362159594755, 0.0 ], [ -116.564346321018434, 43.62524366241194, 0.0 ], [ -116.566255226614388, 43.626859609512756, 0.0 ], [ -116.570509535129986, 43.630305083368192, 0.0 ], [ -116.573051162513948, 43.632398945897549, 0.0 ], [ -116.573378142199061, 43.632689074675497, 0.0 ], [ -116.573558702165528, 43.63271582031927, 0.0 ], [ -116.574319117027159, 43.633025857431491, 0.0 ], [ -116.574559637826383, 43.63320174842174, 0.0 ], [ -116.575224079675479, 43.634054793508248, 0.0 ], [ -116.57576474518487, 43.634208442426512, 0.0 ], [ -116.575726733212861, 43.634436897008165, 0.0 ], [ -116.576125072580055, 43.634780838897683, 0.0 ], [ -116.577488154745396, 43.636540195159995, 0.0 ], [ -116.577998018687026, 43.63725121877475, 0.0 ], [ -116.578103735534143, 43.637345437308873, 0.0 ] ] ] } },
{ "type": "Feature", "properties": { "OBJECTID": 89, "UNIQID": "BPP89", "OWNER": "Unknown", "MANAGER": "Unknown", "STATUS": "Proposed", "INSTALLED": null, "FTR_FUNCTN": "Pathway", "FTR_TYP": "Pathway", "OVPATHNAME": null, "SGPATHLMT": null, "SRFMATRL": null }, "geometry": { "type": "MultiLineString", "coordinates": [ [ [ -116.566627075237292, 43.552959050257883, 0.0 ], [ -116.566199890102922, 43.552815467302629, 0.0 ], [ -116.566188352655487, 43.552832670793272, 0.0 ] ], [ [ -116.565601872748033, 43.552982381743568, 0.0 ], [ -116.56427381464313, 43.553736114481261, 0.0 ] ] ] } },
{ "type": "Feature", "properties": { "OBJECTID": 90, "UNIQID": "BPP90", "OWNER": "Unknown", "MANAGER": "Unknown", "STATUS": "Proposed", "INSTALLED": null, "FTR_FUNCTN": "Pathway", "FTR_TYP": "Pathway", "OVPATHNAME": null, "SGPATHLMT": null, "SRFMATRL": null }, "geometry": { "type": "LineString", "coordinates": [ [ -116.513074881649402, 43.576069071466328, 0.0 ], [ -116.515488589971824, 43.576053178092472, 0.0 ], [ -116.515527475832144, 43.576687535721213, 0.0 ], [ -116.523095483472659, 43.580674889183328, 0.0 ], [ -116.528136146276523, 43.583323156337919, 0.0 ], [ -116.532938368059064, 43.58335925967593, 0.0 ] ] } },
{ "type": "Feature", "properties": { "OBJECTID": 91, "UNIQID": "BPP91", "OWNER": "Unknown", "MANAGER": "Unknown", "STATUS": "Proposed", "INSTALLED": null, "FTR_FUNCTN": "Pathway", "FTR_TYP": "Sidepath", "OVPATHNAME": null, "SGPATHLMT": null, "SRFMATRL": null }, "geometry": { "type": "LineString", "coordinates": [ [ -116.603047367478652, 43.605382693990393, 0.0 ], [ -116.578034887775388, 43.588108583083361, 0.0 ], [ -116.572760679931008, 43.586619084427419, 0.0 ] ] } },
{ "type": "Feature", "properties": { "OBJECTID": 92, "UNIQID": "BPP92", "OWNER": "Unknown", "MANAGER": "Unknown", "STATUS": "Proposed", "INSTALLED": "2022-08-10T07:00:00Z", "FTR_FUNCTN": "Pathway", "FTR_TYP": "Sidepath", "OVPATHNAME": null, "SGPATHLMT": null, "SRFMATRL": null }, "geometry": { "type": "LineString", "coordinates": [ [ -116.613223086546341, 43.622223549624394, 0.0 ], [ -116.60936364975791, 43.619581947395908, 0.0 ], [ -116.513263326591954, 43.619390902916436, 0.0 ] ] } },
{ "type": "Feature", "properties": { "OBJECTID": 93, "UNIQID": "BPP93", "OWNER": "Unknown", "MANAGER": "Unknown", "STATUS": "Proposed", "INSTALLED": null, "FTR_FUNCTN": "Bike Route", "FTR_TYP": "Bike Lane", "OVPATHNAME": null, "SGPATHLMT": null, "SRFMATRL": null }, "geometry": { "type": "LineString", "coordinates": [ [ -116.633785109231781, 43.590501429356877, 0.0 ], [ -116.581800215055466, 43.590496535769887, 0.0 ] ] } },
{ "type": "Feature", "properties": { "OBJECTID": 94, "UNIQID": "BPP94", "OWNER": "Unknown", "MANAGER": "Unknown", "STATUS": "Proposed", "INSTALLED": null, "FTR_FUNCTN": "Bike Route", "FTR_TYP": "Bike Lane", "OVPATHNAME": null, "SGPATHLMT": null, "SRFMATRL": null }, "geometry": { "type": "LineString", "coordinates": [ [ -116.633317000124251, 43.583264015301715, 0.0 ], [ -116.593199832597563, 43.583171985771656, 0.0 ] ] } },
{ "type": "Feature", "properties": { "OBJECTID": 95, "UNIQID": "BPP95", "OWNER": "Unknown", "MANAGER": "Unknown", "STATUS": "Proposed", "INSTALLED": null, "FTR_FUNCTN": "Bike Route", "FTR_TYP": "Bike Boulevard", "OVPATHNAME": null, "SGPATHLMT": null, "SRFMATRL": null }, "geometry": { "type": "LineString", "coordinates": [ [ -116.557812113851185, 43.578826533555834, 0.0 ], [ -116.570451316887116, 43.568982601187145, 0.0 ], [ -116.570094891860236, 43.568568422727388, 0.0 ] ] } },
{ "type": "Feature", "properties": { "OBJECTID": 96, "UNIQID": "BPP96", "OWNER": "Unknown", "MANAGER": "Unknown", "STATUS": "Proposed", "INSTALLED": null, "FTR_FUNCTN": "Bike Route", "FTR_TYP": "Bike Lane", "OVPATHNAME": null, "SGPATHLMT": null, "SRFMATRL": null }, "geometry": { "type": "LineString", "coordinates": [ [ -116.543808977359873, 43.605159599632501, 0.0 ], [ -116.585826791176643, 43.604945655010532, 0.0 ], [ -116.586920072255211, 43.605176092238025, 0.0 ], [ -116.587519537648348, 43.605457994004809, 0.0 ], [ -116.590168131217396, 43.608816973399705, 0.0 ], [ -116.59413049864385, 43.61155475616232, 0.0 ] ] } },
{ "type": "Feature", "properties": { "OBJECTID": 97, "UNIQID": "BPP97", "OWNER": "Unknown", "MANAGER": "Unknown", "STATUS": "Proposed", "INSTALLED": null, "FTR_FUNCTN": "Bike Route", "FTR_TYP": "Bike Boulevard", "OVPATHNAME": null, "SGPATHLMT": null, "SRFMATRL": null }, "geometry": { "type": "LineString", "coordinates": [ [ -116.583052299694842, 43.581088196321595, 0.0 ], [ -116.583009032024464, 43.579657876578878, 0.0 ], [ -116.573707027662323, 43.579663769001932, 0.0 ] ] } },
{ "type": "Feature", "properties": { "OBJECTID": 98, "UNIQID": "BPP98", "OWNER": "Unknown", "MANAGER": "Unknown", "STATUS": "Proposed", "INSTALLED": null, "FTR_FUNCTN": "Bike Route", "FTR_TYP": "Bike Boulevard", "OVPATHNAME": null, "SGPATHLMT": null, "SRFMATRL": null }, "geometry": { "type": "LineString", "coordinates": [ [ -116.57269269714395, 43.573351416689128, 0.0 ], [ -116.565793203822238, 43.568615094182533, 0.0 ] ] } },
{ "type": "Feature", "properties": { "OBJECTID": 99, "UNIQID": "BPP99", "OWNER": "Unknown", "MANAGER": "Unknown", "STATUS": "Proposed", "INSTALLED": null, "FTR_FUNCTN": "Bike Route", "FTR_TYP": "Bike Boulevard", "OVPATHNAME": null, "SGPATHLMT": null, "SRFMATRL": null }, "geometry": { "type": "LineString", "coordinates": [ [ -116.573593026906607, 43.583683398218838, 0.0 ], [ -116.57309852343684, 43.583644716536469, 0.0 ], [ -116.552301741234061, 43.569354809399911, 0.0 ] ] } },
{ "type": "Feature", "properties": { "OBJECTID": 100, "UNIQID": "BPP100", "OWNER": "Unknown", "MANAGER": "Unknown", "STATUS": "Proposed", "INSTALLED": null, "FTR_FUNCTN": "Bike Route", "FTR_TYP": "Bike Boulevard", "OVPATHNAME": null, "SGPATHLMT": null, "SRFMATRL": null }, "geometry": { "type": "LineString", "coordinates": [ [ -116.533095061739402, 43.583211422190857, 0.0 ], [ -116.541805783584081, 43.583242922945615, 0.0 ], [ -116.5420545049883, 43.583012449012386, 0.0 ] ] } },
{ "type": "Feature", "properties": { "OBJECTID": 101, "UNIQID": "BPP101", "OWNER": "Unknown", "MANAGER": "Unknown", "STATUS": "Proposed", "INSTALLED": null, "FTR_FUNCTN": "Bike Route", "FTR_TYP": "Separated Bike Lane", "OVPATHNAME": null, "SGPATHLMT": null, "SRFMATRL": null }, "geometry": { "type": "LineString", "coordinates": [ [ -116.562943628300928, 43.578032553887873, 0.0 ], [ -116.573559840708384, 43.585357938957536, 0.0 ] ] } },
{ "type": "Feature", "properties": { "OBJECTID": 102, "UNIQID": "BPP102", "OWNER": "Unknown", "MANAGER": "Unknown", "STATUS": "Proposed", "INSTALLED": null, "FTR_FUNCTN": "Bike Route", "FTR_TYP": "Bike Boulevard", "OVPATHNAME": null, "SGPATHLMT": null, "SRFMATRL": null }, "geometry": { "type": "LineString", "coordinates": [ [ -116.560672094334777, 43.546930216428677, 0.0 ], [ -116.560544187857715, 43.543081446816359, 0.0 ], [ -116.560286308688063, 43.542824160402937, 0.0 ], [ -116.553772471688987, 43.542796108901456, 0.0 ], [ -116.552858566849551, 43.542950595375402, 0.0 ], [ -116.552157944488442, 43.542668354767919, 0.0 ], [ -116.551249665094161, 43.542577591209529, 0.0 ], [ -116.546924491860651, 43.542510903193019, 0.0 ], [ -116.546746737897962, 43.542315593073091, 0.0 ], [ -116.54673548341853, 43.542056144773952, 0.0 ], [ -116.546727883544634, 43.541105659665099, 0.0 ], [ -116.542871668763198, 43.541091065813525, 0.0 ], [ -116.542487371746049, 43.541106781104418, 0.0 ], [ -116.542081494713415, 43.541291094670697, 0.0 ], [ -116.541794908286718, 43.541325010635724, 0.0 ] ] } },
{ "type": "Feature", "properties": { "OBJECTID": 103, "UNIQID": "BPP103", "OWNER": "Unknown", "MANAGER": "Unknown", "STATUS": "Proposed", "INSTALLED": null, "FTR_FUNCTN": "Bike Route", "FTR_TYP": "Bike Boulevard", "OVPATHNAME": null, "SGPATHLMT": null, "SRFMATRL": null }, "geometry": { "type": "LineString", "coordinates": [ [ -116.540221100580752, 43.540693091123337, 0.0 ], [ -116.539684928196564, 43.540831468012051, 0.0 ], [ -116.538992318599128, 43.540952970106304, 0.0 ], [ -116.538792804411216, 43.540947333971403, 0.0 ], [ -116.538636773752373, 43.540911232759527, 0.0 ], [ -116.538622996041681, 43.540018464575645, 0.0 ], [ -116.53832693673661, 43.53899227946291, 0.0 ], [ -116.537471599206242, 43.538432648835709, 0.0 ], [ -116.536468269041109, 43.537359916695664, 0.0 ], [ -116.536388251702064, 43.536640707134204, 0.0 ], [ -116.535606964992439, 43.536337610030081, 0.0 ], [ -116.532922482359183, 43.536407436879685, 0.0 ] ] } },
{ "type": "Feature", "properties": { "OBJECTID": 104, "UNIQID": "BPP104", "OWNER": "Unknown", "MANAGER": "Unknown", "STATUS": "Proposed", "INSTALLED": null, "FTR_FUNCTN": "Bike Route", "FTR_TYP": "Bike Boulevard", "OVPATHNAME": null, "SGPATHLMT": null, "SRFMATRL": null }, "geometry": { "type": "LineString", "coordinates": [ [ -116.532793794593928, 43.537385134254464, 0.0 ], [ -116.526928096634535, 43.537373733069963, 0.0 ], [ -116.527021204811078, 43.53912108748694, 0.0 ], [ -116.524860211886519, 43.541449263866667, 0.0 ], [ -116.523376841884144, 43.541510718948288, 0.0 ], [ -116.52355958975113, 43.544748397321435, 0.0 ], [ -116.52569688044322, 43.54607061006211, 0.0 ], [ -116.525848777499789, 43.546892159665376, 0.0 ] ] } },
{ "type": "Feature", "properties": { "OBJECTID": 105, "UNIQID": "BPP105", "OWNER": "Unknown", "MANAGER": "Unknown", "STATUS": "Proposed", "INSTALLED": null, "FTR_FUNCTN": "Bike Route", "FTR_TYP": "Bike Boulevard", "OVPATHNAME": null, "SGPATHLMT": null, "SRFMATRL": null }, "geometry": { "type": "LineString", "coordinates": [ [ -116.567308215437663, 43.555137556197259, 0.0 ], [ -116.566945621347443, 43.549227856604134, 0.0 ], [ -116.567432712682503, 43.548658850963506, 0.0 ], [ -116.567351617170871, 43.547888262265609, 0.0 ], [ -116.566985745228095, 43.546965474514806, 0.0 ] ] } },
{ "type": "Feature", "properties": { "OBJECTID": 106, "UNIQID": "BPP106", "OWNER": "Unknown", "MANAGER": "Unknown", "STATUS": "Proposed", "INSTALLED": null, "FTR_FUNCTN": "Bike Route", "FTR_TYP": "Bike Boulevard", "OVPATHNAME": null, "SGPATHLMT": null, "SRFMATRL": null }, "geometry": { "type": "LineString", "coordinates": [ [ -116.560120042202001, 43.56855114099163, 0.0 ], [ -116.560239889498447, 43.555187868900006, 0.0 ] ] } },
{ "type": "Feature", "properties": { "OBJECTID": 107, "UNIQID": "BPP107", "OWNER": "Unknown", "MANAGER": "Unknown", "STATUS": "Proposed", "INSTALLED": null, "FTR_FUNCTN": "Bike Route", "FTR_TYP": "Bike Boulevard", "OVPATHNAME": null, "SGPATHLMT": null, "SRFMATRL": null }, "geometry": { "type": "LineString", "coordinates": [ [ -116.554441090244623, 43.570960624165778, 0.0 ], [ -116.557377605967588, 43.56847219244311, 0.0 ], [ -116.557170992568146, 43.558294248195267, 0.0 ], [ -116.552859079745616, 43.558324610365254, 0.0 ] ] } },
{ "type": "Feature", "properties": { "OBJECTID": 108, "UNIQID": "BPP108", "OWNER": "Unknown", "MANAGER": "Unknown", "STATUS": "Proposed", "INSTALLED": null, "FTR_FUNCTN": "Bike Route", "FTR_TYP": "Bike Boulevard", "OVPATHNAME": null, "SGPATHLMT": null, "SRFMATRL": null }, "geometry": { "type": "LineString", "coordinates": [ [ -116.570096330748854, 43.568571099246874, 0.0 ], [ -116.57016937041773, 43.563532288254812, 0.0 ] ] } },
{ "type": "Feature", "properties": { "OBJECTID": 109, "UNIQID": "BPP109", "OWNER": "Unknown", "MANAGER": "Unknown", "STATUS": "Proposed", "INSTALLED": null, "FTR_FUNCTN": "Bike Route", "FTR_TYP": "Bike Boulevard", "OVPATHNAME": null, "SGPATHLMT": null, "SRFMATRL": null }, "geometry": { "type": "LineString", "coordinates": [ [ -116.566004943623682, 43.568565171285002, 0.0 ], [ -116.565794859463466, 43.563476972329646, 0.0 ] ] } },
{ "type": "Feature", "properties": { "OBJECTID": 110, "UNIQID": "BPP110", "OWNER": "Unknown", "MANAGER": "Unknown", "STATUS": "Proposed", "INSTALLED": null, "FTR_FUNCTN": "Bike Route", "FTR_TYP": "Bike Boulevard", "OVPATHNAME": null, "SGPATHLMT": null, "SRFMATRL": null }, "geometry": { "type": "LineString", "coordinates": [ [ -116.593139850343121, 43.572481152821872, 0.0 ], [ -116.603040510458115, 43.572295506874454, 0.0 ], [ -116.605066320961626, 43.572694951489318, 0.0 ], [ -116.605149380306003, 43.575110728902764, 0.0 ], [ -116.605075355830266, 43.575377877144533, 0.0 ], [ -116.604734300717254, 43.575421829188556, 0.0 ], [ -116.604760405342475, 43.575925353366458, 0.0 ] ] } },
{ "type": "Feature", "properties": { "OBJECTID": 111, "UNIQID": "BPP111", "OWNER": "Unknown", "MANAGER": "Unknown", "STATUS": "Proposed", "INSTALLED": null, "FTR_FUNCTN": "Bike Route", "FTR_TYP": "Bike Boulevard", "OVPATHNAME": null, "SGPATHLMT": null, "SRFMATRL": null }, "geometry": { "type": "LineString", "coordinates": [ [ -116.597889145242362, 43.572383782710304, 0.0 ], [ -116.597842117065497, 43.568713501908015, 0.0 ] ] } },
{ "type": "Feature", "properties": { "OBJECTID": 112, "UNIQID": "BPP112", "OWNER": "Unknown", "MANAGER": "Unknown", "STATUS": "Proposed", "INSTALLED": null, "FTR_FUNCTN": "Bike Route", "FTR_TYP": "Bike Lane", "OVPATHNAME": null, "SGPATHLMT": null, "SRFMATRL": null }, "geometry": { "type": "LineString", "coordinates": [ [ -116.523012757863512, 43.576061501626185, 0.0 ], [ -116.523051748932616, 43.561419355636012, 0.0 ] ] } },
{ "type": "Feature", "properties": { "OBJECTID": 113, "UNIQID": "BPP113", "OWNER": "Unknown", "MANAGER": "Unknown", "STATUS": "Proposed", "INSTALLED": null, "FTR_FUNCTN": "Bike Route", "FTR_TYP": "Bike Boulevard", "OVPATHNAME": null, "SGPATHLMT": null, "SRFMATRL": null }, "geometry": { "type": "LineString", "coordinates": [ [ -116.561795122973265, 43.578714879088444, 0.0 ], [ -116.556540093321402, 43.575181588010913, 0.0 ] ] } },
{ "type": "Feature", "properties": { "OBJECTID": 114, "UNIQID": "BPP114", "OWNER": "Unknown", "MANAGER": "Unknown", "STATUS": "Proposed", "INSTALLED": null, "FTR_FUNCTN": "Pathway", "FTR_TYP": "Sidepath", "OVPATHNAME": null, "SGPATHLMT": null, "SRFMATRL": null }, "geometry": { "type": "LineString", "coordinates": [ [ -116.633571159953377, 43.604685669620658, 0.0 ], [ -116.61317922329944, 43.604750766971122, 0.0 ] ] } },
{ "type": "Feature", "properties": { "OBJECTID": 115, "UNIQID": "BPP115", "OWNER": "Unknown", "MANAGER": "Unknown", "STATUS": "Proposed", "INSTALLED": null, "FTR_FUNCTN": "Bike Route", "FTR_TYP": "Separated Bike Lane or Sidepath", "OVPATHNAME": null, "SGPATHLMT": null, "SRFMATRL": null }, "geometry": { "type": "LineString", "coordinates": [ [ -116.572513653141499, 43.586776137560626, 0.0 ], [ -116.571912853912906, 43.589931137972222, 0.0 ], [ -116.571848453850379, 43.592915038935459, 0.0 ], [ -116.572341955535208, 43.596069839436637, 0.0 ], [ -116.573135956618131, 43.598898039008496, 0.0 ], [ -116.573094094284158, 43.601961925768144, 0.0 ] ] } },
{ "type": "Feature", "properties": { "OBJECTID": 116, "UNIQID": "BPP116", "OWNER": "Unknown", "MANAGER": "Unknown", "STATUS": "Proposed", "INSTALLED": null, "FTR_FUNCTN": "Bike Route", "FTR_TYP": "Bike Boulevard", "OVPATHNAME": null, "SGPATHLMT": null, "SRFMATRL": null }, "geometry": { "type": "LineString", "coordinates": [ [ -116.558413383789343, 43.561188242620553, 0.0 ], [ -116.558663457234971, 43.561339108428783, 0.0 ], [ -116.561458590658972, 43.561319303118829, 0.0 ] ] } },
{ "type": "Feature", "properties": { "OBJECTID": 117, "UNIQID": "BPP117", "OWNER": "Unknown", "MANAGER": "Unknown", "STATUS": "Proposed", "INSTALLED": null, "FTR_FUNCTN": "Bike Route", "FTR_TYP": "Bike Boulevard", "OVPATHNAME": null, "SGPATHLMT": null, "SRFMATRL": null }, "geometry": { "type": "LineString", "coordinates": [ [ -116.569151381022465, 43.559432824437508, 0.0 ], [ -116.569292686182081, 43.559299990819923, 0.0 ], [ -116.572917640200728, 43.559273955554346, 0.0 ] ] } },
{ "type": "Feature", "properties": { "OBJECTID": 118, "UNIQID": "BPP118", "OWNER": "Unknown", "MANAGER": "Unknown", "STATUS": "Proposed", "INSTALLED": null, "FTR_FUNCTN": "Pathway", "FTR_TYP": "Sidepath", "OVPATHNAME": null, "SGPATHLMT": null, "SRFMATRL": null }, "geometry": { "type": "LineString", "coordinates": [ [ -116.61317922329944, 43.604750766971122, 0.0 ], [ -116.604002449250515, 43.604778874855953, 0.0 ], [ -116.598215534044527, 43.608585804435421, 0.0 ] ] } },
{ "type": "Feature", "properties": { "OBJECTID": 119, "UNIQID": "BPP119", "OWNER": "Unknown", "MANAGER": "Unknown", "STATUS": "Proposed", "INSTALLED": null, "FTR_FUNCTN": "Bike Route", "FTR_TYP": "Bike Boulevard", "OVPATHNAME": null, "SGPATHLMT": null, "SRFMATRL": null }, "geometry": { "type": "LineString", "coordinates": [ [ -116.546696258079564, 43.541101742204667, 0.0 ], [ -116.54665843436068, 43.539189263616478, 0.0 ] ] } },
{ "type": "Feature", "properties": { "OBJECTID": 120, "UNIQID": "BPP120", "OWNER": "Unknown", "MANAGER": "Unknown", "STATUS": "Proposed", "INSTALLED": null, "FTR_FUNCTN": "Bike Route", "FTR_TYP": "Bike Boulevard", "OVPATHNAME": null, "SGPATHLMT": null, "SRFMATRL": null }, "geometry": { "type": "LineString", "coordinates": [ [ -116.57354021634967, 43.569580144513118, 0.0 ], [ -116.572216749873348, 43.568683330308062, 0.0 ] ] } },
{ "type": "Feature", "properties": { "OBJECTID": 121, "UNIQID": "BPP121", "OWNER": "Unknown", "MANAGER": "Unknown", "STATUS": "Proposed", "INSTALLED": null, "FTR_FUNCTN": "Bike Route", "FTR_TYP": "Bike Boulevard", "OVPATHNAME": null, "SGPATHLMT": null, "SRFMATRL": null }, "geometry": { "type": "LineString", "coordinates": [ [ -116.572041748549552, 43.577164468743078, 0.0 ], [ -116.559402410284477, 43.568564813843651, 0.0 ] ] } },
{ "type": "Feature", "properties": { "OBJECTID": 122, "UNIQID": "BPP122", "OWNER": "Unknown", "MANAGER": "Unknown", "STATUS": "Proposed", "INSTALLED": null, "FTR_FUNCTN": "Bike Route", "FTR_TYP": "Bike Boulevard", "OVPATHNAME": null, "SGPATHLMT": null, "SRFMATRL": null }, "geometry": { "type": "LineString", "coordinates": [ [ -116.593021701913571, 43.583260054069328, 0.0 ], [ -116.583045361769365, 43.583220538658296, 0.0 ] ] } },
{ "type": "Feature", "properties": { "OBJECTID": 123, "UNIQID": "BPP123", "OWNER": "Unknown", "MANAGER": "Unknown", "STATUS": "Proposed", "INSTALLED": null, "FTR_FUNCTN": "Bike Route", "FTR_TYP": "Bike Boulevard", "OVPATHNAME": null, "SGPATHLMT": null, "SRFMATRL": null }, "geometry": { "type": "LineString", "coordinates": [ [ -116.604768525263111, 43.57597563416396, 0.0 ], [ -116.604806875993916, 43.576547391575424, 0.0 ], [ -116.607500309647619, 43.576549221744941, 0.0 ], [ -116.607537776068114, 43.579189144339864, 0.0 ], [ -116.608051276618895, 43.579119286082104, 0.0 ], [ -116.608062211805134, 43.57988926351365, 0.0 ], [ -116.608607543142014, 43.579929171948649, 0.0 ], [ -116.610464740566385, 43.582339902798857, 0.0 ], [ -116.610490608002237, 43.582704661995898, 0.0 ], [ -116.609530639885463, 43.582696177670066, 0.0 ], [ -116.609517009316292, 43.583159582934726, 0.0 ] ] } },
{ "type": "Feature", "properties": { "OBJECTID": 124, "UNIQID": "BPP124", "OWNER": "Unknown", "MANAGER": "Unknown", "STATUS": "Proposed", "INSTALLED": null, "FTR_FUNCTN": "Bike Route", "FTR_TYP": "Bike Boulevard", "OVPATHNAME": null, "SGPATHLMT": null, "SRFMATRL": null }, "geometry": { "type": "LineString", "coordinates": [ [ -116.556720977654095, 43.576698812896623, 0.0 ], [ -116.570906785938135, 43.586328912311252, 0.0 ], [ -116.57235001565337, 43.586690298313449, 0.0 ] ] } },
{ "type": "Feature", "properties": { "OBJECTID": 125, "UNIQID": "BPP125", "OWNER": "Unknown", "MANAGER": "Unknown", "STATUS": "Proposed", "INSTALLED": null, "FTR_FUNCTN": "Bike Route", "FTR_TYP": "Bike Lane", "OVPATHNAME": null, "SGPATHLMT": null, "SRFMATRL": null }, "geometry": { "type": "LineString", "coordinates": [ [ -116.563283980633656, 43.641324823883686, 0.0 ], [ -116.563179182867728, 43.612324139488159, 0.0 ], [ -116.563282578518397, 43.641220886343596, 0.0 ] ] } },
{ "type": "Feature", "properties": { "OBJECTID": 126, "UNIQID": "BPP126", "OWNER": "Unknown", "MANAGER": "Unknown", "STATUS": "Proposed", "INSTALLED": null, "FTR_FUNCTN": "Pathway", "FTR_TYP": "Pathway", "OVPATHNAME": null, "SGPATHLMT": null, "SRFMATRL": null }, "geometry": { "type": "LineString", "coordinates": [ [ -116.541028788805008, 43.553319604711461, 0.0 ], [ -116.54018270286096, 43.553332816849789, 0.0 ] ] } },
{ "type": "Feature", "properties": { "OBJECTID": 127, "UNIQID": "BPP127", "OWNER": "Unknown", "MANAGER": "Unknown", "STATUS": "Proposed", "INSTALLED": null, "FTR_FUNCTN": "Pathway", "FTR_TYP": "Pathway", "OVPATHNAME": null, "SGPATHLMT": null, "SRFMATRL": null }, "geometry": { "type": "LineString", "coordinates": [ [ -116.572932880414527, 43.588448627437081, 0.0 ], [ -116.572043569274442, 43.588230590193241, 0.0 ], [ -116.57235001565337, 43.586690298313449, 0.0 ] ] } },
{ "type": "Feature", "properties": { "OBJECTID": 128, "UNIQID": "BPP128", "OWNER": "Unknown", "MANAGER": "Unknown", "STATUS": "Proposed", "INSTALLED": null, "FTR_FUNCTN": "Pathway", "FTR_TYP": "Pathway", "OVPATHNAME": null, "SGPATHLMT": null, "SRFMATRL": null }, "geometry": { "type": "LineString", "coordinates": [ [ -116.547941313086071, 43.569291624254362, 0.0 ], [ -116.550329141934924, 43.570912292291354, 0.0 ], [ -116.549360534536959, 43.571687310183684, 0.0 ], [ -116.554570157277155, 43.575238451150717, 0.0 ], [ -116.554089177446897, 43.575619717204411, 0.0 ], [ -116.556064511915125, 43.577017297611263, 0.0 ], [ -116.555688062352942, 43.577308868718077, 0.0 ] ] } },
{ "type": "Feature", "properties": { "OBJECTID": 129, "UNIQID": "BPP129", "OWNER": "Unknown", "MANAGER": "Unknown", "STATUS": "Proposed", "INSTALLED": null, "FTR_FUNCTN": "Bike Route", "FTR_TYP": "Bike Lane", "OVPATHNAME": null, "SGPATHLMT": null, "SRFMATRL": null }, "geometry": { "type": "LineString", "coordinates": [ [ -116.493549151511033, 43.634164641721, 0.0 ], [ -116.493451769488473, 43.517652709265533, 0.0 ] ] } },
{ "type": "Feature", "properties": { "OBJECTID": 130, "UNIQID": "BPP130", "OWNER": "Unknown", "MANAGER": "Unknown", "STATUS": "Proposed", "INSTALLED": null, "FTR_FUNCTN": "Bike Route", "FTR_TYP": "Bike Boulevard", "OVPATHNAME": null, "SGPATHLMT": null, "SRFMATRL": null }, "geometry": { "type": "LineString", "coordinates": [ [ -116.577960527339371, 43.563482811577828, 0.0 ], [ -116.578185558989603, 43.58833536200131, 0.0 ] ] } },
{ "type": "Feature", "properties": { "OBJECTID": 131, "UNIQID": "BPP131", "OWNER": "Unknown", "MANAGER": "Unknown", "STATUS": "Proposed", "INSTALLED": null, "FTR_FUNCTN": "Bike Route", "FTR_TYP": "Bike Boulevard", "OVPATHNAME": null, "SGPATHLMT": null, "SRFMATRL": null }, "geometry": { "type": "LineString", "coordinates": [ [ -116.578638354620551, 43.575999047340289, 0.0 ], [ -116.578666685108089, 43.579652976942768, 0.0 ] ] } },
{ "type": "Feature", "properties": { "OBJECTID": 132, "UNIQID": "BPP132", "OWNER": "Unknown", "MANAGER": "Unknown", "STATUS": "Proposed", "INSTALLED": null, "FTR_FUNCTN": "Bike Route", "FTR_TYP": "Bike Boulevard", "OVPATHNAME": null, "SGPATHLMT": null, "SRFMATRL": null }, "geometry": { "type": "LineString", "coordinates": [ [ -116.632945504402116, 43.612193041603419, 0.0 ], [ -116.613272960629686, 43.612254417979152, 0.0 ] ] } },
{ "type": "Feature", "properties": { "OBJECTID": 133, "UNIQID": "BPP133", "OWNER": "Unknown", "MANAGER": "Unknown", "STATUS": "Proposed", "INSTALLED": null, "FTR_FUNCTN": "Bike Route", "FTR_TYP": "Bike Lane", "OVPATHNAME": null, "SGPATHLMT": null, "SRFMATRL": null }, "geometry": { "type": "LineString", "coordinates": [ [ -116.512793641481494, 43.619477067457204, 0.0 ], [ -116.473645254698624, 43.61945294572908, 0.0 ] ] } },
{ "type": "Feature", "properties": { "OBJECTID": 134, "UNIQID": "BPP134", "OWNER": "Unknown", "MANAGER": "Unknown", "STATUS": "Proposed", "INSTALLED": null, "FTR_FUNCTN": "Bike Route", "FTR_TYP": "Bike Lane", "OVPATHNAME": null, "SGPATHLMT": null, "SRFMATRL": null }, "geometry": { "type": "LineString", "coordinates": [ [ -116.513187169972213, 43.605040860819642, 0.0 ], [ -116.473574010153001, 43.604874791628347, 0.0 ] ] } },
{ "type": "Feature", "properties": { "OBJECTID": 135, "UNIQID": "BPP135", "OWNER": "Unknown", "MANAGER": "Unknown", "STATUS": "Proposed", "INSTALLED": null, "FTR_FUNCTN": "Bike Route", "FTR_TYP": "Bike Lane", "OVPATHNAME": null, "SGPATHLMT": null, "SRFMATRL": null }, "geometry": { "type": "LineString", "coordinates": [ [ -116.509409818626722, 43.605041450410937, 0.0 ], [ -116.509440422039077, 43.604566343079462, 0.0 ], [ -116.508962291335223, 43.603763769190415, 0.0 ], [ -116.508945232335506, 43.602053826103756, 0.0 ] ] } },
{ "type": "Feature", "properties": { "OBJECTID": 136, "UNIQID": "BPP136", "OWNER": "Unknown", "MANAGER": "Unknown", "STATUS": "Proposed", "INSTALLED": null, "FTR_FUNCTN": "Bike Route", "FTR_TYP": "Bike Lane", "OVPATHNAME": null, "SGPATHLMT": null, "SRFMATRL": null }, "geometry": { "type": "LineString", "coordinates": [ [ -116.593186126906147, 43.633988512977751, 0.0 ], [ -116.475848041401733, 43.633916557402628, 0.0 ] ] } },
{ "type": "Feature", "properties": { "OBJECTID": 137, "UNIQID": "BPP137", "OWNER": "Unknown", "MANAGER": "Unknown", "STATUS": "Proposed", "INSTALLED": null, "FTR_FUNCTN": "Bike Route", "FTR_TYP": "Bike Boulevard", "OVPATHNAME": null, "SGPATHLMT": null, "SRFMATRL": null }, "geometry": { "type": "LineString", "coordinates": [ [ -116.593264315416121, 43.641570247824518, 0.0 ], [ -116.563343395920882, 43.641616044465771, 0.0 ] ] } },
{ "type": "Feature", "properties": { "OBJECTID": 138, "UNIQID": "BPP138", "OWNER": "Unknown", "MANAGER": "Unknown", "STATUS": "Proposed", "INSTALLED": null, "FTR_FUNCTN": "Pathway", "FTR_TYP": "Sidepath", "OVPATHNAME": null, "SGPATHLMT": null, "SRFMATRL": null }, "geometry": { "type": "LineString", "coordinates": [ [ -116.593238297828975, 43.638489053113204, 0.0 ], [ -116.593264315416121, 43.641570247824518, 0.0 ] ] } },
{ "type": "Feature", "properties": { "OBJECTID": 139, "UNIQID": "BPP139", "OWNER": "Unknown", "MANAGER": "Unknown", "STATUS": "Proposed", "INSTALLED": null, "FTR_FUNCTN": "Bike Route", "FTR_TYP": "Bike Boulevard", "OVPATHNAME": null, "SGPATHLMT": null, "SRFMATRL": null }, "geometry": { "type": "LineString", "coordinates": [ [ -116.603404522762929, 43.583211414577448, 0.0 ], [ -116.603557317133323, 43.581653903997747, 0.0 ], [ -116.603554193461008, 43.580607163642782, 0.0 ], [ -116.608481484378274, 43.580599751648478, 0.0 ], [ -116.608902317371374, 43.580458913999756, 0.0 ] ] } },
{ "type": "Feature", "properties": { "OBJECTID": 140, "UNIQID": "BPP140", "OWNER": "Unknown", "MANAGER": "Unknown", "STATUS": "Proposed", "INSTALLED": null, "FTR_FUNCTN": "Bike Route", "FTR_TYP": "Bike Boulevard", "OVPATHNAME": null, "SGPATHLMT": null, "SRFMATRL": null }, "geometry": { "type": "LineString", "coordinates": [ [ -116.582860521807021, 43.55429080142676, 0.0 ], [ -116.582784499158663, 43.550986392311245, 0.0 ] ] } },
{ "type": "Feature", "properties": { "OBJECTID": 141, "UNIQID": "BPP141", "OWNER": "Unknown", "MANAGER": "Unknown", "STATUS": "Proposed", "INSTALLED": null, "FTR_FUNCTN": "Bike Route", "FTR_TYP": "Bike Boulevard", "OVPATHNAME": null, "SGPATHLMT": null, "SRFMATRL": null }, "geometry": { "type": "LineString", "coordinates": [ [ -116.572768271676622, 43.549407944159341, 0.0 ], [ -116.575167965424569, 43.549615061011572, 0.0 ], [ -116.576085365912064, 43.549980272459869, 0.0 ], [ -116.576620809060714, 43.550250712058876, 0.0 ], [ -116.580705071880672, 43.550318387582216, 0.0 ], [ -116.581275708518575, 43.550364332264181, 0.0 ], [ -116.586992843624515, 43.550391608892596, 0.0 ], [ -116.587122794809204, 43.550243932061143, 0.0 ], [ -116.592715541181832, 43.550240086989042, 0.0 ] ] } },
{ "type": "Feature", "properties": { "OBJECTID": 142, "UNIQID": "BPP142", "OWNER": "Unknown", "MANAGER": "Unknown", "STATUS": "Proposed", "INSTALLED": null, "FTR_FUNCTN": "Bike Route", "FTR_TYP": "Bike Boulevard", "OVPATHNAME": null, "SGPATHLMT": null, "SRFMATRL": null }, "geometry": { "type": "LineString", "coordinates": [ [ -116.58270769135045, 43.55068559531923, 0.0 ], [ -116.582645293387955, 43.54713729968816, 0.0 ] ] } },
{ "type": "Feature", "properties": { "OBJECTID": 143, "UNIQID": "BPP143", "OWNER": "Unknown", "MANAGER": "Unknown", "STATUS": "Proposed", "INSTALLED": null, "FTR_FUNCTN": "Bike Route", "FTR_TYP": "Bike Boulevard", "OVPATHNAME": null, "SGPATHLMT": null, "SRFMATRL": null }, "geometry": { "type": "LineString", "coordinates": [ [ -116.577694210954405, 43.547114468338307, 0.0 ], [ -116.577719211625578, 43.542823733016014, 0.0 ] ] } },
{ "type": "Feature", "properties": { "OBJECTID": 144, "UNIQID": "BPP144", "OWNER": "Unknown", "MANAGER": "Unknown", "STATUS": "Proposed", "INSTALLED": null, "FTR_FUNCTN": "Bike Route", "FTR_TYP": "Bike Boulevard", "OVPATHNAME": null, "SGPATHLMT": null, "SRFMATRL": null }, "geometry": { "type": "LineString", "coordinates": [ [ -116.577796177066929, 43.542108988593256, 0.0 ], [ -116.577881537839929, 43.540330052274705, 0.0 ], [ -116.578226978281421, 43.540112816212002, 0.0 ], [ -116.579176701901389, 43.540103626972929, 0.0 ], [ -116.579349090982589, 43.540042581688212, 0.0 ], [ -116.579482540817224, 43.539885619380868, 0.0 ], [ -116.579530274442249, 43.539181744737355, 0.0 ] ] } },
{ "type": "Feature", "properties": { "OBJECTID": 145, "UNIQID": "BPP145", "OWNER": "Unknown", "MANAGER": "Unknown", "STATUS": "Proposed", "INSTALLED": null, "FTR_FUNCTN": "Bike Route", "FTR_TYP": "Bike Lane", "OVPATHNAME": null, "SGPATHLMT": null, "SRFMATRL": null }, "geometry": { "type": "LineString", "coordinates": [ [ -116.562724594919629, 43.546917416426119, 0.0 ], [ -116.562951217923015, 43.517366412671166, 0.0 ] ] } },
{ "type": "Feature", "properties": { "OBJECTID": 146, "UNIQID": "BPP146", "OWNER": "Unknown", "MANAGER": "Unknown", "STATUS": "Proposed", "INSTALLED": null, "FTR_FUNCTN": "Bike Route", "FTR_TYP": "Bike Lane", "OVPATHNAME": null, "SGPATHLMT": null, "SRFMATRL": null }, "geometry": { "type": "LineString", "coordinates": [ [ -116.562917182170807, 43.524624961558708, 0.0 ], [ -116.572880194882515, 43.524650104933933, 0.0 ] ] } },
{ "type": "Feature", "properties": { "OBJECTID": 147, "UNIQID": "BPP147", "OWNER": "Unknown", "MANAGER": "Unknown", "STATUS": "Proposed", "INSTALLED": null, "FTR_FUNCTN": "Bike Route", "FTR_TYP": "Bike Lane", "OVPATHNAME": null, "SGPATHLMT": null, "SRFMATRL": null }, "geometry": { "type": "LineString", "coordinates": [ [ -116.53288880430803, 43.531761181648264, 0.0 ], [ -116.532988874050332, 43.517341487840859, 0.0 ] ] } },
{ "type": "Feature", "properties": { "OBJECTID": 148, "UNIQID": "BPP148", "OWNER": "Unknown", "MANAGER": "Unknown", "STATUS": "Proposed", "INSTALLED": null, "FTR_FUNCTN": "Bike Route", "FTR_TYP": "Bike Lane", "OVPATHNAME": null, "SGPATHLMT": null, "SRFMATRL": null }, "geometry": { "type": "LineString", "coordinates": [ [ -116.512930224185865, 43.531838840209673, 0.0 ], [ -116.512957756830659, 43.517339267147449, 0.0 ] ] } },
{ "type": "Feature", "properties": { "OBJECTID": 149, "UNIQID": "BPP149", "OWNER": "Unknown", "MANAGER": "Unknown", "STATUS": "Proposed", "INSTALLED": null, "FTR_FUNCTN": "Bike Route", "FTR_TYP": "Bike Lane", "OVPATHNAME": null, "SGPATHLMT": null, "SRFMATRL": null }, "geometry": { "type": "LineString", "coordinates": [ [ -116.512931633829709, 43.532260979299025, 0.0 ], [ -116.493522139636895, 43.53217667241956, 0.0 ] ] } },
{ "type": "Feature", "properties": { "OBJECTID": 150, "UNIQID": "BPP150", "OWNER": "Unknown", "MANAGER": "Unknown", "STATUS": "Proposed", "INSTALLED": null, "FTR_FUNCTN": "Bike Route", "FTR_TYP": "Bike Lane", "OVPATHNAME": null, "SGPATHLMT": null, "SRFMATRL": null }, "geometry": { "type": "LineString", "coordinates": [ [ -116.51221670007692, 43.561359344786851, 0.0 ], [ -116.473676393633042, 43.561211780725117, 0.0 ] ] } },
{ "type": "Feature", "properties": { "OBJECTID": 151, "UNIQID": "BPP151", "OWNER": "Unknown", "MANAGER": "Unknown", "STATUS": "Proposed", "INSTALLED": null, "FTR_FUNCTN": "Bike Route", "FTR_TYP": "Bike Boulevard", "OVPATHNAME": null, "SGPATHLMT": null, "SRFMATRL": null }, "geometry": { "type": "LineString", "coordinates": [ [ -116.523229636535575, 43.586745154596009, 0.0 ], [ -116.52321382642738, 43.583919060151153, 0.0 ], [ -116.523864662033063, 43.5831130998017, 0.0 ] ] } },
{ "type": "Feature", "properties": { "OBJECTID": 152, "UNIQID": "BPP152", "OWNER": "Unknown", "MANAGER": "Unknown", "STATUS": "Proposed", "INSTALLED": null, "FTR_FUNCTN": "Bike Route", "FTR_TYP": "Bike Boulevard", "OVPATHNAME": null, "SGPATHLMT": null, "SRFMATRL": null }, "geometry": { "type": "LineString", "coordinates": [ [ -116.518318169956871, 43.586723134257277, 0.0 ], [ -116.518184332908604, 43.58321495446193, 0.0 ], [ -116.514126932456804, 43.583214782871565, 0.0 ] ] } },
{ "type": "Feature", "properties": { "OBJECTID": 153, "UNIQID": "BPP153", "OWNER": "Unknown", "MANAGER": "Unknown", "STATUS": "Proposed", "INSTALLED": null, "FTR_FUNCTN": "Bike Route", "FTR_TYP": "Bike Lane", "OVPATHNAME": null, "SGPATHLMT": null, "SRFMATRL": null }, "geometry": { "type": "LineString", "coordinates": [ [ -116.550328383030305, 43.570912290403221, 0.0 ], [ -116.556529231915505, 43.575144308127143, 0.0 ] ] } },
{ "type": "Feature", "properties": { "OBJECTID": 154, "UNIQID": "BPP154", "OWNER": "Unknown", "MANAGER": "Unknown", "STATUS": "Proposed", "INSTALLED": null, "FTR_FUNCTN": "Bike Route", "FTR_TYP": "Bike Lane", "OVPATHNAME": null, "SGPATHLMT": null, "SRFMATRL": null }, "geometry": { "type": "LineString", "coordinates": [ [ -116.513116964708914, 43.648688440111613, 0.0 ], [ -116.493457738087855, 43.648619126246267, 0.0 ] ] } },
{ "type": "Feature", "properties": { "OBJECTID": 155, "UNIQID": "BPP155", "OWNER": "Unknown", "MANAGER": "Unknown", "STATUS": "Proposed", "INSTALLED": null, "FTR_FUNCTN": "Bike Route", "FTR_TYP": "Bike Lane", "OVPATHNAME": null, "SGPATHLMT": null, "SRFMATRL": null }, "geometry": { "type": "LineString", "coordinates": [ [ -116.493457738087855, 43.648619126246267, 0.0 ], [ -116.493549151511033, 43.634164641721, 0.0 ] ] } },
{ "type": "Feature", "properties": { "OBJECTID": 156, "UNIQID": "BPP156", "OWNER": "Unknown", "MANAGER": "Unknown", "STATUS": "Proposed", "INSTALLED": null, "FTR_FUNCTN": "Bike Route", "FTR_TYP": "Bike Lane", "OVPATHNAME": null, "SGPATHLMT": null, "SRFMATRL": null }, "geometry": { "type": "LineString", "coordinates": [ [ -116.512979830735006, 43.663158803016586, 0.0 ], [ -116.51316168041177, 43.634179516938545, 0.0 ] ] } },
{ "type": "Feature", "properties": { "OBJECTID": 157, "UNIQID": "BPP157", "OWNER": "Unknown", "MANAGER": "Unknown", "STATUS": "Proposed", "INSTALLED": null, "FTR_FUNCTN": "Pathway", "FTR_TYP": "Sidepath", "OVPATHNAME": null, "SGPATHLMT": null, "SRFMATRL": null }, "geometry": { "type": "LineString", "coordinates": [ [ -116.5132392921102, 43.59411967125844, 0.0 ], [ -116.51588485159057, 43.594133163999672, 0.0 ], [ -116.516194315246111, 43.594188430988858, 0.0 ], [ -116.516741074589362, 43.594531022551514, 0.0 ], [ -116.517144895656415, 43.594927484678145, 0.0 ] ] } },
{ "type": "Feature", "properties": { "OBJECTID": 158, "UNIQID": "BPP158", "OWNER": "Unknown", "MANAGER": "Unknown", "STATUS": "Proposed", "INSTALLED": null, "FTR_FUNCTN": "Bike Route", "FTR_TYP": "Bike Boulevard", "OVPATHNAME": null, "SGPATHLMT": null, "SRFMATRL": null }, "geometry": { "type": "LineString", "coordinates": [ [ -116.520781860207691, 43.596036602190075, 0.0 ], [ -116.520724788364561, 43.59413544169341, 0.0 ], [ -116.523254256943289, 43.594140486863544, 0.0 ] ] } },
{ "type": "Feature", "properties": { "OBJECTID": 159, "UNIQID": "BPP159", "OWNER": "Unknown", "MANAGER": "Unknown", "STATUS": "Proposed", "INSTALLED": null, "FTR_FUNCTN": "Bike Route", "FTR_TYP": "Bike Boulevard", "OVPATHNAME": null, "SGPATHLMT": null, "SRFMATRL": null }, "geometry": { "type": "LineString", "coordinates": [ [ -116.523245445690733, 43.595326666612422, 0.0 ], [ -116.527256534266925, 43.595286331044846, 0.0 ], [ -116.527291647532763, 43.59405814674988, 0.0 ], [ -116.52815343123352, 43.594058237284592, 0.0 ] ] } },
{ "type": "Feature", "properties": { "OBJECTID": 160, "UNIQID": "BPP160", "OWNER": "Unknown", "MANAGER": "Unknown", "STATUS": "Proposed", "INSTALLED": null, "FTR_FUNCTN": "Bike Route", "FTR_TYP": "Bike Boulevard", "OVPATHNAME": null, "SGPATHLMT": null, "SRFMATRL": null }, "geometry": { "type": "LineString", "coordinates": [ [ -116.555506879368679, 43.58366491853112, 0.0 ], [ -116.549231033311159, 43.579384774904788, 0.0 ] ] } },
{ "type": "Feature", "properties": { "OBJECTID": 161, "UNIQID": "BPP161", "OWNER": "Unknown", "MANAGER": "Unknown", "STATUS": "Proposed", "INSTALLED": null, "FTR_FUNCTN": "Bike Route", "FTR_TYP": "Bike Boulevard", "OVPATHNAME": null, "SGPATHLMT": null, "SRFMATRL": null }, "geometry": { "type": "LineString", "coordinates": [ [ -116.55216261353803, 43.577108574277503, 0.0 ], [ -116.549231033311159, 43.579384774904788, 0.0 ] ] } },
{ "type": "Feature", "properties": { "OBJECTID": 162, "UNIQID": "BPP162", "OWNER": "Unknown", "MANAGER": "Unknown", "STATUS": "Proposed", "INSTALLED": null, "FTR_FUNCTN": "Bike Route", "FTR_TYP": "Bike Lane", "OVPATHNAME": null, "SGPATHLMT": null, "SRFMATRL": null }, "geometry": { "type": "LineString", "coordinates": [ [ -116.562763681696055, 43.577970210669449, 0.0 ], [ -116.555488472909062, 43.572999125690721, 0.0 ] ] } },
{ "type": "Feature", "properties": { "OBJECTID": 163, "UNIQID": "BPP163", "OWNER": "Unknown", "MANAGER": "Unknown", "STATUS": "Proposed", "INSTALLED": null, "FTR_FUNCTN": "Bike Route", "FTR_TYP": "Bike Boulevard", "OVPATHNAME": null, "SGPATHLMT": null, "SRFMATRL": null }, "geometry": { "type": "LineString", "coordinates": [ [ -116.555488472909062, 43.572999125690721, 0.0 ], [ -116.551297025832909, 43.570158800112438, 0.0 ] ] } },
{ "type": "Feature", "properties": { "OBJECTID": 164, "UNIQID": "BPP164", "OWNER": "Unknown", "MANAGER": "Unknown", "STATUS": "Proposed", "INSTALLED": null, "FTR_FUNCTN": "Bike Route", "FTR_TYP": "Bike Boulevard", "OVPATHNAME": null, "SGPATHLMT": null, "SRFMATRL": null }, "geometry": { "type": "LineString", "coordinates": [ [ -116.551297785965843, 43.570158801985549, 0.0 ], [ -116.549728482217049, 43.569082322733401, 0.0 ], [ -116.550179743343662, 43.568697367133353, 0.0 ], [ -116.550214781496081, 43.565100345750189, 0.0 ] ] } },
{ "type": "Feature", "properties": { "OBJECTID": 165, "UNIQID": "BPP165", "OWNER": "Unknown", "MANAGER": "Unknown", "STATUS": "Proposed", "INSTALLED": null, "FTR_FUNCTN": "Bike Route", "FTR_TYP": "Bike Boulevard", "OVPATHNAME": null, "SGPATHLMT": null, "SRFMATRL": null }, "geometry": { "type": "LineString", "coordinates": [ [ -116.549728482217049, 43.569082322733401, 0.0 ], [ -116.549218664869656, 43.568778105472823, 0.0 ], [ -116.548247766121747, 43.569499816444136, 0.0 ] ] } },
{ "type": "Feature", "properties": { "OBJECTID": 166, "UNIQID": "BPP166", "OWNER": "Unknown", "MANAGER": "Unknown", "STATUS": "Proposed", "INSTALLED": null, "FTR_FUNCTN": "Bike Route", "FTR_TYP": "Bike Boulevard", "OVPATHNAME": null, "SGPATHLMT": null, "SRFMATRL": null }, "geometry": { "type": "LineString", "coordinates": [ [ -116.571519696387568, 43.56866760460499, 0.0 ], [ -116.571537040307192, 43.563448636333078, 0.0 ] ] } },
{ "type": "Feature", "properties": { "OBJECTID": 167, "UNIQID": "BPP167", "OWNER": "Unknown", "MANAGER": "Unknown", "STATUS": "Proposed", "INSTALLED": null, "FTR_FUNCTN": "Bike Route", "FTR_TYP": "Bike Boulevard", "OVPATHNAME": null, "SGPATHLMT": null, "SRFMATRL": null }, "geometry": { "type": "LineString", "coordinates": [ [ -116.575800369890374, 43.563473477188516, 0.0 ], [ -116.572930547862669, 43.563455512770894, 0.0 ] ] } },
{ "type": "Feature", "properties": { "OBJECTID": 168, "UNIQID": "BPP168", "OWNER": "Unknown", "MANAGER": "Unknown", "STATUS": "Proposed", "INSTALLED": null, "FTR_FUNCTN": "Bike Route", "FTR_TYP": "Bike Boulevard", "OVPATHNAME": null, "SGPATHLMT": null, "SRFMATRL": null }, "geometry": { "type": "LineString", "coordinates": [ [ -116.572848657168009, 43.552945948876655, 0.0 ], [ -116.567229817649931, 43.552903993803248, 0.0 ] ] } },
{ "type": "Feature", "properties": { "OBJECTID": 169, "UNIQID": "BPP169", "OWNER": "Unknown", "MANAGER": "Unknown", "STATUS": "Proposed", "INSTALLED": null, "FTR_FUNCTN": "Bike Route", "FTR_TYP": "Bike Boulevard", "OVPATHNAME": null, "SGPATHLMT": null, "SRFMATRL": null }, "geometry": { "type": "LineString", "coordinates": [ [ -116.560738549187562, 43.590082518826158, 0.0 ], [ -116.558784651784535, 43.591644441942094, 0.0 ], [ -116.55846173512829, 43.592289433130667, 0.0 ], [ -116.558443243519392, 43.593124830681816, 0.0 ], [ -116.55830669271144, 43.593790908724849, 0.0 ], [ -116.555207789407007, 43.597091798190448, 0.0 ], [ -116.554836417298304, 43.597348139115368, 0.0 ], [ -116.554133423653752, 43.597549706314773, 0.0 ], [ -116.553132989892958, 43.597614339026805, 0.0 ] ] } },
{ "type": "Feature", "properties": { "OBJECTID": 170, "UNIQID": "BPP170", "OWNER": "Unknown", "MANAGER": "Unknown", "STATUS": "Proposed", "INSTALLED": null, "FTR_FUNCTN": "Bike Route", "FTR_TYP": "Bike Boulevard", "OVPATHNAME": null, "SGPATHLMT": null, "SRFMATRL": null }, "geometry": { "type": "LineString", "coordinates": [ [ -116.59314608167773, 43.58807327936217, 0.0 ], [ -116.596386335475827, 43.588078948024439, 0.0 ], [ -116.597024893752902, 43.587986743926081, 0.0 ], [ -116.599665257800439, 43.586953611502025, 0.0 ] ] } },
{ "type": "Feature", "properties": { "OBJECTID": 171, "UNIQID": "BPP171", "OWNER": "Unknown", "MANAGER": "Unknown", "STATUS": "Proposed", "INSTALLED": null, "FTR_FUNCTN": "Bike Route", "FTR_TYP": "Bike Boulevard", "OVPATHNAME": null, "SGPATHLMT": null, "SRFMATRL": null }, "geometry": { "type": "LineString", "coordinates": [ [ -116.537993756148637, 43.552735191086136, 0.0 ], [ -116.537965634094817, 43.548814162586503, 0.0 ], [ -116.541884472359939, 43.548820879104305, 0.0 ], [ -116.541678273702985, 43.548124643842193, 0.0 ] ] } },
{ "type": "Feature", "properties": { "OBJECTID": 172, "UNIQID": "BPP172", "OWNER": "Unknown", "MANAGER": "Unknown", "STATUS": "Proposed", "INSTALLED": null, "FTR_FUNCTN": "Bike Route", "FTR_TYP": "Bike Boulevard", "OVPATHNAME": null, "SGPATHLMT": null, "SRFMATRL": null }, "geometry": { "type": "LineString", "coordinates": [ [ -116.542303129459313, 43.550169837294426, 0.0 ], [ -116.541884472359939, 43.548820879104305, 0.0 ] ] } },
{ "type": "Feature", "properties": { "OBJECTID": 173, "UNIQID": "BPP173", "OWNER": "Unknown", "MANAGER": "Unknown", "STATUS": "Proposed", "INSTALLED": null, "FTR_FUNCTN": "Bike Route", "FTR_TYP": "Bike Boulevard", "OVPATHNAME": null, "SGPATHLMT": null, "SRFMATRL": null }, "geometry": { "type": "LineString", "coordinates": [ [ -116.54690030948251, 43.590354180200293, 0.0 ], [ -116.546602442397159, 43.59006269030165, 0.0 ], [ -116.546770176750186, 43.589523476212833, 0.0 ], [ -116.546840080802909, 43.589123710360369, 0.0 ], [ -116.546833043062335, 43.58669489368485, 0.0 ] ] } },
{ "type": "Feature", "properties": { "OBJECTID": 174, "UNIQID": "BPP174", "OWNER": "Unknown", "MANAGER": "Unknown", "STATUS": "Proposed", "INSTALLED": null, "FTR_FUNCTN": "Bike Route", "FTR_TYP": "Bike Boulevard", "OVPATHNAME": null, "SGPATHLMT": null, "SRFMATRL": null }, "geometry": { "type": "LineString", "coordinates": [ [ -116.537169930027034, 43.565901187673582, 0.0 ], [ -116.5361446150295, 43.566657783066127, 0.0 ], [ -116.535671238614583, 43.566776448197537, 0.0 ], [ -116.534644645614605, 43.56685270042297, 0.0 ], [ -116.532890417451213, 43.56687703502628, 0.0 ] ] } },
{ "type": "Feature", "properties": { "OBJECTID": 175, "UNIQID": "BPP175", "OWNER": "Unknown", "MANAGER": "Unknown", "STATUS": "Proposed", "INSTALLED": null, "FTR_FUNCTN": "Pathway", "FTR_TYP": "Pathway", "OVPATHNAME": null, "SGPATHLMT": null, "SRFMATRL": null }, "geometry": { "type": "LineString", "coordinates": [ [ -116.475670919851126, 43.557658750006496, 0.0 ], [ -116.475724147196729, 43.536055168175722, 0.0 ] ] } },
{ "type": "Feature", "properties": { "OBJECTID": 176, "UNIQID": "BPP176", "OWNER": "Unknown", "MANAGER": "Unknown", "STATUS": "Proposed", "INSTALLED": null, "FTR_FUNCTN": "Pathway", "FTR_TYP": "Pathway", "OVPATHNAME": null, "SGPATHLMT": null, "SRFMATRL": null }, "geometry": { "type": "LineString", "coordinates": [ [ -116.506194288434983, 43.517581654863584, 0.0 ], [ -116.512950336776839, 43.517684509306008, 0.0 ], [ -116.512965572321349, 43.517340809111509, 0.0 ], [ -116.562951217923015, 43.517366412671166, 0.0 ] ] } },
{ "type": "Feature", "properties": { "OBJECTID": 177, "UNIQID": "BPP177", "OWNER": "Unknown", "MANAGER": "Unknown", "STATUS": "Proposed", "INSTALLED": null, "FTR_FUNCTN": "Pathway", "FTR_TYP": "Pathway", "OVPATHNAME": null, "SGPATHLMT": null, "SRFMATRL": null }, "geometry": { "type": "LineString", "coordinates": [ [ -116.594233608580552, 43.521285378262952, 0.0 ], [ -116.593951886977948, 43.532084456495838, 0.0 ] ] } },
{ "type": "Feature", "properties": { "OBJECTID": 178, "UNIQID": "BPP178", "OWNER": "Unknown", "MANAGER": "Unknown", "STATUS": "Proposed", "INSTALLED": null, "FTR_FUNCTN": "Pathway", "FTR_TYP": "Pathway", "OVPATHNAME": null, "SGPATHLMT": null, "SRFMATRL": null }, "geometry": { "type": "LineString", "coordinates": [ [ -116.533074641102488, 43.597543560665102, 0.0 ], [ -116.532896534328401, 43.567439812547924, 0.0 ] ] } },
{ "type": "Feature", "properties": { "OBJECTID": 179, "UNIQID": "BPP179", "OWNER": "Unknown", "MANAGER": "Unknown", "STATUS": "Proposed", "INSTALLED": null, "FTR_FUNCTN": "Pathway", "FTR_TYP": "Pathway", "OVPATHNAME": null, "SGPATHLMT": null, "SRFMATRL": null }, "geometry": { "type": "LineString", "coordinates": [ [ -116.644244677906357, 43.60209640448624, 0.0 ], [ -116.644002240315601, 43.599284250082469, 0.0 ], [ -116.64320965026927, 43.594878135365526, 0.0 ], [ -116.643038108554492, 43.590295274103624, 0.0 ], [ -116.643050311106506, 43.586581889379971, 0.0 ], [ -116.646313172182829, 43.581483349983031, 0.0 ], [ -116.648909090697714, 43.580072768442392, 0.0 ], [ -116.649410384855969, 43.578251810471635, 0.0 ], [ -116.649379492877543, 43.576739906719759, 0.0 ], [ -116.652727743506219, 43.568445481151656, 0.0 ], [ -116.652743158027079, 43.561055334842301, 0.0 ], [ -116.649263500907821, 43.559363296777292, 0.0 ] ] } },
{ "type": "Feature", "properties": { "OBJECTID": 180, "UNIQID": "BPP180", "OWNER": "Unknown", "MANAGER": "Unknown", "STATUS": "Proposed", "INSTALLED": null, "FTR_FUNCTN": "Pathway", "FTR_TYP": "Pathway", "OVPATHNAME": null, "SGPATHLMT": null, "SRFMATRL": null }, "geometry": { "type": "LineString", "coordinates": [ [ -116.474243892932421, 43.623271468860843, 0.0 ], [ -116.47381812437736, 43.610117859468154, 0.0 ] ] } },
{ "type": "Feature", "properties": { "OBJECTID": 181, "UNIQID": "BPP181", "OWNER": "Unknown", "MANAGER": "Unknown", "STATUS": "Proposed", "INSTALLED": null, "FTR_FUNCTN": "Pathway", "FTR_TYP": "Pathway", "OVPATHNAME": null, "SGPATHLMT": null, "SRFMATRL": null }, "geometry": { "type": "LineString", "coordinates": [ [ -116.533454604854526, 43.682932656785653, 0.0 ], [ -116.533994298469153, 43.635594471222667, 0.0 ] ] } },
{ "type": "Feature", "properties": { "OBJECTID": 182, "UNIQID": "BPP182", "OWNER": "Unknown", "MANAGER": "Unknown", "STATUS": "Proposed", "INSTALLED": null, "FTR_FUNCTN": "Pathway", "FTR_TYP": "Pathway", "OVPATHNAME": null, "SGPATHLMT": null, "SRFMATRL": null }, "geometry": { "type": "LineString", "coordinates": [ [ -116.553335533344196, 43.680135161261234, 0.0 ], [ -116.553107424225146, 43.634042200504744, 0.0 ] ] } },
{ "type": "Feature", "properties": { "OBJECTID": 183, "UNIQID": "BPP183", "OWNER": "Unknown", "MANAGER": "Unknown", "STATUS": "Proposed", "INSTALLED": null, "FTR_FUNCTN": "Pathway", "FTR_TYP": "Pathway", "OVPATHNAME": null, "SGPATHLMT": null, "SRFMATRL": null }, "geometry": { "type": "LineString", "coordinates": [ [ -116.563421729010301, 43.681195095613681, 0.0 ], [ -116.563245724912406, 43.648648112138545, 0.0 ] ] } },
{ "type": "Feature", "properties": { "OBJECTID": 184, "UNIQID": "BPP184", "OWNER": "Unknown", "MANAGER": "Unknown", "STATUS": "Proposed", "INSTALLED": null, "FTR_FUNCTN": "Pathway", "FTR_TYP": "Pathway", "OVPATHNAME": null, "SGPATHLMT": null, "SRFMATRL": null }, "geometry": { "type": "LineString", "coordinates": [ [ -116.55455759827106, 43.648191579271767, 0.0 ], [ -116.552296558592388, 43.647959495684553, 0.0 ], [ -116.551097507829454, 43.648212222602737, 0.0 ], [ -116.548764999448679, 43.648720223603149, 0.0 ], [ -116.529536337876763, 43.648698211911544, 0.0 ], [ -116.513058793283378, 43.648633455033028, 0.0 ] ] } },
{ "type": "Feature", "properties": { "OBJECTID": 185, "UNIQID": "BPP185", "OWNER": "Unknown", "MANAGER": "Unknown", "STATUS": "Proposed", "INSTALLED": null, "FTR_FUNCTN": "Pathway", "FTR_TYP": "Pathway", "OVPATHNAME": null, "SGPATHLMT": null, "SRFMATRL": null }, "geometry": { "type": "LineString", "coordinates": [ [ -116.563502812415194, 43.669887890559636, 0.0 ], [ -116.51375272861776, 43.669809205233079, 0.0 ] ] } },
{ "type": "Feature", "properties": { "OBJECTID": 186, "UNIQID": "BPP186", "OWNER": "Unknown", "MANAGER": "Unknown", "STATUS": "Proposed", "INSTALLED": null, "FTR_FUNCTN": "Pathway", "FTR_TYP": "Pathway", "OVPATHNAME": null, "SGPATHLMT": null, "SRFMATRL": null }, "geometry": { "type": "LineString", "coordinates": [ [ -116.513543230731187, 43.681365124553949, 0.0 ], [ -116.515212921141355, 43.680657794681352, 0.0 ], [ -116.517238586255615, 43.680309357905131, 0.0 ], [ -116.518804189277404, 43.680198593657167, 0.0 ], [ -116.520716909566332, 43.679750610058946, 0.0 ], [ -116.523534218237884, 43.679351558729174, 0.0 ], [ -116.525506990824965, 43.67928310888675, 0.0 ], [ -116.527073436360098, 43.679881614200575, 0.0 ], [ -116.527163143743721, 43.680931184057911, 0.0 ], [ -116.527664770601987, 43.681890220315239, 0.0 ], [ -116.528304979801533, 43.682396830036161, 0.0 ], [ -116.530949490683795, 43.682900915575672, 0.0 ], [ -116.533454604854526, 43.682932656785653, 0.0 ], [ -116.535055950240718, 43.6825872988966, 0.0 ], [ -116.536685268965385, 43.681382234944827, 0.0 ], [ -116.538350125573118, 43.680326518451487, 0.0 ], [ -116.539022904793583, 43.679130390281124, 0.0 ], [ -116.539873345559513, 43.677618365185921, 0.0 ], [ -116.540697702948265, 43.676481398346546, 0.0 ], [ -116.542973227478669, 43.676291593624676, 0.0 ], [ -116.544658502378894, 43.67680201316675, 0.0 ], [ -116.545709574873285, 43.677208672310975, 0.0 ], [ -116.548887298480523, 43.678512418245077, 0.0 ], [ -116.549960531929884, 43.679281685528821, 0.0 ], [ -116.551183264381919, 43.68058536989205, 0.0 ], [ -116.552142408086922, 43.680578642957187, 0.0 ], [ -116.553637258259243, 43.679762048105893, 0.0 ], [ -116.554397123307027, 43.678822387672326, 0.0 ], [ -116.556068584663151, 43.678288489583892, 0.0 ], [ -116.557747019885838, 43.678276640925411, 0.0 ], [ -116.559445341675257, 43.679743975535231, 0.0 ], [ -116.560302145229855, 43.68104321220239, 0.0 ], [ -116.560908645316843, 43.681561033937761, 0.0 ], [ -116.562466100923302, 43.681462953655185, 0.0 ], [ -116.563421729010301, 43.681195095613681, 0.0 ] ] } },
{ "type": "Feature", "properties": { "OBJECTID": 187, "UNIQID": "BPP187", "OWNER": "Unknown", "MANAGER": "Unknown", "STATUS": "Proposed", "INSTALLED": null, "FTR_FUNCTN": "Bike Route", "FTR_TYP": "Buffered Bike Lane or Sidepath", "OVPATHNAME": null, "SGPATHLMT": null, "SRFMATRL": null }, "geometry": { "type": "LineString", "coordinates": [ [ -116.574277046845211, 43.569008433801066, 0.0 ], [ -116.551767854451143, 43.586570646666082, 0.0 ] ] } },
{ "type": "Feature", "properties": { "OBJECTID": 188, "UNIQID": "BPP188", "OWNER": "Unknown", "MANAGER": "Unknown", "STATUS": "Proposed", "INSTALLED": null, "FTR_FUNCTN": "Pathway", "FTR_TYP": "Pathway", "OVPATHNAME": "Grimes Creek Pathway", "SGPATHLMT": "11th Ave N to McDermott Rd", "SRFMATRL": null }, "geometry": { "type": "LineString", "coordinates": [ [ -116.47381812437736, 43.610117859468154, 0.0 ], [ -116.513012139742102, 43.610656852743446, 0.0 ], [ -116.530616145831658, 43.610883849101135, 0.0 ], [ -116.53129131689893, 43.610866888952408, 0.0 ], [ -116.53194586691545, 43.61080950969319, 0.0 ], [ -116.532600141255259, 43.610730967028317, 0.0 ], [ -116.533233145510764, 43.610635848641465, 0.0 ] ] } },
{ "type": "Feature", "properties": { "OBJECTID": 189, "UNIQID": "BPP189", "OWNER": "Unknown", "MANAGER": "Unknown", "STATUS": "Proposed", "INSTALLED": null, "FTR_FUNCTN": "Pathway", "FTR_TYP": "Pathway", "OVPATHNAME": null, "SGPATHLMT": null, "SRFMATRL": null }, "geometry": { "type": "LineString", "coordinates": [ [ -116.543087771501831, 43.569752852888811, 0.0 ], [ -116.543087135900848, 43.570220840304117, 0.0 ], [ -116.543092069281983, 43.575886920956528, 0.0 ], [ -116.542980141836154, 43.586552842179586, 0.0 ], [ -116.543250144281686, 43.595312844073028, 0.0 ], [ -116.54359014600773, 43.598560844600463, 0.0 ], [ -116.543568145582753, 43.599586845420099, 0.0 ], [ -116.543503146453844, 43.601522845724475, 0.0 ], [ -116.543859147644469, 43.602538845253349, 0.0 ], [ -116.543611147345487, 43.603661845961661, 0.0 ], [ -116.542303147213275, 43.605159846093862, 0.0 ], [ -116.540266147035481, 43.605345846962678, 0.0 ], [ -116.538377146623162, 43.605094846552653, 0.0 ], [ -116.537117146785761, 43.605123847272743, 0.0 ], [ -116.53633114486648, 43.605677847768767, 0.0 ], [ -116.535908144963884, 43.606795847530059, 0.0 ], [ -116.534605144890648, 43.608090848193413, 0.0 ], [ -116.532585145150051, 43.608351848169484, 0.0 ], [ -116.532969144965875, 43.609313847961459, 0.0 ], [ -116.533322145776481, 43.61059484826464, 0.0 ] ] } },
{ "type": "Feature", "properties": { "OBJECTID": 190, "UNIQID": "BPP190", "OWNER": "Unknown", "MANAGER": "Unknown", "STATUS": "Proposed", "INSTALLED": null, "FTR_FUNCTN": "Pathway", "FTR_TYP": "Pedestrian Bridge", "OVPATHNAME": null, "SGPATHLMT": null, "SRFMATRL": null }, "geometry": { "type": "LineString", "coordinates": [ [ -116.544672532446228, 43.567171989125924, 0.0 ], [ -116.543089134723914, 43.56874784031401, 0.0 ], [ -116.543087771501831, 43.569752852888811, 0.0 ] ] } },
{ "type": "Feature", "properties": { "OBJECTID": 191, "UNIQID": "BPP191", "OWNER": "Unknown", "MANAGER": "Unknown", "STATUS": "Proposed", "INSTALLED": null, "FTR_FUNCTN": "Pathway", "FTR_TYP": "Sidepath", "OVPATHNAME": null, "SGPATHLMT": null, "SRFMATRL": null }, "geometry": { "type": "LineString", "coordinates": [ [ -116.520780236432927, 43.596038048814691, 0.0 ], [ -116.519734187133395, 43.596066585236137, 0.0 ], [ -116.518899994925718, 43.596434193799716, 0.0 ], [ -116.518587623961352, 43.596607766331275, 0.0 ], [ -116.516857336108416, 43.596600333678701, 0.0 ], [ -116.515501734491622, 43.596133849243571, 0.0 ] ] } },
{ "type": "Feature", "properties": { "OBJECTID": 192, "UNIQID": "BPP198", "OWNER": "Private", "MANAGER": "Private", "STATUS": "Active", "INSTALLED": null, "FTR_FUNCTN": "Pathway", "FTR_TYP": "Pathway", "OVPATHNAME": "Private Pathway", "SGPATHLMT": "Isalnds Sub Only", "SRFMATRL": "Asphalt" }, "geometry": { "type": "LineString", "coordinates": [ [ -116.541977015140318, 43.541503414820411, 0.0 ], [ -116.541968466056034, 43.541525623266693, 0.0 ], [ -116.541947093517635, 43.541543632374086, 0.0 ], [ -116.541862223460967, 43.541587803088944, 0.0 ], [ -116.541838868635224, 43.541604397417004, 0.0 ], [ -116.541781721032152, 43.541665523326877, 0.0 ], [ -116.541750565616795, 43.541686458925582, 0.0 ], [ -116.541711544184764, 43.541706734292973, 0.0 ], [ -116.541663730435431, 43.541730643101204, 0.0 ], [ -116.541637465721251, 43.54175011541453, 0.0 ], [ -116.541602606230867, 43.541788223884517, 0.0 ], [ -116.541540743782846, 43.541864386398302, 0.0 ], [ -116.54150885814478, 43.54190461743277, 0.0 ], [ -116.541478787711355, 43.541933404382689, 0.0 ], [ -116.5414428521578, 43.541964375109167, 0.0 ], [ -116.541401314390896, 43.542017533827469, 0.0 ], [ -116.541336982081106, 43.542130151034101, 0.0 ], [ -116.541270582895223, 43.542259687638179, 0.0 ], [ -116.541230921978936, 43.542356657384481, 0.0 ], [ -116.541217152894376, 43.542417540395064, 0.0 ], [ -116.541214123932846, 43.542449060112602, 0.0 ], [ -116.541225448503312, 43.54250137585143, 0.0 ], [ -116.541222431595372, 43.54252104452209, 0.0 ], [ -116.541211254655849, 43.542542556400264, 0.0 ], [ -116.541189475989313, 43.542567118337885, 0.0 ], [ -116.541144206289957, 43.542610299764569, 0.0 ], [ -116.541143451010427, 43.542649815702127, 0.0 ] ] } },
{ "type": "Feature", "properties": { "OBJECTID": 193, "UNIQID": "BPP199", "OWNER": "Private", "MANAGER": "Private", "STATUS": "Active", "INSTALLED": "2007-10-05T07:00:00Z", "FTR_FUNCTN": "Pathway", "FTR_TYP": "Pathway", "OVPATHNAME": "Phyllis Pathway", "SGPATHLMT": "Smith Ave to Middleton Rd", "SRFMATRL": "Asphalt" }, "geometry": { "type": "LineString", "coordinates": [ [ -116.613276097968125, 43.584076328465073, 0.0 ], [ -116.613339635048732, 43.584077471550394, 0.0 ], [ -116.613365023421494, 43.584078901814905, 0.0 ], [ -116.613390866803073, 43.584082018146539, 0.0 ], [ -116.613490745560142, 43.58410008150171, 0.0 ], [ -116.613526945129991, 43.584105413962327, 0.0 ], [ -116.613566177619731, 43.584108006064369, 0.0 ], [ -116.613619531505478, 43.584108549933788, 0.0 ], [ -116.613879772509733, 43.584097906580652, 0.0 ], [ -116.61394396506013, 43.584096653680781, 0.0 ], [ -116.614077965036969, 43.584096705755087, 0.0 ], [ -116.614183277471312, 43.584101268068075, 0.0 ], [ -116.614555796471237, 43.584103357947988, 0.0 ], [ -116.614752806170472, 43.584092793837442, 0.0 ], [ -116.614810116162701, 43.584091169460891, 0.0 ], [ -116.614868295685611, 43.584093111019541, 0.0 ], [ -116.614939236592434, 43.584096264758486, 0.0 ], [ -116.615076478275526, 43.584103146383953, 0.0 ], [ -116.615132995447212, 43.58410331366602, 0.0 ], [ -116.615178439241504, 43.584102374777885, 0.0 ], [ -116.615288125586176, 43.584098402318226, 0.0 ], [ -116.615414986915738, 43.584091355472452, 0.0 ], [ -116.615478447689483, 43.584090280071912, 0.0 ], [ -116.615557084799192, 43.584090874651658, 0.0 ], [ -116.615837318393545, 43.584099172231674, 0.0 ], [ -116.615937696774509, 43.584102281513587, 0.0 ], [ -116.616047867925502, 43.584102935725859, 0.0 ], [ -116.616208772566765, 43.584100227860766, 0.0 ], [ -116.616297643383575, 43.584100448251867, 0.0 ], [ -116.616425016153201, 43.584101268783918, 0.0 ], [ -116.616539722674105, 43.584103971906288, 0.0 ], [ -116.616640522474725, 43.584107970287064, 0.0 ], [ -116.616715927531359, 43.584111567040019, 0.0 ], [ -116.616777344717349, 43.584110803448603, 0.0 ], [ -116.617011499751712, 43.584104264433257, 0.0 ], [ -116.617088465355664, 43.584104002928939, 0.0 ], [ -116.617216281639017, 43.584105614013637, 0.0 ], [ -116.617271616365741, 43.584109063813436, 0.0 ], [ -116.617326094250657, 43.584109841355698, 0.0 ], [ -116.617550873652547, 43.584106349935489, 0.0 ], [ -116.617663156770675, 43.584111452015954, 0.0 ], [ -116.617718837203796, 43.584110433522739, 0.0 ], [ -116.617809673358806, 43.584104980620488, 0.0 ], [ -116.617891547155764, 43.584103239338141, 0.0 ], [ -116.617994711034754, 43.584101045612954, 0.0 ], [ -116.618046685902499, 43.584097822819132, 0.0 ], [ -116.618087535547005, 43.584090665484908, 0.0 ], [ -116.618118480079929, 43.584078225891211, 0.0 ], [ -116.61815019287917, 43.584062207012593, 0.0 ], [ -116.618310103717661, 43.583961860551781, 0.0 ], [ -116.618342604843974, 43.583943751873896, 0.0 ], [ -116.618389297071985, 43.583915711573184, 0.0 ], [ -116.618418126392953, 43.583898524576043, 0.0 ], [ -116.618661139646647, 43.583739198385125, 0.0 ], [ -116.618871480784563, 43.583614651876402, 0.0 ], [ -116.618975850683228, 43.583553724828285, 0.0 ], [ -116.619045267595297, 43.583511222248724, 0.0 ], [ -116.619217637156879, 43.583394703809013, 0.0 ] ] } },
{ "type": "Feature", "properties": { "OBJECTID": 194, "UNIQID": "BPP200", "OWNER": "Nampa", "MANAGER": "Nampa", "STATUS": "Active", "INSTALLED": "2021-08-31T07:00:00Z", "FTR_FUNCTN": "Pathway", "FTR_TYP": "Pathway", "OVPATHNAME": "McDonagh Park Pathway", "SGPATHLMT": "McDonagh Park Only", "SRFMATRL": "Asphalt" }, "geometry": { "type": "LineString", "coordinates": [ [ -116.544971588256928, 43.605104808547168, 0.0 ], [ -116.544971725746791, 43.605118540553867, 0.0 ], [ -116.544969779083843, 43.605126294128354, 0.0 ], [ -116.544964954623367, 43.605133174807101, 0.0 ], [ -116.544953984390489, 43.605140097323243, 0.0 ], [ -116.544569977151184, 43.605346686740781, 0.0 ], [ -116.543969565726712, 43.60567058068635, 0.0 ], [ -116.543585555638231, 43.605877464738505, 0.0 ], [ -116.543387046504762, 43.605984821437154, 0.0 ], [ -116.543143796410362, 43.60611689826959, 0.0 ], [ -116.542950170369679, 43.606221838638525, 0.0 ], [ -116.542765476215052, 43.606320763417472, 0.0 ], [ -116.542485614615629, 43.606472740307552, 0.0 ], [ -116.541981980688391, 43.606742963422498, 0.0 ], [ -116.541677715934398, 43.606908802543032, 0.0 ], [ -116.541425461874724, 43.607042128901931, 0.0 ] ] } },
{ "type": "Feature", "properties": { "OBJECTID": 195, "UNIQID": "BPP201", "OWNER": "Private", "MANAGER": "Private", "STATUS": "Active", "INSTALLED": "2005-06-24T07:00:00Z", "FTR_FUNCTN": "Pathway", "FTR_TYP": "Connector", "OVPATHNAME": "Orr Pathway", "SGPATHLMT": null, "SRFMATRL": "Concrete" }, "geometry": { "type": "LineString", "coordinates": [ [ -116.603044285754294, 43.558116743789796, 0.0 ], [ -116.603106673512514, 43.558099607217365, 0.0 ], [ -116.603135186195928, 43.558089570585494, 0.0 ], [ -116.603181583399888, 43.558070469531771, 0.0 ], [ -116.603206010530187, 43.558061058348372, 0.0 ], [ -116.603236996581742, 43.558052194085128, 0.0 ], [ -116.603275373909867, 43.55804506047712, 0.0 ], [ -116.603306389347281, 43.558038279743315, 0.0 ], [ -116.603338168212304, 43.55802762370579, 0.0 ], [ -116.603388235743253, 43.558007602257291, 0.0 ], [ -116.603411836377717, 43.557997602222905, 0.0 ], [ -116.603525707612647, 43.557965201282656, 0.0 ] ] } },
{ "type": "Feature", "properties": { "OBJECTID": 196, "UNIQID": "BPP202", "OWNER": "Nampa", "MANAGER": "Nampa", "STATUS": "Active", "INSTALLED": null, "FTR_FUNCTN": "Pathway", "FTR_TYP": "Connector", "OVPATHNAME": "Osborne Park Pathway", "SGPATHLMT": null, "SRFMATRL": "Asphalt" }, "geometry": { "type": "LineString", "coordinates": [ [ -116.52210463748554, 43.540706187844947, 0.0 ], [ -116.522240461111579, 43.540563878867864, 0.0 ], [ -116.522383975088047, 43.540393818401753, 0.0 ], [ -116.52254011817142, 43.540232017420848, 0.0 ] ] } },
{ "type": "Feature", "properties": { "OBJECTID": 197, "UNIQID": "BPP203", "OWNER": "Nampa", "MANAGER": "Nampa", "STATUS": "Active", "INSTALLED": null, "FTR_FUNCTN": "Pathway", "FTR_TYP": "Connector", "OVPATHNAME": "Grimes Creek Pathway", "SGPATHLMT": null, "SRFMATRL": "Asphalt" }, "geometry": { "type": "LineString", "coordinates": [ [ -116.557965913266301, 43.616188930828756, 0.0 ], [ -116.558244999697521, 43.616280463751174, 0.0 ], [ -116.558269933815453, 43.61629275573852, 0.0 ], [ -116.558284685329667, 43.616306617497429, 0.0 ], [ -116.558297755501073, 43.616327959331549, 0.0 ], [ -116.558305441040332, 43.616351125050926, 0.0 ], [ -116.558325085721393, 43.616569611351999, 0.0 ], [ -116.558340156737842, 43.616607501902081, 0.0 ] ] } },
{ "type": "Feature", "properties": { "OBJECTID": 198, "UNIQID": "BPP204", "OWNER": "Nampa", "MANAGER": "Nampa", "STATUS": "Active", "INSTALLED": null, "FTR_FUNCTN": "Pathway", "FTR_TYP": "Connector", "OVPATHNAME": "Grimes Creek Pathway", "SGPATHLMT": null, "SRFMATRL": "Asphalt" }, "geometry": { "type": "LineString", "coordinates": [ [ -116.558337772097474, 43.616742174778537, 0.0 ], [ -116.558344834926686, 43.616803564341453, 0.0 ], [ -116.558353317422586, 43.617104186003814, 0.0 ] ] } },
{ "type": "Feature", "properties": { "OBJECTID": 199, "UNIQID": "BPP205", "OWNER": "Private", "MANAGER": "Private", "STATUS": "Active", "INSTALLED": null, "FTR_FUNCTN": "Pathway", "FTR_TYP": "Connector", "OVPATHNAME": "Wilson Creek Pathway", "SGPATHLMT": "S Ada St to Wilson Creek Pathway", "SRFMATRL": "Concrete" }, "geometry": { "type": "LineString", "coordinates": [ [ -116.586640579654627, 43.55795921286871, 0.0 ], [ -116.586673414391825, 43.557942630072596, 0.0 ], [ -116.586936865409484, 43.55794768572423, 0.0 ] ] } },
{ "type": "Feature", "properties": { "OBJECTID": 200, "UNIQID": "BPP206", "OWNER": "Private", "MANAGER": "Private", "STATUS": "Active", "INSTALLED": null, "FTR_FUNCTN": "Pathway", "FTR_TYP": "Connector", "OVPATHNAME": "Wilson Creek Pathway", "SGPATHLMT": null, "SRFMATRL": "Asphalt" }, "geometry": { "type": "LineString", "coordinates": [ [ -116.595218048621462, 43.56290207276281, 0.0 ], [ -116.595145263674453, 43.562936133835862, 0.0 ], [ -116.595128645590734, 43.562942210945636, 0.0 ], [ -116.595112983589473, 43.562946375441989, 0.0 ], [ -116.595085565928898, 43.562953008539566, 0.0 ], [ -116.595066024194352, 43.562960773364729, 0.0 ], [ -116.595050100775893, 43.56296970319309, 0.0 ], [ -116.595036827487576, 43.562980756604091, 0.0 ], [ -116.595026191006582, 43.562992980475443, 0.0 ], [ -116.595021141623235, 43.563006593331451, 0.0 ], [ -116.595017093688156, 43.563021627267467, 0.0 ], [ -116.595012634989899, 43.563100965749001, 0.0 ], [ -116.595008446688809, 43.56312933682451, 0.0 ], [ -116.595000056778119, 43.563185127651565, 0.0 ], [ -116.594997127448451, 43.5632135074231, 0.0 ], [ -116.594994960509695, 43.563242322615679, 0.0 ], [ -116.594994265019054, 43.563309725658762, 0.0 ], [ -116.594991152631749, 43.563344757731386, 0.0 ], [ -116.594968936888819, 43.563489244548805, 0.0 ], [ -116.594968530547689, 43.563507109431271, 0.0 ], [ -116.59497005428581, 43.563522339814028, 0.0 ], [ -116.594973210938861, 43.563537320497424, 0.0 ], [ -116.594979990494764, 43.563553702885557, 0.0 ], [ -116.594988333072934, 43.563564835052226, 0.0 ], [ -116.595024239517684, 43.563603150376352, 0.0 ], [ -116.595035270122551, 43.563619025178397, 0.0 ], [ -116.595040357735485, 43.563631609882847, 0.0 ], [ -116.595043114424385, 43.563641353951951, 0.0 ], [ -116.59504532955205, 43.563659199457049, 0.0 ], [ -116.59504436834716, 43.563684212652035, 0.0 ] ] } },
{ "type": "Feature", "properties": { "OBJECTID": 201, "UNIQID": "BPP207", "OWNER": "Private", "MANAGER": "Private", "STATUS": "Active", "INSTALLED": null, "FTR_FUNCTN": "Pathway", "FTR_TYP": "Connector", "OVPATHNAME": "Wilson Creek Pathway", "SGPATHLMT": null, "SRFMATRL": "Concrete" }, "geometry": { "type": "LineString", "coordinates": [ [ -116.601256247748879, 43.569465418842391, 0.0 ], [ -116.601255913665142, 43.569004596321498, 0.0 ] ] } },
{ "type": "Feature", "properties": { "OBJECTID": 202, "UNIQID": "BPP208", "OWNER": "Private", "MANAGER": "Nampa", "STATUS": "Active", "INSTALLED": null, "FTR_FUNCTN": "Pathway", "FTR_TYP": "Pathway", "OVPATHNAME": "Wilson Creek Pathway", "SGPATHLMT": "Iowa Ave to Lake Lowell Ave", "SRFMATRL": "Asphalt" }, "geometry": { "type": "LineString", "coordinates": [ [ -116.582844168403312, 43.558021133242903, 0.0 ], [ -116.58285797810025, 43.558016859702562, 0.0 ], [ -116.582873597051929, 43.55800960079727, 0.0 ], [ -116.582886573079065, 43.558000695029925, 0.0 ], [ -116.582894631785621, 43.557991348024203, 0.0 ], [ -116.582901036759623, 43.557980822212762, 0.0 ], [ -116.582905446923974, 43.557968167758183, 0.0 ], [ -116.582908160720066, 43.557951239310569, 0.0 ], [ -116.582907822848156, 43.557926711814737, 0.0 ], [ -116.58286676916083, 43.556871978705381, 0.0 ], [ -116.582858293012393, 43.556747133152797, 0.0 ] ] } },
{ "type": "Feature", "properties": { "OBJECTID": 203, "UNIQID": "BPP209", "OWNER": "Private", "MANAGER": "Private", "STATUS": "Active", "INSTALLED": null, "FTR_FUNCTN": "Pathway", "FTR_TYP": "Connector", "OVPATHNAME": "Wilson Creek Pathway", "SGPATHLMT": null, "SRFMATRL": "Asphalt" }, "geometry": { "type": "LineString", "coordinates": [ [ -116.575779558278995, 43.549845147242777, 0.0 ], [ -116.575711439046174, 43.549910516995475, 0.0 ], [ -116.575698102525095, 43.549922248231397, 0.0 ], [ -116.575684217761463, 43.54993343525387, 0.0 ], [ -116.575658932099486, 43.549949835279975, 0.0 ], [ -116.575638996646816, 43.549964625958047, 0.0 ], [ -116.575618151807973, 43.549984781597381, 0.0 ], [ -116.575600278879236, 43.550006701603863, 0.0 ], [ -116.575587316046025, 43.550028586150198, 0.0 ], [ -116.575575851365826, 43.550052246608999, 0.0 ], [ -116.575564882812813, 43.550076260830487, 0.0 ], [ -116.575556696320575, 43.550090396878289, 0.0 ], [ -116.575548467401774, 43.550101696962663, 0.0 ], [ -116.575536424027007, 43.550114333360618, 0.0 ], [ -116.575514651927648, 43.550132203977981, 0.0 ] ] } },
{ "type": "Feature", "properties": { "OBJECTID": 204, "UNIQID": "BPP210", "OWNER": "Nampa", "MANAGER": "Nampa", "STATUS": "Active", "INSTALLED": null, "FTR_FUNCTN": "Pathway", "FTR_TYP": "Connector", "OVPATHNAME": "Stoddard Pathway", "SGPATHLMT": null, "SRFMATRL": "Asphalt" }, "geometry": { "type": "LineString", "coordinates": [ [ -116.544846839424508, 43.552889599386248, 0.0 ], [ -116.544687037260005, 43.552947064820856, 0.0 ], [ -116.544605302441425, 43.552976213451799, 0.0 ] ] } },
{ "type": "Feature", "properties": { "OBJECTID": 205, "UNIQID": "BPP211", "OWNER": "Nampa", "MANAGER": "Nampa", "STATUS": "Active", "INSTALLED": null, "FTR_FUNCTN": "Pathway", "FTR_TYP": "Connector", "OVPATHNAME": "Stoddard Pathway", "SGPATHLMT": null, "SRFMATRL": "Asphalt" }, "geometry": { "type": "LineString", "coordinates": [ [ -116.543578511771557, 43.551214937282005, 0.0 ], [ -116.543759891664507, 43.551184096663128, 0.0 ] ] } },
{ "type": "Feature", "properties": { "OBJECTID": 206, "UNIQID": "BPP212", "OWNER": "Nampa", "MANAGER": "Nampa", "STATUS": "Active", "INSTALLED": null, "FTR_FUNCTN": "Pathway", "FTR_TYP": "Connector", "OVPATHNAME": "Stoddard Pathway", "SGPATHLMT": null, "SRFMATRL": "Asphalt" }, "geometry": { "type": "LineString", "coordinates": [ [ -116.543102421248562, 43.550121825932074, 0.0 ], [ -116.543049716608309, 43.550138544875516, 0.0 ], [ -116.543007986678504, 43.550151781626226, 0.0 ], [ -116.542946878024352, 43.550168331085175, 0.0 ], [ -116.542911524844641, 43.5501746529755, 0.0 ], [ -116.542878181959978, 43.550180542358518, 0.0 ], [ -116.542831252305106, 43.550182963288748, 0.0 ], [ -116.542673950361177, 43.550183216026049, 0.0 ], [ -116.542461806474947, 43.550177343550388, 0.0 ] ] } },
{ "type": "Feature", "properties": { "OBJECTID": 207, "UNIQID": "BPP213", "OWNER": "Nampa", "MANAGER": "Nampa", "STATUS": "Active", "INSTALLED": null, "FTR_FUNCTN": "Pathway", "FTR_TYP": "Connector", "OVPATHNAME": "Stoddard Pathway", "SGPATHLMT": null, "SRFMATRL": "Asphalt" }, "geometry": { "type": "LineString", "coordinates": [ [ -116.542321789757978, 43.547976678300991, 0.0 ], [ -116.542166451140531, 43.548012731519208, 0.0 ], [ -116.541733610647682, 43.548078825389204, 0.0 ] ] } },
{ "type": "Feature", "properties": { "OBJECTID": 208, "UNIQID": "BPP214", "OWNER": "Nampa", "MANAGER": "Nampa", "STATUS": "Active", "INSTALLED": null, "FTR_FUNCTN": "Pathway", "FTR_TYP": "Connector", "OVPATHNAME": "Stoddard Pathway", "SGPATHLMT": null, "SRFMATRL": "Concrete" }, "geometry": { "type": "LineString", "coordinates": [ [ -116.54082428627774, 43.542930466572201, 0.0 ], [ -116.540790144222044, 43.542937406816492, 0.0 ], [ -116.540679038985729, 43.54298862871191, 0.0 ], [ -116.54024758580681, 43.543126476552267, 0.0 ] ] } },
{ "type": "Feature", "properties": { "OBJECTID": 209, "UNIQID": "BPP215", "OWNER": "Private", "MANAGER": "Private", "STATUS": "Active", "INSTALLED": null, "FTR_FUNCTN": "Pathway", "FTR_TYP": "Connector", "OVPATHNAME": "Stoddard Pathway", "SGPATHLMT": null, "SRFMATRL": "Asphalt" }, "geometry": { "type": "LineString", "coordinates": [ [ -116.540912110043109, 43.542354170120596, 0.0 ], [ -116.540751223829844, 43.54233510324034, 0.0 ], [ -116.540717022456249, 43.542332273084313, 0.0 ] ] } },
{ "type": "Feature", "properties": { "OBJECTID": 210, "UNIQID": "BPP216", "OWNER": "Nampa", "MANAGER": "Nampa", "STATUS": "Active", "INSTALLED": null, "FTR_FUNCTN": "Pathway", "FTR_TYP": "Connector", "OVPATHNAME": "Stoddard Pathway", "SGPATHLMT": null, "SRFMATRL": "Asphalt" }, "geometry": { "type": "LineString", "coordinates": [ [ -116.540484551394783, 43.541920147357175, 0.0 ], [ -116.540369929923415, 43.541943716417869, 0.0 ], [ -116.540087308296705, 43.541991413915362, 0.0 ] ] } },
{ "type": "Feature", "properties": { "OBJECTID": 211, "UNIQID": "BPP217", "OWNER": "Private", "MANAGER": "Private", "STATUS": "Active", "INSTALLED": null, "FTR_FUNCTN": "Pathway", "FTR_TYP": "Pathway", "OVPATHNAME": "Private Pathway", "SGPATHLMT": "Isalnds Sub Only", "SRFMATRL": "Asphalt" }, "geometry": { "type": "LineString", "coordinates": [ [ -116.540149320577655, 43.540580753710998, 0.0 ], [ -116.540365434926187, 43.540516744826462, 0.0 ], [ -116.540392895313246, 43.540513697108722, 0.0 ], [ -116.540425312982947, 43.540514187684217, 0.0 ], [ -116.540458769020418, 43.540518957438252, 0.0 ], [ -116.540489296624784, 43.540525176819337, 0.0 ], [ -116.540530757282497, 43.540541322718489, 0.0 ], [ -116.540688080377066, 43.540618077086691, 0.0 ], [ -116.540737771531056, 43.54068123591292, 0.0 ], [ -116.540759183009627, 43.54073038824022, 0.0 ], [ -116.540770674030057, 43.540773248038803, 0.0 ], [ -116.540773182400358, 43.540797880448274, 0.0 ], [ -116.540760575545519, 43.540836931096329, 0.0 ], [ -116.540727533957366, 43.540901567640411, 0.0 ], [ -116.54071595843817, 43.540935840519232, 0.0 ], [ -116.540712271824091, 43.540988346553483, 0.0 ], [ -116.540719485176666, 43.541038392786128, 0.0 ], [ -116.540746547538816, 43.541101818821438, 0.0 ], [ -116.540801958019571, 43.541190991099413, 0.0 ], [ -116.540836160501982, 43.541236079107264, 0.0 ], [ -116.540858003570321, 43.541276481970115, 0.0 ], [ -116.540868604942929, 43.541334853357299, 0.0 ], [ -116.540865285423976, 43.541394513698869, 0.0 ] ] } },
{ "type": "Feature", "properties": { "OBJECTID": 212, "UNIQID": "BPP218", "OWNER": "Private", "MANAGER": "Private", "STATUS": "Active", "INSTALLED": null, "FTR_FUNCTN": "Pathway", "FTR_TYP": "Pathway", "OVPATHNAME": "Private Pathway", "SGPATHLMT": "Isalnds Sub Only", "SRFMATRL": "Asphalt" }, "geometry": { "type": "LineString", "coordinates": [ [ -116.540688080377066, 43.540618077086691, 0.0 ], [ -116.540675849525798, 43.540596048449345, 0.0 ], [ -116.540666504704802, 43.540559288305971, 0.0 ], [ -116.540661488390654, 43.540528700047297, 0.0 ], [ -116.540658950824024, 43.540505427015859, 0.0 ], [ -116.540664469124593, 43.540476810073038, 0.0 ], [ -116.540673046564052, 43.540456745607507, 0.0 ], [ -116.540682671730764, 43.540441675856947, 0.0 ], [ -116.540691555082404, 43.540435646631067, 0.0 ], [ -116.540727354025847, 43.54042011944756, 0.0 ], [ -116.540764744594412, 43.540408956868916, 0.0 ], [ -116.540804486842802, 43.540419160267049, 0.0 ], [ -116.54086133257465, 43.540434724365049, 0.0 ], [ -116.540902699871552, 43.540443725630269, 0.0 ], [ -116.540937127707224, 43.540447774727241, 0.0 ], [ -116.541063785752357, 43.540444755240301, 0.0 ], [ -116.541150675970201, 43.540445196333486, 0.0 ], [ -116.541280970822612, 43.540454683796852, 0.0 ], [ -116.541319356183394, 43.540460847671483, 0.0 ], [ -116.541352876439731, 43.540470618680942, 0.0 ], [ -116.541386491385296, 43.540487533269967, 0.0 ], [ -116.541395451726316, 43.540496759574268, 0.0 ], [ -116.541397658189567, 43.540515320057565, 0.0 ], [ -116.541374536077186, 43.540624794165439, 0.0 ], [ -116.541365491670277, 43.540684158411175, 0.0 ], [ -116.541363227939911, 43.540736330576372, 0.0 ], [ -116.541368707346621, 43.540779874610678, 0.0 ], [ -116.541378181685403, 43.540828392952925, 0.0 ], [ -116.541388414151342, 43.540859759679563, 0.0 ], [ -116.54142066266769, 43.540922409760022, 0.0 ], [ -116.541433951963697, 43.540962328054711, 0.0 ], [ -116.541441163808813, 43.540987999030392, 0.0 ], [ -116.541455220563961, 43.541011479437593, 0.0 ], [ -116.541515930877992, 43.541072503066147, 0.0 ], [ -116.541608553674948, 43.541170459014076, 0.0 ], [ -116.541673643340815, 43.541244625474818, 0.0 ], [ -116.541685332715716, 43.541258521577163, 0.0 ], [ -116.541703392713259, 43.541287689986603, 0.0 ], [ -116.541716580681566, 43.541319750009166, 0.0 ], [ -116.541722791603533, 43.541343998507855, 0.0 ], [ -116.541710211301975, 43.541358375013267, 0.0 ], [ -116.541651394779976, 43.541404102381932, 0.0 ], [ -116.54159744038067, 43.54144703629084, 0.0 ], [ -116.541569603158322, 43.541465286314455, 0.0 ], [ -116.541476699105289, 43.54152717810134, 0.0 ], [ -116.541410506597359, 43.541572648566842, 0.0 ], [ -116.541365789501967, 43.541607966424728, 0.0 ], [ -116.541292945592673, 43.541670630125971, 0.0 ], [ -116.541256019598251, 43.541700892955753, 0.0 ], [ -116.541216090343525, 43.541726890191789, 0.0 ], [ -116.541173514095348, 43.541775769650428, 0.0 ], [ -116.541162130839609, 43.541806570380437, 0.0 ], [ -116.541149839919399, 43.541843093144834, 0.0 ], [ -116.541137474258605, 43.541873901570419, 0.0 ], [ -116.541117318532002, 43.541909764059739, 0.0 ], [ -116.541090259240733, 43.541943531131537, 0.0 ], [ -116.541050553956609, 43.541986674922704, 0.0 ], [ -116.541031220499136, 43.54201038550358, 0.0 ], [ -116.541016843246979, 43.542037635261792, 0.0 ], [ -116.541005422500973, 43.542065578357125, 0.0 ], [ -116.540998977881614, 43.542098488983321, 0.0 ], [ -116.541003513414594, 43.542161746756172, 0.0 ], [ -116.541008217212536, 43.542183172143716, 0.0 ], [ -116.540991298901716, 43.542242833853678, 0.0 ], [ -116.540975602935021, 43.54228317595571, 0.0 ], [ -116.540934913085707, 43.542329591246855, 0.0 ], [ -116.540912110043109, 43.542354170120596, 0.0 ], [ -116.540877740589778, 43.542412597857414, 0.0 ], [ -116.540870189940136, 43.542455565051242, 0.0 ], [ -116.540879684108219, 43.542504851985143, 0.0 ], [ -116.540906824840903, 43.542550261547333, 0.0 ], [ -116.54093603185332, 43.542584391822089, 0.0 ], [ -116.540941144964137, 43.542638070133499, 0.0 ] ] } },
{ "type": "Feature", "properties": { "OBJECTID": 213, "UNIQID": "BPP219", "OWNER": "Nampa", "MANAGER": "Nampa", "STATUS": "Active", "INSTALLED": null, "FTR_FUNCTN": "Pathway", "FTR_TYP": "Connector", "OVPATHNAME": "Stoddard Pathway", "SGPATHLMT": null, "SRFMATRL": "Asphalt" }, "geometry": { "type": "LineString", "coordinates": [ [ -116.540210071628977, 43.540713998807789, 0.0 ], [ -116.539755098361482, 43.540808769277362, 0.0 ] ] } },
{ "type": "Feature", "properties": { "OBJECTID": 214, "UNIQID": "BPP220", "OWNER": "Nampa", "MANAGER": "Nampa", "STATUS": "Active", "INSTALLED": null, "FTR_FUNCTN": "Pathway", "FTR_TYP": "Pathway", "OVPATHNAME": "Grimes Creek Pathway", "SGPATHLMT": "Mason Creek to Franklin Blvd", "SRFMATRL": "Asphalt" }, "geometry": { "type": "LineString", "coordinates": [ [ -116.559065434978024, 43.616546583269241, 0.0 ], [ -116.559062682492765, 43.616553448964375, 0.0 ], [ -116.559056328026614, 43.616563606640902, 0.0 ], [ -116.55904764272718, 43.61657280779766, 0.0 ], [ -116.559036889230086, 43.616580774242401, 0.0 ], [ -116.559024395059652, 43.61658726242797, 0.0 ], [ -116.559010540409631, 43.616592076140073, 0.0 ], [ -116.558995745791592, 43.61659506928531, 0.0 ], [ -116.558987646806372, 43.616595885391362, 0.0 ], [ -116.55897583904283, 43.616596094067717, 0.0 ], [ -116.558859227568703, 43.616590919127695, 0.0 ], [ -116.558794654168352, 43.616588053719788, 0.0 ], [ -116.558726508091496, 43.616585029028748, 0.0 ], [ -116.558714136393888, 43.616583556667258, 0.0 ], [ -116.558649034904121, 43.616580297065731, 0.0 ], [ -116.558584034353046, 43.616584476998064, 0.0 ], [ -116.558552614822972, 43.616589233074208, 0.0 ], [ -116.558390257218804, 43.61660537890959, 0.0 ], [ -116.558340156737842, 43.616607501902081, 0.0 ], [ -116.558337772097474, 43.616742174778537, 0.0 ], [ -116.558312390583296, 43.616747458760337, 0.0 ], [ -116.558239911623843, 43.616757272940106, 0.0 ], [ -116.558166257828006, 43.61675966319585, 0.0 ], [ -116.558156850087244, 43.616759429969655, 0.0 ], [ -116.557865753955255, 43.616759966354351, 0.0 ], [ -116.557780448238375, 43.616753295418484, 0.0 ], [ -116.557718330195982, 43.616746076236666, 0.0 ], [ -116.557684331873091, 43.616741265055346, 0.0 ], [ -116.557683447235831, 43.61674116869353, 0.0 ], [ -116.557632043595504, 43.616738039457459, 0.0 ], [ -116.557620084995264, 43.616737996129352, 0.0 ], [ -116.557584169164016, 43.616739411004062, 0.0 ], [ -116.557545038238317, 43.616741466053227, 0.0 ], [ -116.55753170830495, 43.616742359513587, 0.0 ], [ -116.557525622440636, 43.616742799452034, 0.0 ], [ -116.557461765431739, 43.616748666469782, 0.0 ], [ -116.557432013156472, 43.616752577862158, 0.0 ], [ -116.557422084036702, 43.61675347069162, 0.0 ], [ -116.557417653180863, 43.616753804423432, 0.0 ], [ -116.557370892491051, 43.616754896181874, 0.0 ], [ -116.557349405264418, 43.616753918304077, 0.0 ], [ -116.557296232156489, 43.616754007595198, 0.0 ], [ -116.557282402437053, 43.616754030552094, 0.0 ], [ -116.557267597904982, 43.616754995602477, 0.0 ], [ -116.557215977709404, 43.616753459097815, 0.0 ], [ -116.557191275463865, 43.616749978192324, 0.0 ], [ -116.557114225909856, 43.616746081097595, 0.0 ], [ -116.55702720705996, 43.616748501974925, 0.0 ], [ -116.556966193364758, 43.616754558367731, 0.0 ], [ -116.556841585908629, 43.616754766448096, 0.0 ], [ -116.556814371232633, 43.61675481181139, 0.0 ], [ -116.556770063271486, 43.616751524994299, 0.0 ], [ -116.556662200886535, 43.61674866504908, 0.0 ], [ -116.556592752783388, 43.616750656469442, 0.0 ], [ -116.556546488396549, 43.616753658016336, 0.0 ], [ -116.556521412661638, 43.616754858357695, 0.0 ], [ -116.556420074614479, 43.616758780364727, 0.0 ], [ -116.556312390687609, 43.616755924231136, 0.0 ], [ -116.55630966780538, 43.616755758014797, 0.0 ], [ -116.556281722297584, 43.616752660731798, 0.0 ], [ -116.556193769802277, 43.616747796692628, 0.0 ], [ -116.556105628862525, 43.616750248184559, 0.0 ], [ -116.556031147268257, 43.616758101151078, 0.0 ], [ -116.555965593554987, 43.616763933391063, 0.0 ], [ -116.555868188747112, 43.616766443713153, 0.0 ], [ -116.555770945511043, 43.616761663746367, 0.0 ], [ -116.555752231659795, 43.616759900028363, 0.0 ], [ -116.55574717929629, 43.616759431580242, 0.0 ], [ -116.55574049976417, 43.616758835084376, 0.0 ], [ -116.555637043076899, 43.616753011469484, 0.0 ], [ -116.555526558211128, 43.616753790065331, 0.0 ], [ -116.555438481848313, 43.616759597086997, 0.0 ], [ -116.555430982615746, 43.616759963162323, 0.0 ], [ -116.555307865451979, 43.616762484046916, 0.0 ], [ -116.555295627063472, 43.616762734981435, 0.0 ], [ -116.555213279776041, 43.616760863161986, 0.0 ], [ -116.555167761461604, 43.6167562754936, 0.0 ], [ -116.555067849058418, 43.616751542532121, 0.0 ], [ -116.554967784385568, 43.616754060918019, 0.0 ], [ -116.554890859362999, 43.616760975333847, 0.0 ], [ -116.55481477887929, 43.616768046671446, 0.0 ], [ -116.554716820390539, 43.616770569811642, 0.0 ], [ -116.554619024311435, 43.616765762152859, 0.0 ], [ -116.554579864503481, 43.616761757769524, 0.0 ], [ -116.5545379331964, 43.616758400253097, 0.0 ], [ -116.554418182224296, 43.616753772140704, 0.0 ], [ -116.554298317906813, 43.616756440068258, 0.0 ], [ -116.554214442092928, 43.616762674746795, 0.0 ], [ -116.554126469553353, 43.61676940353702, 0.0 ], [ -116.554025842994449, 43.61677011133505, 0.0 ], [ -116.55392563446766, 43.616763419024629, 0.0 ], [ -116.553925448371729, 43.616763399630912, 0.0 ], [ -116.553918181215792, 43.616762587534915, 0.0 ], [ -116.553808977909924, 43.616754294079875, 0.0 ], [ -116.553699188555925, 43.616753250502768, 0.0 ], [ -116.553589723812507, 43.616759463901978, 0.0 ], [ -116.553516614992859, 43.61676771872915, 0.0 ], [ -116.553504058403291, 43.616769473987233, 0.0 ], [ -116.553499816786541, 43.616769971856741, 0.0 ], [ -116.553481060244792, 43.616771603270827, 0.0 ], [ -116.553445959963796, 43.616772215418358, 0.0 ], [ -116.553435465550251, 43.616771784216674, 0.0 ], [ -116.553320925037454, 43.616772238142978, 0.0 ] ] } },
{ "type": "Feature", "properties": { "OBJECTID": 215, "UNIQID": "BPP221", "OWNER": "Private", "MANAGER": "Nampa", "STATUS": "Active", "INSTALLED": null, "FTR_FUNCTN": "Pathway", "FTR_TYP": "Pathway", "OVPATHNAME": "Mason Creek Pathway", "SGPATHLMT": "Cherry Ln to Birch Ln", "SRFMATRL": "Asphalt" }, "geometry": { "type": "LineString", "coordinates": [ [ -116.557958850302455, 43.612415424413918, 0.0 ], [ -116.557960446311569, 43.612534635099003, 0.0 ], [ -116.557961935509553, 43.612645867081987, 0.0 ], [ -116.557973126963319, 43.612681252999963, 0.0 ], [ -116.557980345509009, 43.612717657730784, 0.0 ], [ -116.557983502988407, 43.61275463667279, 0.0 ], [ -116.557977086061399, 43.612798502336084, 0.0 ], [ -116.557975488869815, 43.612842806087031, 0.0 ], [ -116.557978730447729, 43.612887019948445, 0.0 ], [ -116.557986772164583, 43.612930617014385, 0.0 ], [ -116.557995755854591, 43.612965906551686, 0.0 ], [ -116.557999877561542, 43.613002087619407, 0.0 ], [ -116.557999061339601, 43.61303849355177, 0.0 ], [ -116.557993322228327, 43.613074453539689, 0.0 ], [ -116.557982765975538, 43.613109304990971, 0.0 ], [ -116.557971274048398, 43.613151625966495, 0.0 ], [ -116.557965420400336, 43.613195087031407, 0.0 ], [ -116.557965305751139, 43.613238940380356, 0.0 ], [ -116.55797298308957, 43.613292272471398, 0.0 ], [ -116.557976030223628, 43.613346068088639, 0.0 ], [ -116.557974424426561, 43.613399926002415, 0.0 ], [ -116.55796817767505, 43.613453444518427, 0.0 ], [ -116.557957351551195, 43.613524322265697, 0.0 ], [ -116.557951577048442, 43.61359578914707, 0.0 ], [ -116.557950883220869, 43.613667485580862, 0.0 ], [ -116.557955273559443, 43.613739050830411, 0.0 ], [ -116.557964725974401, 43.613810124819089, 0.0 ], [ -116.557961601606294, 43.614122967551737, 0.0 ], [ -116.557961682240702, 43.61426975162599, 0.0 ], [ -116.557964617525826, 43.614416506370567, 0.0 ], [ -116.557960860229144, 43.614479557807229, 0.0 ], [ -116.557963846049134, 43.614542650483678, 0.0 ], [ -116.557973540955018, 43.614605065303579, 0.0 ], [ -116.557980601716778, 43.614790981178423, 0.0 ], [ -116.557958740616911, 43.615001675295801, 0.0 ], [ -116.55795100185783, 43.61504120850212, 0.0 ], [ -116.557950006920919, 43.615081479743658, 0.0 ], [ -116.557955784023989, 43.615121346871398, 0.0 ], [ -116.55796816932029, 43.615159679197575, 0.0 ], [ -116.558007724846107, 43.615246404884218, 0.0 ], [ -116.558042857442189, 43.615318875215969, 0.0 ], [ -116.558083044337948, 43.615388669640538, 0.0 ], [ -116.558128082893944, 43.615455436224735, 0.0 ], [ -116.558177746006621, 43.615518838303018, 0.0 ], [ -116.558192815694653, 43.615551939418502, 0.0 ], [ -116.558248738762131, 43.615638322861955, 0.0 ], [ -116.558310266040053, 43.61572080851434, 0.0 ], [ -116.558377126772371, 43.615799033390509, 0.0 ], [ -116.55841151291159, 43.615830519916628, 0.0 ], [ -116.558442913702109, 43.615864984365729, 0.0 ], [ -116.558464057683594, 43.615898556430238, 0.0 ], [ -116.558488794868069, 43.61592957615256, 0.0 ], [ -116.558516819990373, 43.615957660738871, 0.0 ], [ -116.558547787211054, 43.61598246361595, 0.0 ], [ -116.558585071831601, 43.616009319289915, 0.0 ], [ -116.558617801310916, 43.6160415706672, 0.0 ], [ -116.558645202697093, 43.616078456086925, 0.0 ], [ -116.558666628868522, 43.616119104448899, 0.0 ], [ -116.558690542393308, 43.616172472804067, 0.0 ], [ -116.558720095178955, 43.6162229373546, 0.0 ], [ -116.55875493956637, 43.616269904435271, 0.0 ], [ -116.558794665645976, 43.616312821525099, 0.0 ], [ -116.55883880607999, 43.616351183747213, 0.0 ], [ -116.558886841600113, 43.616384539808244, 0.0 ], [ -116.558963412898024, 43.616438338188019, 0.0 ], [ -116.559037338330469, 43.616495718147654, 0.0 ], [ -116.559049185666638, 43.616511221239762, 0.0 ], [ -116.559058619839647, 43.616528300514304, 0.0 ], [ -116.559065434978024, 43.616546583269241, 0.0 ] ] } },
{ "type": "Feature", "properties": { "OBJECTID": 216, "UNIQID": "BPP222", "OWNER": "Nampa", "MANAGER": "Nampa", "STATUS": "Active", "INSTALLED": null, "FTR_FUNCTN": "Pathway", "FTR_TYP": "Connector", "OVPATHNAME": "Mason Creek Pathway", "SGPATHLMT": null, "SRFMATRL": "Asphalt" }, "geometry": { "type": "LineString", "coordinates": [ [ -116.557961935509553, 43.612645867081987, 0.0 ], [ -116.557808349529324, 43.612655546731034, 0.0 ], [ -116.557774185650146, 43.612664109640967, 0.0 ], [ -116.557742846583736, 43.612673619296402, 0.0 ], [ -116.557700291334115, 43.612689995004366, 0.0 ], [ -116.557475666678172, 43.612802809089338, 0.0 ] ] } },
{ "type": "Feature", "properties": { "OBJECTID": 217, "UNIQID": "BPP223", "OWNER": "Private", "MANAGER": "Private", "STATUS": "Active", "INSTALLED": null, "FTR_FUNCTN": "Pathway", "FTR_TYP": "Pathway", "OVPATHNAME": "Private Pathway", "SGPATHLMT": null, "SRFMATRL": "Asphalt" }, "geometry": { "type": "LineString", "coordinates": [ [ -116.519888551740053, 43.538497399055153, 0.0 ], [ -116.519851341108563, 43.538482254878147, 0.0 ], [ -116.519752382958899, 43.538419109003165, 0.0 ], [ -116.519689053036373, 43.538381906770368, 0.0 ], [ -116.519658653482381, 43.538359724547277, 0.0 ], [ -116.519607641644953, 43.538314685713154, 0.0 ], [ -116.519522111945875, 43.538259373895663, 0.0 ], [ -116.519416065180664, 43.538178359456467, 0.0 ], [ -116.519340016918676, 43.538119901682713, 0.0 ], [ -116.519313489989642, 43.538093406037135, 0.0 ], [ -116.519268408717394, 43.538049412687101, 0.0 ], [ -116.519242673339846, 43.538029018110656, 0.0 ], [ -116.51919699442729, 43.53799416406769, 0.0 ], [ -116.519173844166318, 43.537975743147811, 0.0 ], [ -116.519108818655326, 43.537908067643755, 0.0 ], [ -116.519061809326644, 43.537866945060955, 0.0 ], [ -116.518910578176232, 43.537744196688479, 0.0 ], [ -116.518832785792, 43.537667873924036, 0.0 ], [ -116.518769751970169, 43.537619396085212, 0.0 ], [ -116.518701708419371, 43.537554651625811, 0.0 ], [ -116.51866771689069, 43.537524607337041, 0.0 ], [ -116.518478333152018, 43.537357052190735, 0.0 ], [ -116.51829717430283, 43.537206907378881, 0.0 ], [ -116.518258442035105, 43.53718155204399, 0.0 ], [ -116.518218211121564, 43.537164357350747, 0.0 ], [ -116.517953241053604, 43.537093948753167, 0.0 ], [ -116.517868507395249, 43.537066107395745, 0.0 ], [ -116.517767951655784, 43.537033993144689, 0.0 ], [ -116.517704235817348, 43.537017750783626, 0.0 ], [ -116.517653681991973, 43.537006658710517, 0.0 ], [ -116.517597918938137, 43.536997982406348, 0.0 ], [ -116.517555942148675, 43.536992072301942, 0.0 ], [ -116.51751978911291, 43.536980883488489, 0.0 ], [ -116.517491451115987, 43.53696630815778, 0.0 ], [ -116.517470920869656, 43.536947869301024, 0.0 ], [ -116.517458240676703, 43.536928902482636, 0.0 ], [ -116.517448184382829, 43.536910393312922, 0.0 ], [ -116.51744400264522, 43.536890416218966, 0.0 ], [ -116.51744162245474, 43.536857567019112, 0.0 ], [ -116.517445848552754, 43.536829436008418, 0.0 ], [ -116.517451389615275, 43.536801772334002, 0.0 ], [ -116.517453034091119, 43.536776516532832, 0.0 ], [ -116.517447470946223, 43.536750832950055, 0.0 ], [ -116.517431414544433, 43.536723790412253, 0.0 ], [ -116.517399572372852, 43.536691138968486, 0.0 ], [ -116.51736352588982, 43.536656627282817, 0.0 ] ] } },
{ "type": "Feature", "properties": { "OBJECTID": 218, "UNIQID": "BPP224", "OWNER": "Nampa", "MANAGER": "Nampa", "STATUS": "Active", "INSTALLED": "2006-11-17T07:00:00Z", "FTR_FUNCTN": "Pathway", "FTR_TYP": "Connector", "OVPATHNAME": "Indian Creek Pathway", "SGPATHLMT": null, "SRFMATRL": "Asphalt" }, "geometry": { "type": "LineString", "coordinates": [ [ -116.546823181086822, 43.574271354646925, 0.0 ], [ -116.54683608140185, 43.574233695783576, 0.0 ], [ -116.546839413751613, 43.574196104508935, 0.0 ], [ -116.546846077178088, 43.574120920167239, 0.0 ], [ -116.546844976423458, 43.574037442286929, 0.0 ], [ -116.546842640636925, 43.574005455922183, 0.0 ], [ -116.546836551803977, 43.573979061119964, 0.0 ], [ -116.546828529559022, 43.57395128821728, 0.0 ] ] } },
{ "type": "Feature", "properties": { "OBJECTID": 219, "UNIQID": "BPP225", "OWNER": "Nampa", "MANAGER": "Nampa", "STATUS": "Active", "INSTALLED": "2006-11-17T07:00:00Z", "FTR_FUNCTN": "Pathway", "FTR_TYP": "Pathway", "OVPATHNAME": "Indian Creek Pathway", "SGPATHLMT": " White Oak Ct to Sugar St", "SRFMATRL": "Asphalt" }, "geometry": { "type": "LineString", "coordinates": [ [ -116.543071171765092, 43.572451014694288, 0.0 ], [ -116.543160332063096, 43.572509890081761, 0.0 ], [ -116.543184841181059, 43.572516060457957, 0.0 ], [ -116.543209862587773, 43.572519624109418, 0.0 ], [ -116.543232815295923, 43.572518939558933, 0.0 ], [ -116.543255594818135, 43.572521835899536, 0.0 ], [ -116.543277645905761, 43.572528242533203, 0.0 ], [ -116.543298431065722, 43.572538003298881, 0.0 ], [ -116.543317443661749, 43.57255088027884, 0.0 ], [ -116.543528064718799, 43.57268105840226, 0.0 ], [ -116.544214632662772, 43.573105398521825, 0.0 ], [ -116.545040483678889, 43.573618662110285, 0.0 ], [ -116.545044408948129, 43.573620597960769, 0.0 ], [ -116.545065525630193, 43.573631010340499, 0.0 ], [ -116.545088617166073, 43.573640589877996, 0.0 ], [ -116.545115536355937, 43.573650142789425, 0.0 ], [ -116.545749963669962, 43.573868357321722, 0.0 ], [ -116.546199860883391, 43.574025239919244, 0.0 ], [ -116.546565432997866, 43.574172968194098, 0.0 ], [ -116.546725126449971, 43.574237252247691, 0.0 ], [ -116.546823181086822, 43.574271354646925, 0.0 ] ] } },
{ "type": "Feature", "properties": { "OBJECTID": 220, "UNIQID": "BPP226", "OWNER": "Nampa", "MANAGER": "Nampa", "STATUS": "Active", "INSTALLED": null, "FTR_FUNCTN": "Pathway", "FTR_TYP": "Pathway", "OVPATHNAME": "Indian Creek Pathway", "SGPATHLMT": "Sugar St to Kings Rd", "SRFMATRL": "Asphalt" }, "geometry": { "type": "LineString", "coordinates": [ [ -116.542238182841331, 43.570787640929339, 0.0 ], [ -116.542269911936842, 43.5709093568355, 0.0 ], [ -116.542381902937848, 43.571405262830346, 0.0 ], [ -116.542508277329077, 43.571975631720456, 0.0 ], [ -116.542532427702454, 43.572084630145788, 0.0 ], [ -116.542615044207508, 43.57240130350155, 0.0 ], [ -116.542626220264296, 43.572429335029824, 0.0 ], [ -116.542641494409054, 43.572455361388087, 0.0 ], [ -116.542660517523515, 43.572478787696767, 0.0 ], [ -116.542682854799949, 43.572499078505132, 0.0 ], [ -116.542707995679422, 43.572515770029987, 0.0 ], [ -116.54273536552158, 43.57252848075629, 0.0 ], [ -116.54285470167595, 43.572580527693411, 0.0 ], [ -116.542869401753464, 43.572584486158355, 0.0 ] ] } },
{ "type": "Feature", "properties": { "OBJECTID": 221, "UNIQID": "BPP227", "OWNER": "Nampa", "MANAGER": "Nampa", "STATUS": "Active", "INSTALLED": null, "FTR_FUNCTN": "Pathway", "FTR_TYP": "Pathway", "OVPATHNAME": "Park Ridge Pathway", "SGPATHLMT": "E Park Ridge Dr to Kings Road Park", "SRFMATRL": "Asphalt" }, "geometry": { "type": "LineString", "coordinates": [ [ -116.527664943781616, 43.570462149478551, 0.0 ], [ -116.527651178292629, 43.569576071270646, 0.0 ], [ -116.52764708847792, 43.569258202876618, 0.0 ], [ -116.527634980592296, 43.569013362210136, 0.0 ], [ -116.527631937004557, 43.568951821362546, 0.0 ], [ -116.527630496972833, 43.56888530997427, 0.0 ], [ -116.527633542411039, 43.568835574118467, 0.0 ], [ -116.527637723923675, 43.56881053958616, 0.0 ], [ -116.527642371351249, 43.568789966453821, 0.0 ], [ -116.527648267100403, 43.568770874519977, 0.0 ], [ -116.527655842603991, 43.56875504487725, 0.0 ], [ -116.527668706284089, 43.568736500520416, 0.0 ], [ -116.527685435873622, 43.568717752541687, 0.0 ] ] } },
{ "type": "Feature", "properties": { "OBJECTID": 222, "UNIQID": "BPP228", "OWNER": "Nampa", "MANAGER": "Nampa", "STATUS": "Active", "INSTALLED": null, "FTR_FUNCTN": "Pathway", "FTR_TYP": "Pathway", "OVPATHNAME": "Park Ridge Pathway", "SGPATHLMT": null, "SRFMATRL": "Asphalt" }, "geometry": { "type": "LineString", "coordinates": [ [ -116.528324088731381, 43.56781534730225, 0.0 ], [ -116.528159497103871, 43.567936510665184, 0.0 ] ] } },
{ "type": "Feature", "properties": { "OBJECTID": 224, "UNIQID": "BPP230", "OWNER": "Nampa", "MANAGER": "Nampa", "STATUS": "Active", "INSTALLED": null, "FTR_FUNCTN": "Pathway", "FTR_TYP": "Pathway", "OVPATHNAME": "Park Ridge Pathway", "SGPATHLMT": null, "SRFMATRL": "Asphalt" }, "geometry": { "type": "LineString", "coordinates": [ [ -116.528159497103871, 43.567936510665184, 0.0 ], [ -116.528572043386987, 43.568198656994781, 0.0 ], [ -116.528901691706054, 43.568391727459968, 0.0 ], [ -116.529043168687082, 43.568465352388429, 0.0 ], [ -116.52911628371811, 43.568500644498513, 0.0 ], [ -116.529185855473884, 43.568529182846554, 0.0 ], [ -116.529200255705618, 43.568531442099918, 0.0 ], [ -116.52921891404533, 43.56853060023672, 0.0 ], [ -116.529236489483807, 43.568521906849, 0.0 ], [ -116.529247624070905, 43.56851206830892, 0.0 ], [ -116.529363622955785, 43.56833849873783, 0.0 ], [ -116.529431374448876, 43.568251229766297, 0.0 ], [ -116.529471117163695, 43.568217571741954, 0.0 ] ] } },
{ "type": "Feature", "properties": { "OBJECTID": 226, "UNIQID": "BPP232", "OWNER": "Nampa", "MANAGER": "Nampa", "STATUS": "Active", "INSTALLED": "1997-09-30T07:00:00Z", "FTR_FUNCTN": "Pathway", "FTR_TYP": "Connector", "OVPATHNAME": "Park Ridge Pathway", "SGPATHLMT": null, "SRFMATRL": "Concrete" }, "geometry": { "type": "LineString", "coordinates": [ [ -116.527168499058391, 43.568702446431892, 0.0 ], [ -116.527599041296696, 43.568707798963018, 0.0 ], [ -116.527636619138391, 43.568707543362159, 0.0 ], [ -116.527685435873622, 43.568717752541687, 0.0 ] ] } },
{ "type": "Feature", "properties": { "OBJECTID": 227, "UNIQID": "BPP233", "OWNER": "Nampa", "MANAGER": "Nampa", "STATUS": "Active", "INSTALLED": null, "FTR_FUNCTN": "Pathway", "FTR_TYP": "Pathway", "OVPATHNAME": "Park Ridge Pathway", "SGPATHLMT": "E Park Ridge Dr to Kings Road Park", "SRFMATRL": "Asphalt" }, "geometry": { "type": "LineString", "coordinates": [ [ -116.527685435873622, 43.568717752541687, 0.0 ], [ -116.52771263429068, 43.568683872623041, 0.0 ], [ -116.527719044187407, 43.568671260714716, 0.0 ], [ -116.527723294584277, 43.56865158319345, 0.0 ], [ -116.527724258225248, 43.568631036017472, 0.0 ], [ -116.527737234361069, 43.568271332052205, 0.0 ], [ -116.527743532731066, 43.568060818936424, 0.0 ], [ -116.527743537613816, 43.567961913374546, 0.0 ], [ -116.527744345800343, 43.567943235892145, 0.0 ], [ -116.52774665647982, 43.567935403574403, 0.0 ], [ -116.527748374023588, 43.567930443958069, 0.0 ], [ -116.527753812334836, 43.567925452728254, 0.0 ], [ -116.527760307650951, 43.567921217604699, 0.0 ], [ -116.527768660685098, 43.567918683661205, 0.0 ], [ -116.52778122699624, 43.56791783577183, 0.0 ], [ -116.527801447359224, 43.567921318466695, 0.0 ], [ -116.527823032489053, 43.567928982807665, 0.0 ], [ -116.527925694751545, 43.567975011046002, 0.0 ] ] } },
{ "type": "Feature", "properties": { "OBJECTID": 228, "UNIQID": "BPP234", "OWNER": "Private", "MANAGER": "Private", "STATUS": "Active", "INSTALLED": "2008-05-28T07:00:00Z", "FTR_FUNCTN": "Pathway", "FTR_TYP": "Connector", "OVPATHNAME": "Park Ridge Pathway", "SGPATHLMT": null, "SRFMATRL": "Asphalt" }, "geometry": { "type": "LineString", "coordinates": [ [ -116.529477529061964, 43.568689136895813, 0.0 ], [ -116.530331403208905, 43.5686880752531, 0.0 ], [ -116.530492810003253, 43.568792693716098, 0.0 ] ] } },
{ "type": "Feature", "properties": { "OBJECTID": 229, "UNIQID": "BPP235", "OWNER": "Private", "MANAGER": "Private", "STATUS": "Active", "INSTALLED": "2003-09-05T07:00:00Z", "FTR_FUNCTN": "Pathway", "FTR_TYP": "Connector", "OVPATHNAME": "Orr Pathway", "SGPATHLMT": null, "SRFMATRL": "Concrete" }, "geometry": { "type": "LineString", "coordinates": [ [ -116.602919788576557, 43.555816597821867, 0.0 ], [ -116.602933280576366, 43.555815997599424, 0.0 ], [ -116.602940360055115, 43.555814946553248, 0.0 ], [ -116.602972756559737, 43.555807881069192, 0.0 ], [ -116.602985546533461, 43.555806121328366, 0.0 ], [ -116.603006592323808, 43.555805631258977, 0.0 ], [ -116.603027431546906, 43.555806641420048, 0.0 ], [ -116.603060923343762, 43.555812382689261, 0.0 ], [ -116.603082040805418, 43.555816885014337, 0.0 ], [ -116.60310632815235, 43.555819034181305, 0.0 ], [ -116.603134923042845, 43.555818321234085, 0.0 ], [ -116.603149312439228, 43.55581685017814, 0.0 ], [ -116.603168965507805, 43.555814405518937, 0.0 ], [ -116.603197961937553, 43.555809695744941, 0.0 ], [ -116.603216681957861, 43.555806560450989, 0.0 ], [ -116.603237030403676, 43.55580524293628, 0.0 ], [ -116.603256937406755, 43.555805094362803, 0.0 ], [ -116.603275245387749, 43.5558051242418, 0.0 ], [ -116.603292663424995, 43.55580699159605, 0.0 ], [ -116.603315814327772, 43.555809647864905, 0.0 ], [ -116.603344682787068, 43.555812095830724, 0.0 ], [ -116.603381542247917, 43.55581327258421, 0.0 ], [ -116.603424332696989, 43.555812964866014, 0.0 ] ] } },
{ "type": "Feature", "properties": { "OBJECTID": 230, "UNIQID": "BPP236", "OWNER": "Private", "MANAGER": "Private", "STATUS": "Active", "INSTALLED": null, "FTR_FUNCTN": "Pathway", "FTR_TYP": "Connector", "OVPATHNAME": "Wilson Creek Pathway", "SGPATHLMT": "S Ada St to Wilson Creek Pathway", "SRFMATRL": "Concrete" }, "geometry": { "type": "LineString", "coordinates": [ [ -116.58621160262777, 43.557963499019337, 0.0 ], [ -116.586626312009201, 43.557966418293859, 0.0 ], [ -116.586640579654627, 43.55795921286871, 0.0 ] ] } },
{ "type": "Feature", "properties": { "OBJECTID": 231, "UNIQID": "BPP237", "OWNER": "Nampa", "MANAGER": "Nampa", "STATUS": "Active", "INSTALLED": null, "FTR_FUNCTN": "Pathway", "FTR_TYP": "Pathway", "OVPATHNAME": "Wilson Creek Pathway", "SGPATHLMT": "Sunny Ridge Rd to Greenhurst Rd", "SRFMATRL": "Asphalt" }, "geometry": { "type": "LineString", "coordinates": [ [ -116.562835933234965, 43.541835323561862, 0.0 ], [ -116.562835485004811, 43.541852523514258, 0.0 ], [ -116.562833994512403, 43.54189069283828, 0.0 ], [ -116.562836474689846, 43.541904726056039, 0.0 ], [ -116.562841209137744, 43.541915886270097, 0.0 ], [ -116.5628465648538, 43.541924659452967, 0.0 ], [ -116.562862206211335, 43.541943601055117, 0.0 ], [ -116.56293635583441, 43.542052863994762, 0.0 ], [ -116.562950033709825, 43.542071819545853, 0.0 ], [ -116.563011744576784, 43.542132586983335, 0.0 ], [ -116.563025612760399, 43.542141300523184, 0.0 ], [ -116.56304009385434, 43.542146913294864, 0.0 ], [ -116.563058829920053, 43.542152495804949, 0.0 ], [ -116.563070714122389, 43.54215979406036, 0.0 ], [ -116.563188098508022, 43.542270416368794, 0.0 ], [ -116.563297814614714, 43.542385412773264, 0.0 ], [ -116.56333392946479, 43.542427038369674, 0.0 ], [ -116.563459290702028, 43.542595238231236, 0.0 ], [ -116.563478913252936, 43.542617961621104, 0.0 ], [ -116.563499809641101, 43.542638056598811, 0.0 ], [ -116.563523655200811, 43.542658368218476, 0.0 ], [ -116.563699663496223, 43.542794769871485, 0.0 ], [ -116.563749476244283, 43.542835518338457, 0.0 ], [ -116.563799571809369, 43.542876497000798, 0.0 ], [ -116.563955575205995, 43.542981092747183, 0.0 ], [ -116.56397312110866, 43.542995494838678, 0.0 ], [ -116.563988719479809, 43.543011102550203, 0.0 ], [ -116.5640047449468, 43.54302920684745, 0.0 ], [ -116.564019304092412, 43.543045655463516, 0.0 ], [ -116.564031934065454, 43.543059616384753, 0.0 ], [ -116.564048817851983, 43.543073547916272, 0.0 ], [ -116.564077203060066, 43.543090493056368, 0.0 ], [ -116.564110166753622, 43.543107167055361, 0.0 ], [ -116.564330448057206, 43.54320014668648, 0.0 ], [ -116.564446366693176, 43.543250286566447, 0.0 ], [ -116.564632889690316, 43.543342510562944, 0.0 ], [ -116.564770024569995, 43.543418671676804, 0.0 ], [ -116.564832501831404, 43.54344799692096, 0.0 ], [ -116.564916911123476, 43.5434853163746, 0.0 ] ] } },
{ "type": "Feature", "properties": { "OBJECTID": 232, "UNIQID": "BPP238", "OWNER": "Private", "MANAGER": "Nampa", "STATUS": "Active", "INSTALLED": null, "FTR_FUNCTN": "Pathway", "FTR_TYP": "Pathway", "OVPATHNAME": "Wilson Creek Pathway", "SGPATHLMT": "Sunny Ridge Rd to Greenhurst Rd", "SRFMATRL": "Asphalt" }, "geometry": { "type": "LineString", "coordinates": [ [ -116.56772893743981, 43.545485132684931, 0.0 ], [ -116.567760285003857, 43.545515273045481, 0.0 ], [ -116.567777431040156, 43.545535215831428, 0.0 ], [ -116.567786231634429, 43.545545452930575, 0.0 ], [ -116.567803743044536, 43.545569262706003, 0.0 ], [ -116.567820815122332, 43.545597004636178, 0.0 ], [ -116.5678344076603, 43.545621556233151, 0.0 ], [ -116.567847513828852, 43.545646469554633, 0.0 ], [ -116.567861692972215, 43.545678162087981, 0.0 ], [ -116.567897105870031, 43.545813192872806, 0.0 ], [ -116.567903362018242, 43.545837045346531, 0.0 ], [ -116.567913147554719, 43.545864660266233, 0.0 ], [ -116.567920758988706, 43.545882765691339, 0.0 ], [ -116.567937093818173, 43.545910334653627, 0.0 ], [ -116.567948901108849, 43.545932711721385, 0.0 ], [ -116.567951325731102, 43.54593979000385, 0.0 ], [ -116.567955671215771, 43.545952473979405, 0.0 ], [ -116.567961714087915, 43.545975651086572, 0.0 ], [ -116.567960832806278, 43.546001259444779, 0.0 ], [ -116.567958254136229, 43.546022414462129, 0.0 ], [ -116.567950495742934, 43.546054025402114, 0.0 ], [ -116.56793903487609, 43.546084174935501, 0.0 ], [ -116.567876243764829, 43.546192389860749, 0.0 ], [ -116.567864564269129, 43.546206465745357, 0.0 ], [ -116.567850471331539, 43.546223534683186, 0.0 ], [ -116.567837549509363, 43.546236428596131, 0.0 ], [ -116.567828332212812, 43.546244895331519, 0.0 ], [ -116.567820169216148, 43.546252628129274, 0.0 ], [ -116.567817633540869, 43.546263055230554, 0.0 ], [ -116.567816780641053, 43.546274383913989, 0.0 ], [ -116.567820246612939, 43.546288648491483, 0.0 ], [ -116.567834369918998, 43.546304027688365, 0.0 ], [ -116.567853364043401, 43.54631639534982, 0.0 ], [ -116.568059691552307, 43.546411372198193, 0.0 ], [ -116.56815650140517, 43.54645801303559, 0.0 ], [ -116.568238132402982, 43.546502083675996, 0.0 ], [ -116.568307901278658, 43.546546536201667, 0.0 ], [ -116.568376903486396, 43.54659486467876, 0.0 ], [ -116.568535776051831, 43.546721438734522, 0.0 ], [ -116.568656338945203, 43.546811598095886, 0.0 ] ] } },
{ "type": "Feature", "properties": { "OBJECTID": 233, "UNIQID": "BPP239", "OWNER": "Private", "MANAGER": "Nampa", "STATUS": "Active", "INSTALLED": null, "FTR_FUNCTN": "Pathway", "FTR_TYP": "Pathway", "OVPATHNAME": "Wilson Creek Pathway", "SGPATHLMT": "Sunny Ridge Rd to Greenhurst Rd", "SRFMATRL": "Asphalt" }, "geometry": { "type": "LineString", "coordinates": [ [ -116.565889361987843, 43.544819154452448, 0.0 ], [ -116.565936328996386, 43.544855384762933, 0.0 ], [ -116.565966687333159, 43.544877046366267, 0.0 ], [ -116.566000128401598, 43.544896615687215, 0.0 ], [ -116.566069878640619, 43.544933984897561, 0.0 ], [ -116.566120328230213, 43.54496041679085, 0.0 ], [ -116.56617667608198, 43.544987164801427, 0.0 ], [ -116.566203937133793, 43.54500010560578, 0.0 ], [ -116.566233023983358, 43.545013912783766, 0.0 ], [ -116.566286891731295, 43.54503889171189, 0.0 ], [ -116.566331926112781, 43.545064291034691, 0.0 ], [ -116.566361101847988, 43.545079086774912, 0.0 ], [ -116.566403034707278, 43.545093076716924, 0.0 ], [ -116.566447361001551, 43.545102404942156, 0.0 ], [ -116.566497108778165, 43.545113123818844, 0.0 ], [ -116.566528668162817, 43.54512032979963, 0.0 ], [ -116.566535040849587, 43.545121783882195, 0.0 ], [ -116.566568077679747, 43.545131550937256, 0.0 ], [ -116.566598682527172, 43.545143121187749, 0.0 ], [ -116.566714252772073, 43.545191236869719, 0.0 ], [ -116.566738931738811, 43.545200347986828, 0.0 ], [ -116.566768973089395, 43.545206563814482, 0.0 ], [ -116.566796983280952, 43.545207793089915, 0.0 ], [ -116.566827891309075, 43.545205428185959, 0.0 ], [ -116.566859791437366, 43.545203771779022, 0.0 ], [ -116.566897666962106, 43.545208144863707, 0.0 ], [ -116.566927737272891, 43.545216503623706, 0.0 ], [ -116.566950942632459, 43.54522562612474, 0.0 ], [ -116.566971755844094, 43.545239409423971, 0.0 ], [ -116.5669876146885, 43.545250013802224, 0.0 ], [ -116.567038975012665, 43.545271080377439, 0.0 ], [ -116.567093787160729, 43.545293194299973, 0.0 ], [ -116.567223084440627, 43.545339425524006, 0.0 ], [ -116.567267488265301, 43.545354469525726, 0.0 ], [ -116.567300514433384, 43.545363520850962, 0.0 ], [ -116.567332501507451, 43.545368294133425, 0.0 ], [ -116.567389042226651, 43.545372890961708, 0.0 ], [ -116.567451484795129, 43.545378160256995, 0.0 ], [ -116.567516451063128, 43.545388412527565, 0.0 ], [ -116.567563016504408, 43.545398763044076, 0.0 ], [ -116.567587425407282, 43.545407195419557, 0.0 ], [ -116.567609133136955, 43.545414542662442, 0.0 ], [ -116.567639773356376, 43.54542861290814, 0.0 ], [ -116.567676892326588, 43.545449781045576, 0.0 ], [ -116.56770564494775, 43.545469580522834, 0.0 ], [ -116.56772893743981, 43.545485132684931, 0.0 ] ] } },
{ "type": "Feature", "properties": { "OBJECTID": 234, "UNIQID": "BPP240", "OWNER": "Nampa", "MANAGER": "Nampa", "STATUS": "Active", "INSTALLED": null, "FTR_FUNCTN": "Pathway", "FTR_TYP": "Pathway", "OVPATHNAME": "Wilson Creek Pathway", "SGPATHLMT": "Sunny Ridge Rd to Greenhurst Rd", "SRFMATRL": "Asphalt" }, "geometry": { "type": "LineString", "coordinates": [ [ -116.564916911123476, 43.5434853163746, 0.0 ], [ -116.564941531385514, 43.543499970330025, 0.0 ], [ -116.564965833692241, 43.543517659045143, 0.0 ], [ -116.565011651140225, 43.543564844277945, 0.0 ], [ -116.565033141005358, 43.543592556042256, 0.0 ], [ -116.565056823137667, 43.543637041179679, 0.0 ], [ -116.565086554914416, 43.543693272030737, 0.0 ], [ -116.565122810807509, 43.543759816719778, 0.0 ], [ -116.565150720003771, 43.543807508523763, 0.0 ], [ -116.565176886758962, 43.543849676117098, 0.0 ], [ -116.565201921152436, 43.54388522060723, 0.0 ], [ -116.565225246429861, 43.543915419774955, 0.0 ], [ -116.56526637604108, 43.543960971310135, 0.0 ], [ -116.565297516726503, 43.543994091421872, 0.0 ], [ -116.565319558510026, 43.544020131275147, 0.0 ], [ -116.5653353810835, 43.544040851672513, 0.0 ], [ -116.565361698704507, 43.5440799649448, 0.0 ], [ -116.565399003775141, 43.544141775538179, 0.0 ], [ -116.565449331731799, 43.544235631052487, 0.0 ], [ -116.565539227181063, 43.544407355259885, 0.0 ], [ -116.565602495582795, 43.54451645640561, 0.0 ], [ -116.56570276669953, 43.544668458677556, 0.0 ], [ -116.565714446282755, 43.544684748493999, 0.0 ], [ -116.565728564671559, 43.54469983095214, 0.0 ], [ -116.565750489256999, 43.544717238522232, 0.0 ], [ -116.565779816987146, 43.544737272014792, 0.0 ], [ -116.565847607765747, 43.544787099476437, 0.0 ], [ -116.565889361987843, 43.544819154452448, 0.0 ] ] } },
{ "type": "Feature", "properties": { "OBJECTID": 236, "UNIQID": "BPP242", "OWNER": "Nampa", "MANAGER": "Nampa", "STATUS": "Active", "INSTALLED": null, "FTR_FUNCTN": "Multiuse", "FTR_TYP": "Pathway", "OVPATHNAME": "Wilson Creek Pathway", "SGPATHLMT": "12th Ave Rd", "SRFMATRL": "Concrete" }, "geometry": { "type": "LineString", "coordinates": [ [ -116.572548712006679, 43.547202249678755, 0.0 ], [ -116.572583125914093, 43.547257250395731, 0.0 ], [ -116.572584038256466, 43.547287666007165, 0.0 ], [ -116.572584039523676, 43.547288214169669, 0.0 ], [ -116.572589855201514, 43.547604565464042, 0.0 ], [ -116.572571242251186, 43.548005517228638, 0.0 ], [ -116.5725816318852, 43.548466917407097, 0.0 ], [ -116.5725876902397, 43.548735946819349, 0.0 ], [ -116.572599352354871, 43.549253849848697, 0.0 ], [ -116.572584037007161, 43.549308744785094, 0.0 ] ] } },
{ "type": "Feature", "properties": { "OBJECTID": 237, "UNIQID": "BPP243", "OWNER": "Nampa", "MANAGER": "Nampa", "STATUS": "Active", "INSTALLED": null, "FTR_FUNCTN": "Multiuse", "FTR_TYP": "Pathway", "OVPATHNAME": "Wilson Creek Pathway", "SGPATHLMT": "Greenhurst Rd", "SRFMATRL": "Concrete" }, "geometry": { "type": "LineString", "coordinates": [ [ -116.571743493165613, 43.546989939854306, 0.0 ], [ -116.572433576278314, 43.546995315531831, 0.0 ], [ -116.572499048859029, 43.546975814234457, 0.0 ] ] } },
{ "type": "Feature", "properties": { "OBJECTID": 238, "UNIQID": "BPP244", "OWNER": "Nampa", "MANAGER": "Nampa", "STATUS": "Active", "INSTALLED": null, "FTR_FUNCTN": "Pathway", "FTR_TYP": "Pathway", "OVPATHNAME": "Wilson Creek Pathway", "SGPATHLMT": "12th Ave Rd to Iowa Ave", "SRFMATRL": "Asphalt" }, "geometry": { "type": "LineString", "coordinates": [ [ -116.5729123462567, 43.549786278737024, 0.0 ], [ -116.573022055059099, 43.549790230825664, 0.0 ], [ -116.573070237221444, 43.549793932684743, 0.0 ], [ -116.573108929117225, 43.549797940481426, 0.0 ], [ -116.573147633989933, 43.549802901395758, 0.0 ], [ -116.573179476708333, 43.54980886403056, 0.0 ], [ -116.573222191447528, 43.549819750322897, 0.0 ], [ -116.573345408187649, 43.549851251935102, 0.0 ], [ -116.573370033706212, 43.549856314168707, 0.0 ], [ -116.573392025866866, 43.549860204507731, 0.0 ], [ -116.573421543269617, 43.549863802112029, 0.0 ], [ -116.573555295024235, 43.549875461045772, 0.0 ], [ -116.574515583163546, 43.54995379952409, 0.0 ], [ -116.574618930587974, 43.549965680984073, 0.0 ], [ -116.574771424422011, 43.549986248586336, 0.0 ], [ -116.574801940717776, 43.549991029482783, 0.0 ], [ -116.574827512825635, 43.549993346416521, 0.0 ], [ -116.574850604267013, 43.54999389360961, 0.0 ], [ -116.574966048144503, 43.549995561162078, 0.0 ], [ -116.574987250655084, 43.549997165193666, 0.0 ], [ -116.575022097597824, 43.549999801305773, 0.0 ], [ -116.575130821053904, 43.550012948676994, 0.0 ], [ -116.575189385301414, 43.550021456946467, 0.0 ], [ -116.575232213507817, 43.550028649387279, 0.0 ], [ -116.575266216173986, 43.550036977559294, 0.0 ], [ -116.575301211117889, 43.550046013251155, 0.0 ], [ -116.575333770508109, 43.550056495000781, 0.0 ], [ -116.575374732457547, 43.550070845990888, 0.0 ], [ -116.575414721661502, 43.550085918682356, 0.0 ], [ -116.575457200066808, 43.550103473912756, 0.0 ], [ -116.575514651927648, 43.550132203977981, 0.0 ], [ -116.575587831649869, 43.55017433479788, 0.0 ], [ -116.575612100738681, 43.550189163592634, 0.0 ], [ -116.575634911918499, 43.550205074050297, 0.0 ], [ -116.57567562048888, 43.550236931339917, 0.0 ], [ -116.575795904712308, 43.550347257639942, 0.0 ], [ -116.576199027272935, 43.550713172585489, 0.0 ] ] } },
{ "type": "Feature", "properties": { "OBJECTID": 239, "UNIQID": "BPP245", "OWNER": "Private", "MANAGER": "Nampa", "STATUS": "Active", "INSTALLED": null, "FTR_FUNCTN": "Pathway", "FTR_TYP": "Pathway", "OVPATHNAME": "Wilson Creek Pathway", "SGPATHLMT": "Iowa Ave to Lake Lowell Ave", "SRFMATRL": "Asphalt" }, "geometry": { "type": "LineString", "coordinates": [ [ -116.578239053533252, 43.555920518480441, 0.0 ], [ -116.578317259210223, 43.555983392075866, 0.0 ], [ -116.578346035019322, 43.556004260704505, 0.0 ], [ -116.578376245621271, 43.556022261060633, 0.0 ], [ -116.578403454566669, 43.556036353251493, 0.0 ], [ -116.578435059572769, 43.556048626850007, 0.0 ], [ -116.578469080749755, 43.55605802596191, 0.0 ], [ -116.578501103689291, 43.556064939021859, 0.0 ], [ -116.578549806541631, 43.556070301804823, 0.0 ], [ -116.578688497823549, 43.55608287123254, 0.0 ], [ -116.578790298411391, 43.556091778927104, 0.0 ], [ -116.578896052725952, 43.556102443695629, 0.0 ], [ -116.579037274141939, 43.556120352747264, 0.0 ], [ -116.579142060630119, 43.556132096344719, 0.0 ], [ -116.57925941465362, 43.556144844129115, 0.0 ], [ -116.579684041099327, 43.556193043817487, 0.0 ], [ -116.580294239104646, 43.556257107269985, 0.0 ], [ -116.580809354475093, 43.556309866230002, 0.0 ], [ -116.580823311670869, 43.556312742385089, 0.0 ], [ -116.580838922499808, 43.556316796474462, 0.0 ], [ -116.580854998981835, 43.556325014715291, 0.0 ], [ -116.580866999251498, 43.556334454331932, 0.0 ] ] } },
{ "type": "Feature", "properties": { "OBJECTID": 240, "UNIQID": "BPP246", "OWNER": "Nampa", "MANAGER": "Nampa", "STATUS": "Active", "INSTALLED": null, "FTR_FUNCTN": "Pathway", "FTR_TYP": "Pathway", "OVPATHNAME": "Wilson Creek Pathway", "SGPATHLMT": "Iowa Ave to Lake Lowell Ave", "SRFMATRL": "Asphalt" }, "geometry": { "type": "LineString", "coordinates": [ [ -116.58621160262777, 43.557963499019337, 0.0 ], [ -116.586298588629546, 43.558031844013314, 0.0 ], [ -116.58633374804198, 43.558059295076802, 0.0 ], [ -116.586354179098421, 43.55807335304052, 0.0 ], [ -116.586385857583267, 43.558090744655466, 0.0 ], [ -116.586405563731361, 43.558100445052006, 0.0 ], [ -116.586432006679942, 43.558112555273198, 0.0 ], [ -116.586458677680895, 43.558123076915521, 0.0 ], [ -116.586476421703466, 43.558127471971446, 0.0 ], [ -116.586558183873365, 43.55814330712748, 0.0 ], [ -116.586569366637079, 43.558146796957537, 0.0 ], [ -116.586580237928473, 43.558151480818999, 0.0 ], [ -116.586691497437442, 43.558222685775554, 0.0 ], [ -116.586826552149887, 43.558297097284893, 0.0 ], [ -116.586847680917117, 43.558309326418055, 0.0 ], [ -116.586869479622663, 43.558322741496404, 0.0 ], [ -116.586930716554463, 43.55836992464257, 0.0 ], [ -116.586978320479318, 43.558402203535486, 0.0 ], [ -116.5870231870271, 43.558425928847647, 0.0 ], [ -116.587067008321995, 43.558445136913477, 0.0 ], [ -116.587126936474618, 43.558468751904712, 0.0 ], [ -116.587314027492241, 43.558546925924972, 0.0 ], [ -116.587584605050665, 43.558670690051315, 0.0 ], [ -116.58796526291782, 43.558875323223319, 0.0 ], [ -116.588003444813509, 43.558894464249441, 0.0 ], [ -116.588029798589517, 43.55891098711934, 0.0 ], [ -116.588058946473097, 43.558929423849371, 0.0 ], [ -116.588091621751076, 43.558947760003562, 0.0 ], [ -116.588135125198903, 43.558967291329004, 0.0 ], [ -116.58832144936197, 43.559049315507394, 0.0 ], [ -116.588480560861854, 43.559117749196744, 0.0 ], [ -116.58850158670262, 43.5591275988712, 0.0 ], [ -116.588529647573083, 43.559143766160432, 0.0 ], [ -116.588563049587307, 43.55916138305696, 0.0 ], [ -116.588592029172247, 43.559176232123569, 0.0 ], [ -116.588718314735672, 43.559229011119314, 0.0 ], [ -116.588743873630747, 43.559241922090308, 0.0 ], [ -116.588808288567805, 43.559281936688279, 0.0 ], [ -116.588842129283393, 43.559301633151357, 0.0 ], [ -116.588873026489381, 43.559315695776732, 0.0 ], [ -116.588910500840512, 43.55933179479846, 0.0 ], [ -116.588969351774253, 43.559354285278225, 0.0 ], [ -116.589041803839677, 43.559383523086723, 0.0 ], [ -116.589129620845938, 43.559428425298186, 0.0 ], [ -116.589331659605719, 43.559562691296783, 0.0 ], [ -116.589373741229991, 43.559586198495694, 0.0 ], [ -116.589419088114894, 43.559609085827482, 0.0 ], [ -116.589602245951255, 43.559693859404767, 0.0 ], [ -116.589664247920282, 43.559723683927572, 0.0 ], [ -116.589715429791269, 43.559753970440269, 0.0 ], [ -116.589747658505445, 43.559775465202677, 0.0 ], [ -116.589800237702818, 43.559817946979244, 0.0 ], [ -116.589912579666574, 43.559909641853153, 0.0 ], [ -116.589942705636361, 43.559936574303819, 0.0 ], [ -116.589960127828718, 43.559953117339532, 0.0 ], [ -116.589982202624995, 43.559980342962767, 0.0 ], [ -116.590001428880186, 43.560008780364242, 0.0 ], [ -116.590058146394668, 43.560113450293244, 0.0 ], [ -116.59007317914309, 43.560147316488184, 0.0 ], [ -116.590107352782255, 43.560237227230694, 0.0 ], [ -116.590117193469553, 43.560267817347764, 0.0 ], [ -116.590126049405811, 43.56028650707367, 0.0 ], [ -116.590144034452109, 43.560314060656196, 0.0 ], [ -116.590158931901087, 43.560340499180512, 0.0 ], [ -116.590209002622132, 43.560452606922077, 0.0 ], [ -116.590230709307548, 43.560512283459367, 0.0 ], [ -116.590257083962157, 43.560613306686804, 0.0 ], [ -116.590265183970288, 43.560636467428907, 0.0 ], [ -116.590273870337271, 43.560656486058583, 0.0 ], [ -116.590298911172312, 43.560706773274809, 0.0 ], [ -116.590316941922211, 43.560737600211567, 0.0 ], [ -116.590344064678135, 43.560774613415532, 0.0 ], [ -116.590364994953774, 43.560807800736271, 0.0 ], [ -116.590381004790146, 43.560840430146527, 0.0 ], [ -116.590407590752392, 43.560904178905176, 0.0 ], [ -116.590426428665651, 43.560957089619606, 0.0 ], [ -116.590431158813942, 43.560973428844321, 0.0 ], [ -116.59043334119184, 43.560983236659297, 0.0 ], [ -116.590440813572485, 43.561020095455284, 0.0 ], [ -116.590454036975615, 43.561087873237334, 0.0 ], [ -116.590459618321617, 43.561106587007771, 0.0 ], [ -116.590468103301689, 43.561127958174445, 0.0 ], [ -116.590476976029606, 43.561147838599311, 0.0 ], [ -116.590492932215852, 43.561176597890615, 0.0 ], [ -116.590548937686094, 43.561272199626679, 0.0 ], [ -116.590564264667506, 43.561300390160106, 0.0 ], [ -116.590613570757185, 43.561403149329216, 0.0 ], [ -116.590625761045061, 43.56142598292886, 0.0 ], [ -116.590639111618728, 43.561444043685441, 0.0 ], [ -116.590712477515623, 43.561509294513009, 0.0 ], [ -116.590715062351236, 43.561519288386272, 0.0 ] ] } },
{ "type": "Feature", "properties": { "OBJECTID": 243, "UNIQID": "BPP249", "OWNER": "Private", "MANAGER": "Nampa", "STATUS": "Active", "INSTALLED": null, "FTR_FUNCTN": "Pathway", "FTR_TYP": "Pathway", "OVPATHNAME": "Wilson Creek Pathway", "SGPATHLMT": "Iowa Ave to Lake Lowell Ave", "SRFMATRL": "Asphalt" }, "geometry": { "type": "LineString", "coordinates": [ [ -116.582858293012393, 43.556747133152797, 0.0 ], [ -116.5828709023546, 43.556746489521615, 0.0 ], [ -116.58288888963007, 43.556744691465589, 0.0 ], [ -116.582992261704916, 43.556732423138712, 0.0 ], [ -116.583037981633041, 43.55672764883272, 0.0 ], [ -116.583064550619454, 43.556727709064951, 0.0 ], [ -116.583097367434647, 43.556732709505269, 0.0 ], [ -116.583121021722505, 43.556738252868172, 0.0 ], [ -116.583294420920069, 43.556810688821727, 0.0 ], [ -116.583384132441367, 43.556843304082122, 0.0 ], [ -116.58358748035954, 43.556927392000347, 0.0 ], [ -116.583618148572086, 43.556942887107695, 0.0 ], [ -116.583709660734016, 43.557001044175138, 0.0 ], [ -116.583732765583477, 43.557014212699961, 0.0 ], [ -116.583762431540976, 43.557028285693235, 0.0 ], [ -116.583795032267233, 43.557041384952178, 0.0 ], [ -116.583832197248853, 43.557053021528091, 0.0 ], [ -116.583878579411248, 43.557068163422912, 0.0 ], [ -116.583923668671559, 43.557084505583177, 0.0 ], [ -116.583976659207025, 43.557103885586386, 0.0 ], [ -116.584023095231203, 43.557122837220376, 0.0 ], [ -116.584065266240515, 43.557141343789937, 0.0 ], [ -116.584132828920744, 43.557172525941397, 0.0 ], [ -116.584202395118908, 43.557206551301668, 0.0 ], [ -116.584251215264018, 43.557232153505069, 0.0 ], [ -116.584282256515692, 43.557250979740495, 0.0 ], [ -116.584299798264794, 43.557264426377095, 0.0 ], [ -116.584321977807662, 43.557281650256122, 0.0 ], [ -116.584346533541563, 43.5573050486868, 0.0 ], [ -116.584375807993652, 43.557338177131179, 0.0 ], [ -116.584390117881156, 43.557354742839443, 0.0 ], [ -116.584402457188801, 43.557370847667016, 0.0 ], [ -116.584415850197843, 43.557392184377399, 0.0 ], [ -116.584436631163015, 43.55742680328035, 0.0 ], [ -116.584450965341759, 43.557445036718221, 0.0 ], [ -116.584468568388161, 43.557463007763666, 0.0 ], [ -116.584489100876397, 43.55747952893956, 0.0 ], [ -116.584507935672534, 43.557491776152041, 0.0 ], [ -116.58454419731126, 43.557509134825146, 0.0 ], [ -116.584593353699475, 43.55753073341107, 0.0 ], [ -116.584614334571114, 43.557536962966203, 0.0 ], [ -116.584636368430495, 43.55754370869753, 0.0 ], [ -116.584666594205174, 43.557550870778222, 0.0 ], [ -116.584686618019646, 43.55755429714555, 0.0 ], [ -116.58470464696741, 43.557555593998231, 0.0 ], [ -116.58487556267194, 43.557553632191379, 0.0 ], [ -116.584892936944598, 43.557554933795238, 0.0 ], [ -116.584912962828383, 43.557558598638515, 0.0 ], [ -116.584933684077384, 43.55756511536773, 0.0 ], [ -116.584962365888927, 43.557578956704511, 0.0 ], [ -116.584988530987374, 43.557591150300809, 0.0 ], [ -116.585183203182694, 43.557687929155904, 0.0 ], [ -116.585572091244998, 43.557908158732346, 0.0 ], [ -116.585603706894219, 43.557921026141784, 0.0 ], [ -116.585643181234744, 43.557933837000505, 0.0 ], [ -116.585683971525128, 43.557947113487458, 0.0 ], [ -116.585706327030422, 43.557953380499391, 0.0 ], [ -116.585744364410772, 43.557962160307156, 0.0 ] ] } },
{ "type": "Feature", "properties": { "OBJECTID": 244, "UNIQID": "BPP250", "OWNER": "Private", "MANAGER": "Nampa", "STATUS": "Active", "INSTALLED": null, "FTR_FUNCTN": "Pathway", "FTR_TYP": "Pathway", "OVPATHNAME": "Wilson Creek Pathway", "SGPATHLMT": "Midland Blvd to Roosevelt Ave", "SRFMATRL": "Asphalt" }, "geometry": { "type": "LineString", "coordinates": [ [ -116.593038587651009, 43.56321832745973, 0.0 ], [ -116.593082763546192, 43.563218550761114, 0.0 ], [ -116.593103572941047, 43.563219469336197, 0.0 ], [ -116.593187442775346, 43.563226229930159, 0.0 ], [ -116.5934402384093, 43.563248388332568, 0.0 ], [ -116.594157329754964, 43.563336101788018, 0.0 ], [ -116.594209381836322, 43.563340479934077, 0.0 ], [ -116.594321245393999, 43.563347691859448, 0.0 ], [ -116.594367105002462, 43.56335209316439, 0.0 ], [ -116.59446107235317, 43.563363925101804, 0.0 ], [ -116.594514832658618, 43.563373352736797, 0.0 ], [ -116.594559984698435, 43.563381949225935, 0.0 ], [ -116.594602710288598, 43.563392648289565, 0.0 ], [ -116.594645094002303, 43.563408113270938, 0.0 ], [ -116.594690002787232, 43.563428620025583, 0.0 ], [ -116.594727549003878, 43.563449479102324, 0.0 ], [ -116.594758912209244, 43.563467407174564, 0.0 ], [ -116.594840489974217, 43.563520834644279, 0.0 ], [ -116.594949596871828, 43.563606391619025, 0.0 ], [ -116.595011071902249, 43.563656221262733, 0.0 ], [ -116.59504436834716, 43.563684212652035, 0.0 ], [ -116.595058517339893, 43.563697096722755, 0.0 ], [ -116.595077191866551, 43.563715118498671, 0.0 ], [ -116.595127066933955, 43.563768632484262, 0.0 ], [ -116.595179468435362, 43.563827188215292, 0.0 ], [ -116.59523480191865, 43.563890485651889, 0.0 ], [ -116.595307293414677, 43.563980449012071, 0.0 ], [ -116.595326501420715, 43.564007397740468, 0.0 ], [ -116.595412253728981, 43.564138047177813, 0.0 ], [ -116.595512364554395, 43.564300145677528, 0.0 ], [ -116.595583787504154, 43.564418340754798, 0.0 ], [ -116.595604520314112, 43.564449502394382, 0.0 ], [ -116.595626318699999, 43.56448595692359, 0.0 ], [ -116.595666218401448, 43.564558002203171, 0.0 ], [ -116.595748131662546, 43.564707264440344, 0.0 ], [ -116.595914819835343, 43.564974721698718, 0.0 ], [ -116.596040841981051, 43.565203609106923, 0.0 ], [ -116.596099927681863, 43.565294980816716, 0.0 ], [ -116.596138831163756, 43.565360067306848, 0.0 ], [ -116.596193860223437, 43.565459983173177, 0.0 ], [ -116.596222241093798, 43.565504486289775, 0.0 ], [ -116.596251282633361, 43.565543567619272, 0.0 ], [ -116.59634125324493, 43.565653643583531, 0.0 ], [ -116.596363458213247, 43.565686273067804, 0.0 ], [ -116.596396385660043, 43.565739149548932, 0.0 ], [ -116.596536369072112, 43.565980289785131, 0.0 ], [ -116.596546051448016, 43.565999715467832, 0.0 ], [ -116.59655922395909, 43.566028196559884, 0.0 ], [ -116.596579064752873, 43.566062852562055, 0.0 ], [ -116.596606089752242, 43.566077147877074, 0.0 ], [ -116.5966270369629, 43.566099498313754, 0.0 ], [ -116.596640113247105, 43.566121193245777, 0.0 ], [ -116.596718279152427, 43.566299269954584, 0.0 ], [ -116.596906427385733, 43.566652334139, 0.0 ], [ -116.596973384679202, 43.56677680367028, 0.0 ], [ -116.597000802455952, 43.566827668524809, 0.0 ], [ -116.597018279873424, 43.566847782606523, 0.0 ], [ -116.597044888403971, 43.566876759065124, 0.0 ], [ -116.597088113311699, 43.56692287928999, 0.0 ], [ -116.597102314419701, 43.566943017634692, 0.0 ], [ -116.597173638292816, 43.56706473364104, 0.0 ], [ -116.59721899712072, 43.567147561763484, 0.0 ], [ -116.597253341507965, 43.567202678668338, 0.0 ], [ -116.597355350194661, 43.567348258701003, 0.0 ], [ -116.597420728320529, 43.567461508933718, 0.0 ], [ -116.597451880825119, 43.567522122129944, 0.0 ], [ -116.597468706123905, 43.567554148584875, 0.0 ], [ -116.597569720188616, 43.567711259951395, 0.0 ], [ -116.597719254622973, 43.567961918555525, 0.0 ], [ -116.597872216603363, 43.568213087099743, 0.0 ], [ -116.597983834484438, 43.568387497039126, 0.0 ], [ -116.59802350076761, 43.568461574731998, 0.0 ], [ -116.598076473867437, 43.568569901148408, 0.0 ], [ -116.598114631526755, 43.568670722484853, 0.0 ] ] } },
{ "type": "Feature", "properties": { "OBJECTID": 245, "UNIQID": "BPP251", "OWNER": "Private", "MANAGER": "Nampa", "STATUS": "Active", "INSTALLED": null, "FTR_FUNCTN": "Pathway", "FTR_TYP": "Pathway", "OVPATHNAME": "Wilson Creek Pathway", "SGPATHLMT": "Roosevelt Ave to Freemont St", "SRFMATRL": "Asphalt" }, "geometry": { "type": "LineString", "coordinates": [ [ -116.602960332912346, 43.569347294168502, 0.0 ], [ -116.60296821409581, 43.569351096854881, 0.0 ], [ -116.603018554283778, 43.569375775919433, 0.0 ], [ -116.603067176155136, 43.569405886469049, 0.0 ], [ -116.60324149369093, 43.569513836900263, 0.0 ], [ -116.603334806369787, 43.569579067459664, 0.0 ], [ -116.603413130312248, 43.569642555599494, 0.0 ], [ -116.60342476402046, 43.569651985656478, 0.0 ], [ -116.603476414900769, 43.569691252778824, 0.0 ], [ -116.60357826756281, 43.56975745181154, 0.0 ], [ -116.603746943914302, 43.569852131800815, 0.0 ], [ -116.603781594263779, 43.569870448677172, 0.0 ], [ -116.603814204530522, 43.569883423302237, 0.0 ], [ -116.603833013440578, 43.569893284890227, 0.0 ], [ -116.603939088080097, 43.569959295446068, 0.0 ], [ -116.603973753694746, 43.569978684185173, 0.0 ], [ -116.604151420290478, 43.570069523139544, 0.0 ], [ -116.60420390214739, 43.570098066967084, 0.0 ], [ -116.604245522268087, 43.570122762036412, 0.0 ], [ -116.604276283218994, 43.570143966585491, 0.0 ], [ -116.604413195554613, 43.570236538141415, 0.0 ], [ -116.6044533365598, 43.570260887743849, 0.0 ], [ -116.60449096113048, 43.570280968899496, 0.0 ], [ -116.60459357933938, 43.570335058368492, 0.0 ], [ -116.604677612661945, 43.570381741935364, 0.0 ], [ -116.604780832579763, 43.570440100476276, 0.0 ], [ -116.604822233607237, 43.570463538613048, 0.0 ], [ -116.604901590245902, 43.570516173430008, 0.0 ], [ -116.604957737105693, 43.57055652239552, 0.0 ], [ -116.605029271693041, 43.570603762731537, 0.0 ], [ -116.605169643886782, 43.570687235250283, 0.0 ], [ -116.605198845254023, 43.570702378148248, 0.0 ], [ -116.605256242367773, 43.570730883819174, 0.0 ], [ -116.605352327207001, 43.570785178998385, 0.0 ], [ -116.605481888728974, 43.57087597612923, 0.0 ], [ -116.605521994157655, 43.570900725269667, 0.0 ], [ -116.605563722856076, 43.570923130953439, 0.0 ], [ -116.605807893289253, 43.571045053675959, 0.0 ], [ -116.605899165675865, 43.57109723764669, 0.0 ], [ -116.605947254190497, 43.571127600284569, 0.0 ], [ -116.605994866496744, 43.571159037602797, 0.0 ], [ -116.606039040105117, 43.571190500649955, 0.0 ], [ -116.606099627044316, 43.571236130071661, 0.0 ], [ -116.606156204170659, 43.571276073769596, 0.0 ], [ -116.606287261792119, 43.57135504568415, 0.0 ], [ -116.606364325731363, 43.57140148226464, 0.0 ], [ -116.606494670809141, 43.571471980207768, 0.0 ], [ -116.606496534131722, 43.571473039183033, 0.0 ], [ -116.606579614793816, 43.571520246942669, 0.0 ], [ -116.606732287895952, 43.571601338169472, 0.0 ], [ -116.606787429234316, 43.57163138026236, 0.0 ], [ -116.606859314219278, 43.57167668607277, 0.0 ], [ -116.607043222710104, 43.571797064942878, 0.0 ], [ -116.607128677221098, 43.57184643637877, 0.0 ], [ -116.607183553525729, 43.571876092317197, 0.0 ], [ -116.607306423498372, 43.571936495696761, 0.0 ], [ -116.607369982647896, 43.57197204068143, 0.0 ], [ -116.607395576226338, 43.57198673301086, 0.0 ], [ -116.607416670686604, 43.572001757015798, 0.0 ], [ -116.607448954458519, 43.572026223893765, 0.0 ], [ -116.607495314343069, 43.572061599869542, 0.0 ], [ -116.607539694144947, 43.572090217325965, 0.0 ], [ -116.607574416544693, 43.572110647769492, 0.0 ], [ -116.607676330459654, 43.572170612071879, 0.0 ], [ -116.607702926947496, 43.57218626172925, 0.0 ], [ -116.607829298280777, 43.572254976923453, 0.0 ] ] } },
{ "type": "Feature", "properties": { "OBJECTID": 250, "UNIQID": "BPP256", "OWNER": "State", "MANAGER": "State", "STATUS": "Active", "INSTALLED": null, "FTR_FUNCTN": "Pathway", "FTR_TYP": "Pathway", "OVPATHNAME": "Wilson Creek Pathway", "SGPATHLMT": "Powerline Rd to Sunny Ridge Rd", "SRFMATRL": "Asphalt" }, "geometry": { "type": "LineString", "coordinates": [ [ -116.55698217289806, 43.538787724474368, 0.0 ], [ -116.557062850094567, 43.538762979590885, 0.0 ], [ -116.55714451103438, 43.538737039548081, 0.0 ], [ -116.557192993665979, 43.538718272718491, 0.0 ], [ -116.557221685907919, 43.538706130059062, 0.0 ], [ -116.557383644993948, 43.538625679628744, 0.0 ], [ -116.557484517968106, 43.538574656864213, 0.0 ], [ -116.557519988457599, 43.538557257266312, 0.0 ], [ -116.557532271337081, 43.538549845340178, 0.0 ] ] } },
{ "type": "Feature", "properties": { "OBJECTID": 251, "UNIQID": "BPP257", "OWNER": "Nampa", "MANAGER": "Nampa", "STATUS": "Active", "INSTALLED": null, "FTR_FUNCTN": "Multiuse", "FTR_TYP": "Pathway", "OVPATHNAME": "Wilson Creek Pathway", "SGPATHLMT": "Greenhurst Rd", "SRFMATRL": "Concrete" }, "geometry": { "type": "LineString", "coordinates": [ [ -116.569039773746042, 43.546986393727195, 0.0 ], [ -116.570124490069944, 43.546990147259407, 0.0 ], [ -116.570235977562575, 43.546988768672861, 0.0 ] ] } },
{ "type": "Feature", "properties": { "OBJECTID": 254, "UNIQID": "BPP260", "OWNER": "Private", "MANAGER": "Nampa", "STATUS": "Active", "INSTALLED": null, "FTR_FUNCTN": "Pathway", "FTR_TYP": "Pathway", "OVPATHNAME": "Wilson Creek Pathway", "SGPATHLMT": "Iowa Ave to Lake Lowell Ave", "SRFMATRL": "Asphalt" }, "geometry": { "type": "LineString", "coordinates": [ [ -116.577818497295112, 43.554405919699541, 0.0 ], [ -116.577821553670461, 43.554529012797133, 0.0 ], [ -116.577827169522635, 43.554580413787704, 0.0 ], [ -116.577831213706347, 43.554624681933909, 0.0 ], [ -116.577829521573094, 43.554752226281835, 0.0 ], [ -116.577829095490955, 43.55480002734862, 0.0 ], [ -116.577822220369455, 43.554943685301126, 0.0 ], [ -116.577817670482958, 43.554970153764522, 0.0 ], [ -116.577792827179039, 43.555085791576609, 0.0 ], [ -116.57777928836687, 43.55514048076305, 0.0 ], [ -116.577774709100694, 43.555164805359425, 0.0 ], [ -116.577774963370501, 43.55518338011958, 0.0 ], [ -116.57777821330771, 43.555202356244067, 0.0 ], [ -116.577780845844373, 43.555215198045275, 0.0 ], [ -116.577840003968149, 43.555374453027483, 0.0 ], [ -116.57785296742405, 43.555424372319628, 0.0 ], [ -116.577856329661032, 43.555454712496363, 0.0 ], [ -116.577856186800147, 43.555480077007985, 0.0 ], [ -116.577850993994801, 43.555495475995002, 0.0 ], [ -116.577788423933256, 43.555592023675295, 0.0 ], [ -116.577780457340069, 43.555617446635189, 0.0 ], [ -116.577777129584788, 43.555661409906016, 0.0 ], [ -116.577778251877888, 43.555701261628727, 0.0 ], [ -116.577787492847463, 43.555757628407612, 0.0 ], [ -116.577819884733344, 43.555869529446788, 0.0 ], [ -116.577827563780829, 43.555896058776121, 0.0 ], [ -116.577846639233329, 43.555925928724101, 0.0 ], [ -116.57787398005901, 43.555949665731887, 0.0 ], [ -116.577922878827991, 43.555988421675316, 0.0 ], [ -116.578013487692488, 43.556074486261103, 0.0 ] ] } },
{ "type": "Feature", "properties": { "OBJECTID": 255, "UNIQID": "BPP261", "OWNER": "Nampa", "MANAGER": "Nampa", "STATUS": "Active", "INSTALLED": null, "FTR_FUNCTN": "Multiuse", "FTR_TYP": "Pathway", "OVPATHNAME": "Wilson Creek Pathway", "SGPATHLMT": "Iowa Ave", "SRFMATRL": "Asphalt" }, "geometry": { "type": "LineString", "coordinates": [ [ -116.577817718288188, 43.554261407139244, 0.0 ], [ -116.57781777966305, 43.554272761664343, 0.0 ], [ -116.577818497295112, 43.554405919699541, 0.0 ] ] } },
{ "type": "Feature", "properties": { "OBJECTID": 256, "UNIQID": "BPP262", "OWNER": "Nampa", "MANAGER": "Nampa", "STATUS": "Active", "INSTALLED": null, "FTR_FUNCTN": "Multiuse", "FTR_TYP": "Pathway", "OVPATHNAME": "Wilson Creek Pathway", "SGPATHLMT": "Iowa Ave", "SRFMATRL": "Dirt" }, "geometry": { "type": "LineString", "coordinates": [ [ -116.578130469843941, 43.554262757877574, 0.0 ], [ -116.577817718288188, 43.554261407139244, 0.0 ] ] } },
{ "type": "Feature", "properties": { "OBJECTID": 259, "UNIQID": "BPP265", "OWNER": "Private", "MANAGER": "Nampa", "STATUS": "Active", "INSTALLED": null, "FTR_FUNCTN": "Pathway", "FTR_TYP": "Pathway", "OVPATHNAME": "Wilson Creek Pathway", "SGPATHLMT": "Iowa Ave to Lake Lowell Ave", "SRFMATRL": "Asphalt" }, "geometry": { "type": "LineString", "coordinates": [ [ -116.580950842406594, 43.556478227188883, 0.0 ], [ -116.580960346493924, 43.55648470735445, 0.0 ], [ -116.580971475601615, 43.55649028279251, 0.0 ], [ -116.580983381820715, 43.556492874996913, 0.0 ], [ -116.580996000314613, 43.55649407044325, 0.0 ], [ -116.581085748969571, 43.556504027717985, 0.0 ], [ -116.581162958399943, 43.556513872659181, 0.0 ], [ -116.581242361643518, 43.55652520299089, 0.0 ], [ -116.581286670718143, 43.556532501199051, 0.0 ], [ -116.581336585638851, 43.556542617394825, 0.0 ], [ -116.581380312114462, 43.556555160279011, 0.0 ], [ -116.581415217129674, 43.556569195784171, 0.0 ], [ -116.581448160184792, 43.556583483177995, 0.0 ], [ -116.581491663550381, 43.55660364892497, 0.0 ], [ -116.581530507685343, 43.556618369537276, 0.0 ], [ -116.581553175899671, 43.556623682766357, 0.0 ], [ -116.581576139307529, 43.55662661123651, 0.0 ], [ -116.581601699719656, 43.556627854696529, 0.0 ], [ -116.581629188106248, 43.556626463888371, 0.0 ], [ -116.581670055685777, 43.556621641715779, 0.0 ], [ -116.581717114993438, 43.556614631307305, 0.0 ], [ -116.581851157799647, 43.55659865202734, 0.0 ], [ -116.581878652716483, 43.55659773727308, 0.0 ], [ -116.581905860231473, 43.556599682472097, 0.0 ], [ -116.581936036084301, 43.556603273979285, 0.0 ], [ -116.58209350878883, 43.556624037674709, 0.0 ], [ -116.582127287199924, 43.55662760291073, 0.0 ], [ -116.582154477110848, 43.556628357325081, 0.0 ], [ -116.582196001211258, 43.556629603268917, 0.0 ], [ -116.582216895603494, 43.556630939063837, 0.0 ], [ -116.582234135708703, 43.556634386125431, 0.0 ], [ -116.582259193607314, 43.556640752956675, 0.0 ], [ -116.582281077654528, 43.556647268004156, 0.0 ], [ -116.582300724392837, 43.556654442918379, 0.0 ], [ -116.582327918134851, 43.556667343429737, 0.0 ], [ -116.582349701472026, 43.556673734081116, 0.0 ], [ -116.582371439740655, 43.556676850434229, 0.0 ], [ -116.582390696860131, 43.556678198117936, 0.0 ], [ -116.582524909297945, 43.556674542102243, 0.0 ], [ -116.582549067241231, 43.5566749611557, 0.0 ], [ -116.582584311016404, 43.556677979116159, 0.0 ], [ -116.58261383022986, 43.556681336695604, 0.0 ], [ -116.582648698410352, 43.556686739078707, 0.0 ], [ -116.582694679501699, 43.556696525985551, 0.0 ], [ -116.582760784968698, 43.556711226738706, 0.0 ], [ -116.58279326754699, 43.556721706907162, 0.0 ], [ -116.58282251655578, 43.556735188205906, 0.0 ], [ -116.582840636251348, 43.556743094244069, 0.0 ], [ -116.582858293012393, 43.556747133152797, 0.0 ] ] } },
{ "type": "Feature", "properties": { "OBJECTID": 263, "UNIQID": "BPP269", "OWNER": "Nampa", "MANAGER": "Nampa", "STATUS": "Active", "INSTALLED": null, "FTR_FUNCTN": "Pathway", "FTR_TYP": "Pathway", "OVPATHNAME": "Wilson Creek Pathway", "SGPATHLMT": "Lake Lowell Ave to Midland Blvd", "SRFMATRL": "Asphalt" }, "geometry": { "type": "LineString", "coordinates": [ [ -116.590758942274206, 43.561672057286202, 0.0 ], [ -116.590760640721541, 43.561681239472101, 0.0 ], [ -116.590766921903139, 43.561715196930074, 0.0 ], [ -116.590783476798265, 43.561755834195182, 0.0 ], [ -116.590784903265558, 43.561770113032701, 0.0 ], [ -116.590784085776605, 43.561814485721541, 0.0 ], [ -116.59078778658332, 43.561830225821517, 0.0 ], [ -116.590796589151054, 43.56184504628753, 0.0 ], [ -116.590811978692017, 43.56186249705074, 0.0 ], [ -116.590844800754539, 43.561897085606645, 0.0 ], [ -116.590861893999772, 43.561919287241622, 0.0 ], [ -116.590876948433547, 43.561942098846039, 0.0 ], [ -116.590885842124763, 43.561963467872403, 0.0 ], [ -116.590892300985644, 43.561986342697431, 0.0 ], [ -116.590902800459077, 43.562034789776163, 0.0 ], [ -116.590909590333339, 43.5620520058417, 0.0 ], [ -116.590918016421327, 43.562069210771561, 0.0 ], [ -116.590933514944524, 43.562091108184838, 0.0 ], [ -116.590970673241429, 43.562146521374117, 0.0 ], [ -116.590999212375152, 43.562196919506853, 0.0 ], [ -116.591011103861803, 43.56222779238783, 0.0 ], [ -116.591020156229007, 43.562260471981702, 0.0 ], [ -116.591028363187988, 43.562291371965664, 0.0 ], [ -116.591038138972792, 43.562340282511748, 0.0 ], [ -116.591062875218427, 43.56244740775152, 0.0 ], [ -116.591068858278561, 43.562465523556178, 0.0 ], [ -116.591078149354203, 43.562485995827778, 0.0 ], [ -116.591099084795076, 43.562519481803719, 0.0 ], [ -116.591115404513332, 43.562544962807614, 0.0 ], [ -116.591137977444234, 43.562578436728543, 0.0 ], [ -116.591151804372174, 43.562601257325348, 0.0 ], [ -116.5911606858255, 43.562621732603567, 0.0 ], [ -116.591165331856459, 43.562636361293158, 0.0 ], [ -116.591171817369428, 43.562656779489558, 0.0 ], [ -116.591204777523004, 43.562760134808173, 0.0 ], [ -116.591215764130666, 43.562784762124046, 0.0 ], [ -116.591232147353381, 43.562814709013402, 0.0 ], [ -116.591247198008801, 43.562837222654991, 0.0 ], [ -116.591271734165304, 43.562864727840562, 0.0 ], [ -116.591293731937029, 43.562886298339883, 0.0 ], [ -116.5913231100768, 43.562908706535843, 0.0 ], [ -116.591352404154208, 43.562925161982285, 0.0 ], [ -116.591449730130094, 43.5629762445963, 0.0 ], [ -116.591539477253761, 43.563016309701048, 0.0 ], [ -116.591564811996633, 43.563024696803154, 0.0 ], [ -116.591603818598031, 43.56303514262941, 0.0 ] ] } },
{ "type": "Feature", "properties": { "OBJECTID": 264, "UNIQID": "BPP270", "OWNER": "Private", "MANAGER": "Nampa", "STATUS": "Active", "INSTALLED": null, "FTR_FUNCTN": "Pathway", "FTR_TYP": "Pathway", "OVPATHNAME": "Wilson Creek Pathway", "SGPATHLMT": "Lake Lowell Ave to Midland Blvd", "SRFMATRL": "Asphalt" }, "geometry": { "type": "LineString", "coordinates": [ [ -116.591603818598031, 43.56303514262941, 0.0 ], [ -116.591617737238863, 43.563038835049703, 0.0 ], [ -116.591633532118877, 43.563044195970555, 0.0 ], [ -116.591709231674798, 43.563071027353494, 0.0 ], [ -116.591734553192666, 43.563078461293486, 0.0 ], [ -116.591760827615076, 43.563083745938073, 0.0 ], [ -116.591786427403107, 43.563087606161517, 0.0 ], [ -116.591828072578508, 43.563091347328914, 0.0 ], [ -116.592142338120311, 43.563128329099023, 0.0 ], [ -116.59217385172569, 43.563133574154826, 0.0 ], [ -116.592292070119171, 43.563156280837433, 0.0 ], [ -116.592331177436705, 43.563162213396872, 0.0 ], [ -116.592395134751371, 43.563169891783915, 0.0 ], [ -116.592444961040854, 43.563175874037228, 0.0 ], [ -116.592596159476358, 43.563198984554028, 0.0 ], [ -116.592632693769659, 43.563204497618138, 0.0 ], [ -116.592671068718175, 43.563208502012309, 0.0 ], [ -116.592706798994044, 43.5632108579752, 0.0 ], [ -116.592739235668404, 43.563211809723562, 0.0 ], [ -116.592797980594099, 43.563210695280752, 0.0 ] ] } },
{ "type": "Feature", "properties": { "OBJECTID": 267, "UNIQID": "BPP273", "OWNER": "Nampa", "MANAGER": "Nampa", "STATUS": "Active", "INSTALLED": null, "FTR_FUNCTN": "Multiuse", "FTR_TYP": "Pathway", "OVPATHNAME": "Wilson Creek Pathway", "SGPATHLMT": "Midland Blvd", "SRFMATRL": "Asphalt" }, "geometry": { "type": "LineString", "coordinates": [ [ -116.592797980594099, 43.563210695280752, 0.0 ], [ -116.593038587651009, 43.56321832745973, 0.0 ] ] } },
{ "type": "Feature", "properties": { "OBJECTID": 270, "UNIQID": "BPP276", "OWNER": "Nampa", "MANAGER": "Nampa", "STATUS": "Active", "INSTALLED": null, "FTR_FUNCTN": "Multiuse", "FTR_TYP": "Pathway", "OVPATHNAME": "Wilson Creek Pathway", "SGPATHLMT": "Lake Lowell Ave", "SRFMATRL": "Asphalt" }, "geometry": { "type": "LineString", "coordinates": [ [ -116.590715062351236, 43.561519288386272, 0.0 ], [ -116.590758942274206, 43.561672057286202, 0.0 ] ] } },
{ "type": "Feature", "properties": { "OBJECTID": 275, "UNIQID": "BPP281", "OWNER": "Private", "MANAGER": "Private", "STATUS": "Active", "INSTALLED": null, "FTR_FUNCTN": "Pathway", "FTR_TYP": "Pathway", "OVPATHNAME": "Private Pathway", "SGPATHLMT": null, "SRFMATRL": "Asphalt" }, "geometry": { "type": "LineString", "coordinates": [ [ -116.597357277478281, 43.565807081227717, 0.0 ], [ -116.597389295842149, 43.565816676754409, 0.0 ], [ -116.597480273757071, 43.565834816559274, 0.0 ], [ -116.597526950616327, 43.565846854306564, 0.0 ], [ -116.597572003323592, 43.565859857297227, 0.0 ], [ -116.597616768117916, 43.565875720268139, 0.0 ], [ -116.597655314127394, 43.56589186696155, 0.0 ], [ -116.597699508917884, 43.565913687483217, 0.0 ], [ -116.597741733630983, 43.565935284966308, 0.0 ], [ -116.597848032937961, 43.565994987962213, 0.0 ], [ -116.597871097530287, 43.566004819878344, 0.0 ], [ -116.597901695043532, 43.566014595020206, 0.0 ], [ -116.597932912703129, 43.566021984751536, 0.0 ], [ -116.597962807463347, 43.56602843106549, 0.0 ], [ -116.598002172745495, 43.566032902481155, 0.0 ], [ -116.598044728798271, 43.566036016244624, 0.0 ], [ -116.598294699959084, 43.566055119051477, 0.0 ], [ -116.598381272056542, 43.566059419510538, 0.0 ], [ -116.598467950536701, 43.566059168348161, 0.0 ], [ -116.598582448837064, 43.566059467746001, 0.0 ], [ -116.598696930076784, 43.566057468702702, 0.0 ], [ -116.598857121169829, 43.566055353162533, 0.0 ], [ -116.59896800490101, 43.566048740696353, 0.0 ], [ -116.599079053215377, 43.566046057707695, 0.0 ], [ -116.599102127463325, 43.566047220301542, 0.0 ], [ -116.599122337723671, 43.566049737232269, 0.0 ], [ -116.599142575989276, 43.566054159493611, 0.0 ], [ -116.599160476517255, 43.566060123009208, 0.0 ], [ -116.599176834557042, 43.566068194345881, 0.0 ], [ -116.599196396588454, 43.566080432813486, 0.0 ], [ -116.599216032333288, 43.566098005708191, 0.0 ], [ -116.59925892551054, 43.566148367120384, 0.0 ], [ -116.599444151516238, 43.566398875402975, 0.0 ] ] } },
{ "type": "Feature", "properties": { "OBJECTID": 276, "UNIQID": "BPP282", "OWNER": "Private", "MANAGER": "Private", "STATUS": "Active", "INSTALLED": null, "FTR_FUNCTN": "Pathway", "FTR_TYP": "Connector", "OVPATHNAME": "Wilson Creek Pathway", "SGPATHLMT": null, "SRFMATRL": "Asphalt" }, "geometry": { "type": "LineString", "coordinates": [ [ -116.595825250322605, 43.566273863516315, 0.0 ], [ -116.595831624900782, 43.566272854131022, 0.0 ], [ -116.595895659271505, 43.566262684313827, 0.0 ], [ -116.595918983662145, 43.566258367602991, 0.0 ], [ -116.595942070502986, 43.56625105256385, 0.0 ], [ -116.595964922394799, 43.566241013712137, 0.0 ], [ -116.596012996999519, 43.566212555487326, 0.0 ], [ -116.596036382859083, 43.566198570168623, 0.0 ], [ -116.596062449002687, 43.56618885045409, 0.0 ], [ -116.596106172222775, 43.566177095412208, 0.0 ], [ -116.5961446827001, 43.566167284477402, 0.0 ], [ -116.596199607364369, 43.566160209898719, 0.0 ], [ -116.596242087664251, 43.566153226510188, 0.0 ], [ -116.596266254889713, 43.566148284210925, 0.0 ], [ -116.596314863347914, 43.566132596331073, 0.0 ], [ -116.596375182621912, 43.566115089011141, 0.0 ], [ -116.596579064752873, 43.566062852562055, 0.0 ] ] } },
{ "type": "Feature", "properties": { "OBJECTID": 280, "UNIQID": "BPP286", "OWNER": "Nampa", "MANAGER": "Nampa", "STATUS": "Active", "INSTALLED": null, "FTR_FUNCTN": "Pathway", "FTR_TYP": "Pathway", "OVPATHNAME": "Wilson Creek Pathway", "SGPATHLMT": "Powerline Rd to Sunny Ridge Rd", "SRFMATRL": "Asphalt" }, "geometry": { "type": "LineString", "coordinates": [ [ -116.557846754352923, 43.538780866106372, 0.0 ], [ -116.557852594220179, 43.538792429177363, 0.0 ], [ -116.557896681114443, 43.538857849746691, 0.0 ], [ -116.557956825265606, 43.538948876826183, 0.0 ], [ -116.558110110687153, 43.539174995215618, 0.0 ], [ -116.558337623282469, 43.53951704690256, 0.0 ], [ -116.558436879496185, 43.539668527304542, 0.0 ], [ -116.55846068983459, 43.539697438178472, 0.0 ], [ -116.558480593231195, 43.539716945228975, 0.0 ], [ -116.558505356706931, 43.539737641168315, 0.0 ], [ -116.558535746824859, 43.539757907558958, 0.0 ], [ -116.558560868563617, 43.539772447739239, 0.0 ], [ -116.558589833341571, 43.53978753230961, 0.0 ], [ -116.558616536227191, 43.53980011343743, 0.0 ], [ -116.558700134868445, 43.539831885911248, 0.0 ], [ -116.558815146687664, 43.539872227557467, 0.0 ], [ -116.558871380283421, 43.539891120168562, 0.0 ], [ -116.55891678429083, 43.539907946192692, 0.0 ], [ -116.55896615472102, 43.539927602010707, 0.0 ], [ -116.559014551144543, 43.539947979394078, 0.0 ], [ -116.559065942441848, 43.539971908135101, 0.0 ], [ -116.559121358744136, 43.540002952611161, 0.0 ], [ -116.559165913065399, 43.54002978667063, 0.0 ], [ -116.559209514978704, 43.540058771536891, 0.0 ], [ -116.559266055888216, 43.540100524797943, 0.0 ], [ -116.55932560962269, 43.540147258663723, 0.0 ], [ -116.559383247741195, 43.540197577731306, 0.0 ], [ -116.559621865478292, 43.540414516267127, 0.0 ], [ -116.559655657513687, 43.540444285124046, 0.0 ], [ -116.559691355704842, 43.540469753205059, 0.0 ], [ -116.559729990221683, 43.540494485783974, 0.0 ], [ -116.559769568901032, 43.540516354685174, 0.0 ], [ -116.559828855672876, 43.540543084134683, 0.0 ], [ -116.559898907816844, 43.540566880314991, 0.0 ], [ -116.559970846987113, 43.540584946428815, 0.0 ], [ -116.560020111862102, 43.540596743599096, 0.0 ], [ -116.560154121359716, 43.540629373890233, 0.0 ], [ -116.561329640498059, 43.540913258726576, 0.0 ], [ -116.561353929323943, 43.54091773547168, 0.0 ], [ -116.561382459983463, 43.540920747318317, 0.0 ], [ -116.561885931037082, 43.540923287601515, 0.0 ], [ -116.562151041504791, 43.54092462437238, 0.0 ], [ -116.562681457956714, 43.540927296480028, 0.0 ] ] } },
{ "type": "Feature", "properties": { "OBJECTID": 281, "UNIQID": "BPP287", "OWNER": "Nampa", "MANAGER": "Nampa", "STATUS": "Active", "INSTALLED": null, "FTR_FUNCTN": "Multiuse", "FTR_TYP": "Pathway", "OVPATHNAME": "Wilson Creek Pathway", "SGPATHLMT": "Sunny Ridge Rd", "SRFMATRL": "Concrete" }, "geometry": { "type": "LineString", "coordinates": [ [ -116.562885668971347, 43.541154244421691, 0.0 ], [ -116.562885588558501, 43.541189517044451, 0.0 ], [ -116.562884920721928, 43.541617494909055, 0.0 ], [ -116.56288487708197, 43.541645558217546, 0.0 ], [ -116.562884120293901, 43.541646699548117, 0.0 ], [ -116.562839072839267, 43.541714704250516, 0.0 ], [ -116.562835933234965, 43.541835323561862, 0.0 ] ] } },
{ "type": "Feature", "properties": { "OBJECTID": 282, "UNIQID": "BPP288", "OWNER": "Nampa", "MANAGER": "Nampa", "STATUS": "Active", "INSTALLED": null, "FTR_FUNCTN": "Multiuse", "FTR_TYP": "Pathway", "OVPATHNAME": "Wilson Creek Pathway", "SGPATHLMT": "Sunny Ridge Rd", "SRFMATRL": "Asphalt" }, "geometry": { "type": "LineString", "coordinates": [ [ -116.562681457956714, 43.540927296480028, 0.0 ], [ -116.562885192640096, 43.540923648195914, 0.0 ], [ -116.562885668971347, 43.541154244421691, 0.0 ] ] } },
{ "type": "Feature", "properties": { "OBJECTID": 283, "UNIQID": "BPP289", "OWNER": "Nampa", "MANAGER": "Nampa", "STATUS": "Active", "INSTALLED": null, "FTR_FUNCTN": "Multiuse", "FTR_TYP": "Pathway", "OVPATHNAME": "Wilson Creek Pathway", "SGPATHLMT": "Greenhurst Rd", "SRFMATRL": "Asphalt" }, "geometry": { "type": "LineString", "coordinates": [ [ -116.570235977562575, 43.546988768672861, 0.0 ], [ -116.57057762490723, 43.546984545587243, 0.0 ], [ -116.570626279660473, 43.546983397054191, 0.0 ] ] } },
{ "type": "Feature", "properties": { "OBJECTID": 285, "UNIQID": "BPP291", "OWNER": "Private", "MANAGER": "Private", "STATUS": "Active", "INSTALLED": null, "FTR_FUNCTN": "Pathway", "FTR_TYP": "Connector", "OVPATHNAME": "Wilson Creek Pathway", "SGPATHLMT": "Iowa to Lake Lowell", "SRFMATRL": "Asphalt" }, "geometry": { "type": "LineString", "coordinates": [ [ -116.589747658505445, 43.559775465202677, 0.0 ], [ -116.590057294238065, 43.559540875094882, 0.0 ] ] } },
{ "type": "Feature", "properties": { "OBJECTID": 286, "UNIQID": "BPP292", "OWNER": "State", "MANAGER": "State", "STATUS": "Active", "INSTALLED": null, "FTR_FUNCTN": "Pathway", "FTR_TYP": "Pathway", "OVPATHNAME": "Wilson Ponds Pathway", "SGPATHLMT": "Wilson Ponds Only", "SRFMATRL": "Asphalt" }, "geometry": { "type": "LineString", "coordinates": [ [ -116.553047248767172, 43.536749952562161, 0.0 ], [ -116.553038244401534, 43.536897202445658, 0.0 ], [ -116.55303323551, 43.536975486812715, 0.0 ], [ -116.55302909272018, 43.537040160689855, 0.0 ], [ -116.553026100970683, 43.537153901893028, 0.0 ], [ -116.553027894461167, 43.537350667101215, 0.0 ], [ -116.553029514535808, 43.537444584080646, 0.0 ] ] } },
{ "type": "Feature", "properties": { "OBJECTID": 287, "UNIQID": "BPP293", "OWNER": "State", "MANAGER": "State", "STATUS": "Active", "INSTALLED": null, "FTR_FUNCTN": "Pathway", "FTR_TYP": "Pathway", "OVPATHNAME": "Wilson Ponds Pathway", "SGPATHLMT": "Wilson Ponds Only", "SRFMATRL": "Asphalt" }, "geometry": { "type": "LineString", "coordinates": [ [ -116.557532271337081, 43.538549845340178, 0.0 ], [ -116.557549048270346, 43.538534192582745, 0.0 ], [ -116.55756254932291, 43.538515520559336, 0.0 ], [ -116.557572073365208, 43.538493304953477, 0.0 ], [ -116.557574625280182, 43.538475363754841, 0.0 ], [ -116.557575068754872, 43.538462145972744, 0.0 ], [ -116.55757177021367, 43.538445376649051, 0.0 ], [ -116.557564331815954, 43.538428343128423, 0.0 ], [ -116.557538293245344, 43.53839065993585, 0.0 ], [ -116.557483904859708, 43.538329660456412, 0.0 ], [ -116.557451110735073, 43.538294763118991, 0.0 ], [ -116.557407900874423, 43.538245948777188, 0.0 ], [ -116.557326446930745, 43.538150194130523, 0.0 ], [ -116.557261408959675, 43.538065505695393, 0.0 ], [ -116.557113474874228, 43.537877707824862, 0.0 ], [ -116.556948296933882, 43.53768661911456, 0.0 ], [ -116.556933935785992, 43.537665105911742, 0.0 ], [ -116.556839318055211, 43.537488307060499, 0.0 ], [ -116.556815979452423, 43.537449738727659, 0.0 ], [ -116.556790071600375, 43.537421699213908, 0.0 ], [ -116.556759261732253, 43.537394409880079, 0.0 ], [ -116.556733458713069, 43.537374229455637, 0.0 ], [ -116.556631501687761, 43.537320629341664, 0.0 ], [ -116.556573745242318, 43.537291405790157, 0.0 ], [ -116.556537129834027, 43.537270587805594, 0.0 ], [ -116.556501620437245, 43.53724595270198, 0.0 ] ] } },
{ "type": "Feature", "properties": { "OBJECTID": 289, "UNIQID": "BPP295", "OWNER": "State", "MANAGER": "State", "STATUS": "Active", "INSTALLED": null, "FTR_FUNCTN": "Pathway", "FTR_TYP": "Pathway", "OVPATHNAME": "Wilson Ponds Pathway", "SGPATHLMT": "Wilson Ponds Only", "SRFMATRL": "Asphalt" }, "geometry": { "type": "LineString", "coordinates": [ [ -116.553945250152609, 43.535393705128932, 0.0 ], [ -116.553932875334169, 43.535394740872128, 0.0 ], [ -116.553760324553906, 43.535395746144445, 0.0 ], [ -116.553626155358145, 43.535392717976436, 0.0 ], [ -116.553526189487471, 43.535394035379063, 0.0 ], [ -116.553393278791859, 43.535401180246772, 0.0 ], [ -116.553264253730276, 43.535410894505347, 0.0 ], [ -116.553255386876742, 43.535436565207732, 0.0 ], [ -116.553245124121204, 43.535464918171925, 0.0 ], [ -116.553234164864932, 43.535502504955502, 0.0 ], [ -116.55322698338729, 43.535547210346856, 0.0 ], [ -116.553223835071933, 43.535587421008628, 0.0 ], [ -116.553226214631096, 43.535643371031327, 0.0 ], [ -116.5532284020303, 43.535715696480054, 0.0 ], [ -116.553235838013791, 43.535782625741007, 0.0 ], [ -116.553245989294084, 43.535869183734981, 0.0 ], [ -116.553263683161774, 43.535969086114001, 0.0 ], [ -116.553281962929418, 43.536051419438124, 0.0 ], [ -116.55328482926852, 43.536070402623956, 0.0 ], [ -116.553285269492505, 43.536084737535909, 0.0 ], [ -116.553283570996129, 43.536110947450318, 0.0 ], [ -116.553274839661469, 43.536162212099335, 0.0 ], [ -116.55327401151645, 43.536192285512215, 0.0 ], [ -116.553278077816046, 43.536221133678438, 0.0 ], [ -116.553288942783382, 43.536268986007137, 0.0 ], [ -116.553298926791712, 43.536312081991589, 0.0 ], [ -116.553301721150518, 43.536337664458337, 0.0 ], [ -116.553302053088672, 43.53636266834728, 0.0 ], [ -116.553300633675036, 43.536379051494954, 0.0 ], [ -116.553297617030395, 43.536398423460454, 0.0 ], [ -116.553282214901628, 43.536471169523999, 0.0 ], [ -116.553281185217074, 43.536486061135186, 0.0 ], [ -116.553281398610878, 43.536502135770633, 0.0 ], [ -116.553291572334331, 43.536559519818404, 0.0 ], [ -116.553295979745997, 43.536583304213408, 0.0 ], [ -116.553297700967008, 43.536620503960535, 0.0 ], [ -116.553300039655255, 43.536642517053238, 0.0 ], [ -116.553302821084159, 43.536654821946563, 0.0 ], [ -116.553304777548988, 43.536660345735136, 0.0 ], [ -116.553314370400429, 43.536673971850966, 0.0 ], [ -116.553327207896018, 43.53668549229112, 0.0 ], [ -116.553346597631361, 43.536697263729394, 0.0 ], [ -116.553371300748537, 43.536708700788807, 0.0 ], [ -116.553393321298998, 43.53671807561706, 0.0 ], [ -116.553411132576869, 43.536728191114854, 0.0 ], [ -116.553424383558436, 43.536740006577901, 0.0 ] ] } },
{ "type": "Feature", "properties": { "OBJECTID": 290, "UNIQID": "BPP296", "OWNER": "State", "MANAGER": "State", "STATUS": "Active", "INSTALLED": null, "FTR_FUNCTN": "Pathway", "FTR_TYP": "Pathway", "OVPATHNAME": "Wilson Ponds Pathway", "SGPATHLMT": "Wilson Ponds Only", "SRFMATRL": "Asphalt" }, "geometry": { "type": "LineString", "coordinates": [ [ -116.553704967507699, 43.534555855506298, 0.0 ], [ -116.553682772137236, 43.534566053268243, 0.0 ], [ -116.553664179921697, 43.534583450059678, 0.0 ], [ -116.553655392134502, 43.534599587971883, 0.0 ], [ -116.553648272665058, 43.534618094973332, 0.0 ], [ -116.553649406648262, 43.534641902372321, 0.0 ], [ -116.553658747901892, 43.534667438817714, 0.0 ], [ -116.553678075450435, 43.534705407728183, 0.0 ], [ -116.553713887512359, 43.534759179371925, 0.0 ], [ -116.553760836617002, 43.534818864805992, 0.0 ], [ -116.553889280781036, 43.534954027448507, 0.0 ], [ -116.553984180087411, 43.535035267436662, 0.0 ], [ -116.553991647618588, 43.535041844305347, 0.0 ], [ -116.554020657967641, 43.53507206938766, 0.0 ], [ -116.554044212828401, 43.535106715087068, 0.0 ], [ -116.554061650519614, 43.53514480816883, 0.0 ], [ -116.554072437478141, 43.535188713955208, 0.0 ], [ -116.554071882373535, 43.535220869235481, 0.0 ], [ -116.554066437312315, 43.535254487396188, 0.0 ], [ -116.554057864354604, 43.535285023041553, 0.0 ], [ -116.554047642691444, 43.535318207631768, 0.0 ], [ -116.554032310803848, 43.535346894256257, 0.0 ], [ -116.554018799853154, 43.53536485124777, 0.0 ] ] } },
{ "type": "Feature", "properties": { "OBJECTID": 291, "UNIQID": "BPP297", "OWNER": "State", "MANAGER": "State", "STATUS": "Active", "INSTALLED": null, "FTR_FUNCTN": "Pathway", "FTR_TYP": "Pathway", "OVPATHNAME": "Wilson Ponds Pathway", "SGPATHLMT": "Wilson Ponds Only", "SRFMATRL": "Asphalt" }, "geometry": { "type": "LineString", "coordinates": [ [ -116.556501620437245, 43.53724595270198, 0.0 ], [ -116.556487671792596, 43.537231047008063, 0.0 ], [ -116.556477642883081, 43.537215398967838, 0.0 ], [ -116.556464562304626, 43.537191913510568, 0.0 ], [ -116.556459841936118, 43.537174730224002, 0.0 ], [ -116.55643325558114, 43.537078770604083, 0.0 ], [ -116.556418314253818, 43.537024840025424, 0.0 ], [ -116.556409656260996, 43.536992756029726, 0.0 ], [ -116.556396942001996, 43.53695980142404, 0.0 ], [ -116.556382188190213, 43.53692745708112, 0.0 ], [ -116.55636583852862, 43.536898100686649, 0.0 ], [ -116.556349515399873, 43.536870826978898, 0.0 ], [ -116.556329510501484, 43.536843580135319, 0.0 ], [ -116.556309517518642, 43.536817226122558, 0.0 ], [ -116.556282521642274, 43.53678734981893, 0.0 ], [ -116.556258921031173, 43.536766677589682, 0.0 ], [ -116.556217138796256, 43.536732737090908, 0.0 ], [ -116.556172830699282, 43.536693455976206, 0.0 ], [ -116.556153688550268, 43.536669476751847, 0.0 ], [ -116.556142808315727, 43.536651394459575, 0.0 ], [ -116.556129790615273, 43.536626480028559, 0.0 ], [ -116.556116669808617, 43.536593825295398, 0.0 ], [ -116.556075463060793, 43.536480098594865, 0.0 ], [ -116.556062330422705, 43.536446551019459, 0.0 ], [ -116.55604673932929, 43.536412723735644, 0.0 ], [ -116.55603082598769, 43.536385447990916, 0.0 ], [ -116.556009133091123, 43.536354342475356, 0.0 ], [ -116.555988751980209, 43.536329479937997, 0.0 ], [ -116.555959184904097, 43.53629807707631, 0.0 ], [ -116.555916950905655, 43.536253775673067, 0.0 ], [ -116.555867634004258, 43.536207087555447, 0.0 ], [ -116.555812597101891, 43.536161034710865, 0.0 ], [ -116.555761751860203, 43.536122394486213, 0.0 ], [ -116.555706545695088, 43.536081644486941, 0.0 ], [ -116.555623859494517, 43.536024593411668, 0.0 ], [ -116.555487973172347, 43.53594045535268, 0.0 ] ] } },
{ "type": "Feature", "properties": { "OBJECTID": 292, "UNIQID": "BPP298", "OWNER": "State", "MANAGER": "State", "STATUS": "Active", "INSTALLED": null, "FTR_FUNCTN": "Pathway", "FTR_TYP": "Pathway", "OVPATHNAME": "Wilson Ponds Pathway", "SGPATHLMT": "Wilson Ponds Only", "SRFMATRL": "Asphalt" }, "geometry": { "type": "LineString", "coordinates": [ [ -116.553029514535808, 43.537444584080646, 0.0 ], [ -116.553028761532872, 43.537547081462357, 0.0 ], [ -116.55303141274598, 43.537759713337046, 0.0 ], [ -116.553034833855037, 43.537801664572328, 0.0 ], [ -116.553040996577408, 43.537834367626914, 0.0 ], [ -116.553049146349764, 43.537862591231914, 0.0 ], [ -116.553060609237448, 43.537893769159218, 0.0 ], [ -116.553074915227143, 43.537923438317222, 0.0 ], [ -116.553089986176175, 43.537948934547508, 0.0 ], [ -116.553110005801727, 43.537977372708049, 0.0 ], [ -116.553133719167306, 43.538006677835668, 0.0 ], [ -116.553159451207932, 43.538033885000893, 0.0 ], [ -116.553179361500071, 43.538053988812315, 0.0 ], [ -116.553203338235903, 43.538072277315159, 0.0 ], [ -116.553231390563695, 43.538089346321613, 0.0 ], [ -116.553256942148977, 43.538102861217652, 0.0 ], [ -116.553284530910105, 43.53811576591567, 0.0 ], [ -116.553315789706616, 43.538127751901683, 0.0 ], [ -116.553358132186972, 43.538142338752543, 0.0 ], [ -116.553396769110577, 43.538155166690409, 0.0 ], [ -116.553434960949801, 43.538165317187804, 0.0 ], [ -116.553476834693754, 43.538175442697003, 0.0 ], [ -116.553527298012511, 43.538185208982192, 0.0 ], [ -116.553570460246661, 43.538191919349963, 0.0 ], [ -116.553624294651598, 43.538197913801646, 0.0 ], [ -116.553691662682354, 43.538205488214039, 0.0 ], [ -116.553732663345841, 43.538211451314581, 0.0 ], [ -116.553939480353989, 43.538254652117921, 0.0 ], [ -116.554151024859976, 43.538302372998203, 0.0 ], [ -116.554229226286296, 43.538317809946136, 0.0 ], [ -116.554300989610255, 43.538329212792235, 0.0 ], [ -116.554361050273698, 43.538338086682145, 0.0 ], [ -116.554458843295563, 43.538352215479279, 0.0 ], [ -116.554519403400093, 43.538362263127581, 0.0 ], [ -116.55457370657065, 43.538373436719645, 0.0 ], [ -116.554615198839784, 43.538385648271792, 0.0 ], [ -116.554651369687207, 43.538397598421817, 0.0 ], [ -116.554689227603461, 43.538413408098876, 0.0 ], [ -116.55473945996826, 43.538436572848106, 0.0 ], [ -116.555056214693877, 43.538589860023571, 0.0 ], [ -116.555280939796347, 43.53868907632549, 0.0 ], [ -116.555385556182017, 43.538737227577805, 0.0 ], [ -116.555460888461496, 43.538773247114875, 0.0 ], [ -116.555612468642423, 43.5388474965808, 0.0 ], [ -116.555687510104406, 43.538885443371719, 0.0 ] ] } },
{ "type": "Feature", "properties": { "OBJECTID": 294, "UNIQID": "BPP300", "OWNER": "State", "MANAGER": "State", "STATUS": "Active", "INSTALLED": null, "FTR_FUNCTN": "Pathway", "FTR_TYP": "Pathway", "OVPATHNAME": "Wilson Ponds Pathway", "SGPATHLMT": "Wilson Ponds Only", "SRFMATRL": "Asphalt" }, "geometry": { "type": "LineString", "coordinates": [ [ -116.555487973172347, 43.53594045535268, 0.0 ], [ -116.555410883247148, 43.535879574290213, 0.0 ], [ -116.555344809423573, 43.535820600340955, 0.0 ], [ -116.555293798692659, 43.535775709740413, 0.0 ], [ -116.555224864612256, 43.535712369584218, 0.0 ], [ -116.555152512689304, 43.535638098099369, 0.0 ], [ -116.554946203516792, 43.53541528421183, 0.0 ], [ -116.554579636735681, 43.535047214078155, 0.0 ], [ -116.554477177225607, 43.534948861598878, 0.0 ], [ -116.554358027486998, 43.534850864981891, 0.0 ], [ -116.554321254471333, 43.53481801998548, 0.0 ], [ -116.554281006069246, 43.534779494466399, 0.0 ] ] } },
{ "type": "Feature", "properties": { "OBJECTID": 295, "UNIQID": "BPP301", "OWNER": "State", "MANAGER": "State", "STATUS": "Active", "INSTALLED": null, "FTR_FUNCTN": "Pathway", "FTR_TYP": "Pathway", "OVPATHNAME": "Wilson Ponds Pathway", "SGPATHLMT": "Wilson Ponds Only", "SRFMATRL": "Concrete" }, "geometry": { "type": "LineString", "coordinates": [ [ -116.553424383558436, 43.536740006577901, 0.0 ], [ -116.5533533847819, 43.536742887201427, 0.0 ], [ -116.553119304297269, 43.536747731693993, 0.0 ], [ -116.553106346339774, 43.536748108055974, 0.0 ] ] } },
{ "type": "Feature", "properties": { "OBJECTID": 296, "UNIQID": "BPP302", "OWNER": "State", "MANAGER": "State", "STATUS": "Active", "INSTALLED": null, "FTR_FUNCTN": "Pathway", "FTR_TYP": "Pathway", "OVPATHNAME": "Wilson Ponds Pathway", "SGPATHLMT": "Wilson Ponds Only", "SRFMATRL": "Dirt" }, "geometry": { "type": "LineString", "coordinates": [ [ -116.553106346339774, 43.536748108055974, 0.0 ], [ -116.553047248767172, 43.536749952562161, 0.0 ] ] } },
{ "type": "Feature", "properties": { "OBJECTID": 300, "UNIQID": "BPP306", "OWNER": "State", "MANAGER": "State", "STATUS": "Active", "INSTALLED": null, "FTR_FUNCTN": "Pathway", "FTR_TYP": "Pathway", "OVPATHNAME": "Wilson Ponds Pathway", "SGPATHLMT": "Wilson Ponds Only", "SRFMATRL": "Asphalt" }, "geometry": { "type": "LineString", "coordinates": [ [ -116.553424383558436, 43.536740006577901, 0.0 ], [ -116.553434671110736, 43.536750412574712, 0.0 ], [ -116.553446685904461, 43.536767713949359, 0.0 ], [ -116.553455465117239, 43.5367878959403, 0.0 ], [ -116.553463970231334, 43.536812127694105, 0.0 ], [ -116.553473083626955, 43.536832783498248, 0.0 ], [ -116.553483480647344, 43.536851524727595, 0.0 ], [ -116.5535024735089, 43.536876635998333, 0.0 ], [ -116.553529040041667, 43.536905028079133, 0.0 ], [ -116.553551290665851, 43.536928925587148, 0.0 ], [ -116.55356565367795, 43.536950496813276, 0.0 ], [ -116.553591408746854, 43.536991755489254, 0.0 ], [ -116.553603093854449, 43.537008820632288, 0.0 ], [ -116.55362528328682, 43.537038353303224, 0.0 ], [ -116.553639900225789, 43.537054445507941, 0.0 ], [ -116.553655789379903, 43.537067670888703, 0.0 ], [ -116.553723218810518, 43.537116383911794, 0.0 ], [ -116.553764562317454, 43.537153055767, 0.0 ], [ -116.553780234366101, 43.537169679707212, 0.0 ], [ -116.553792233525314, 43.537185790296064, 0.0 ], [ -116.553802993349237, 43.537207148291863, 0.0 ], [ -116.553806049790097, 43.537220399964021, 0.0 ], [ -116.553805964665528, 43.537233737631759, 0.0 ], [ -116.553802943245145, 43.537244265067955, 0.0 ], [ -116.553794738979548, 43.537256108012038, 0.0 ], [ -116.553783627545698, 43.537267426822012, 0.0 ], [ -116.55377146440253, 43.537278372274251, 0.0 ], [ -116.55375746270785, 43.537288949900088, 0.0 ], [ -116.553745774807183, 43.537296272628424, 0.0 ], [ -116.553731460204986, 43.537303041345297, 0.0 ], [ -116.553718422877722, 43.537307324852861, 0.0 ], [ -116.553702234288394, 43.537311058035563, 0.0 ], [ -116.553683942286455, 43.537314044501073, 0.0 ], [ -116.553662499260625, 43.537315380691616, 0.0 ], [ -116.553651707398373, 43.537315456551269, 0.0 ], [ -116.553602673751755, 43.537313042346575, 0.0 ], [ -116.553549244505632, 43.537309173817938, 0.0 ], [ -116.553499332140305, 43.53730655421684, 0.0 ], [ -116.553457314104975, 43.537305364313092, 0.0 ], [ -116.553423485189413, 43.537305814472056, 0.0 ], [ -116.553395486594582, 43.537307212882375, 0.0 ], [ -116.553359971986694, 43.53731135275585, 0.0 ], [ -116.553326224763026, 43.537317956428325, 0.0 ], [ -116.553289288006894, 43.537326066797789, 0.0 ], [ -116.553252681071669, 43.537336933704047, 0.0 ], [ -116.553213759301073, 43.537349302958482, 0.0 ], [ -116.553177482498896, 43.537363137915285, 0.0 ], [ -116.553139478857872, 43.537378683516593, 0.0 ], [ -116.553108494832372, 43.537395664092742, 0.0 ], [ -116.553072904887514, 43.537417345932852, 0.0 ], [ -116.553029514535808, 43.537444584080646, 0.0 ] ] } },
{ "type": "Feature", "properties": { "OBJECTID": 301, "UNIQID": "BPP307", "OWNER": "Nampa", "MANAGER": "Nampa", "STATUS": "Active", "INSTALLED": null, "FTR_FUNCTN": "Pathway", "FTR_TYP": "Trail", "OVPATHNAME": "Harward Rec Center Fitness Trail", "SGPATHLMT": "Harward Rec Center Only", "SRFMATRL": "Asphalt" }, "geometry": { "type": "LineString", "coordinates": [ [ -116.57065224754497, 43.552756231473545, 0.0 ], [ -116.570538986686117, 43.552758949073031, 0.0 ], [ -116.570430535612402, 43.55277830400761, 0.0 ], [ -116.570331251742999, 43.552797592161333, 0.0 ], [ -116.570262501081928, 43.552798562515129, 0.0 ], [ -116.570196323710377, 43.552796179433521, 0.0 ], [ -116.570016509290326, 43.552773614422136, 0.0 ], [ -116.569915536606615, 43.552760087968117, 0.0 ], [ -116.569845410912038, 43.552756304514226, 0.0 ], [ -116.569797601671894, 43.552756170288873, 0.0 ], [ -116.56974266651811, 43.552761803780115, 0.0 ], [ -116.5696733891169, 43.552772303492659, 0.0 ], [ -116.569564905455962, 43.552789276130753, 0.0 ], [ -116.56949098625573, 43.552795521751897, 0.0 ], [ -116.569431396401725, 43.552795948878547, 0.0 ], [ -116.569373031908057, 43.552790174388292, 0.0 ], [ -116.569258831302335, 43.552775513498489, 0.0 ], [ -116.569190057723844, 43.552722896716574, 0.0 ], [ -116.569168793753619, 43.552700186112034, 0.0 ], [ -116.569152755165547, 43.552676485739624, 0.0 ], [ -116.569143270557461, 43.552653214567691, 0.0 ], [ -116.569137696839761, 43.552628485988059, 0.0 ], [ -116.569135332121476, 43.552595160802881, 0.0 ], [ -116.569134642746704, 43.552548011320646, 0.0 ], [ -116.569142845410539, 43.552428397226691, 0.0 ], [ -116.569146377515963, 43.552350733237738, 0.0 ], [ -116.569149487225829, 43.55229021950101, 0.0 ], [ -116.569148493769376, 43.552216874292633, 0.0 ], [ -116.569146871501914, 43.552145439136275, 0.0 ], [ -116.56914250609384, 43.552076423345326, 0.0 ], [ -116.569140607298834, 43.551973058519927, 0.0 ], [ -116.569142898030577, 43.55194875065083, 0.0 ], [ -116.569151081567696, 43.551924399659427, 0.0 ], [ -116.569163868034536, 43.551901445072339, 0.0 ], [ -116.569183274128619, 43.551883682632976, 0.0 ], [ -116.569215745293192, 43.551863444862221, 0.0 ], [ -116.569252221572313, 43.55184889412461, 0.0 ], [ -116.569290105083653, 43.551841477519062, 0.0 ], [ -116.569327151703433, 43.55184006977867, 0.0 ], [ -116.569344932151424, 43.551840439216654, 0.0 ], [ -116.569398825895462, 43.551842127730737, 0.0 ], [ -116.569493807644719, 43.551843827745728, 0.0 ], [ -116.569580199433346, 43.551839874419287, 0.0 ], [ -116.569636444242988, 43.551834231616567, 0.0 ], [ -116.56969563159754, 43.551822805139913, 0.0 ], [ -116.569733742299306, 43.551813528917059, 0.0 ], [ -116.569781311917168, 43.551796040597814, 0.0 ], [ -116.569856158168975, 43.551761685588964, 0.0 ], [ -116.569953113809191, 43.551715741377635, 0.0 ], [ -116.56998109668065, 43.551702679807867, 0.0 ], [ -116.570012431356929, 43.551695309932988, 0.0 ], [ -116.57004444772835, 43.551689841607583, 0.0 ], [ -116.570173292897664, 43.551679745154047, 0.0 ], [ -116.570244392225163, 43.551669815341789, 0.0 ], [ -116.570271310017702, 43.551661540063506, 0.0 ], [ -116.570299895736113, 43.551644663895132, 0.0 ], [ -116.570321234197806, 43.55162450568762, 0.0 ], [ -116.570340471899527, 43.551594360450018, 0.0 ], [ -116.570359367584871, 43.55155241442904, 0.0 ], [ -116.570390445390231, 43.551464444416503, 0.0 ], [ -116.570407654552312, 43.551429550304157, 0.0 ], [ -116.570423721206467, 43.551407048197795, 0.0 ], [ -116.570445719379535, 43.551387361393999, 0.0 ], [ -116.570472969855459, 43.551368590116248, 0.0 ], [ -116.570498943383853, 43.551352208805945, 0.0 ], [ -116.570545751403714, 43.551328524727332, 0.0 ], [ -116.570613407855049, 43.551303311105308, 0.0 ], [ -116.570643557301338, 43.55129544189851, 0.0 ], [ -116.570684079373834, 43.551289435276665, 0.0 ], [ -116.570727252208087, 43.551285791320765, 0.0 ], [ -116.570771766582652, 43.551284519427021, 0.0 ], [ -116.570949957466709, 43.551288439092168, 0.0 ], [ -116.571000121531469, 43.551288546924845, 0.0 ], [ -116.571046188999844, 43.551286359153494, 0.0 ], [ -116.571096518527057, 43.551279329627796, 0.0 ], [ -116.571135043131335, 43.551270955482359, 0.0 ], [ -116.571165671097489, 43.551259780171584, 0.0 ], [ -116.571194322284953, 43.551247666727811, 0.0 ], [ -116.57122158539363, 43.551229847504437, 0.0 ], [ -116.571244945436774, 43.551213960959402, 0.0 ], [ -116.571346600400744, 43.551128446865384, 0.0 ], [ -116.571369953917952, 43.55111208507963, 0.0 ], [ -116.571392615300297, 43.551099891303224, 0.0 ], [ -116.571421386715897, 43.55108980490224, 0.0 ], [ -116.571455975784716, 43.551080982762961, 0.0 ], [ -116.571498409698691, 43.551071151019769, 0.0 ], [ -116.571652027100029, 43.551050770180083, 0.0 ], [ -116.571770603754644, 43.55103712095341, 0.0 ], [ -116.571819400739301, 43.551030263246162, 0.0 ], [ -116.57186250982646, 43.551021855900281, 0.0 ], [ -116.571897753400094, 43.551013028922235, 0.0 ], [ -116.571932250503366, 43.550997539232746, 0.0 ], [ -116.571954962130064, 43.550982133365807, 0.0 ], [ -116.571988663417599, 43.550956170217916, 0.0 ], [ -116.572017800601984, 43.550931669262432, 0.0 ], [ -116.572046268961472, 43.550906219884546, 0.0 ], [ -116.572074743768724, 43.550881246615027, 0.0 ], [ -116.572110481226616, 43.550860508371073, 0.0 ], [ -116.572150813860233, 43.550840689394633, 0.0 ], [ -116.572197072787404, 43.550823209493828, 0.0 ], [ -116.572248641013559, 43.550810930970798, 0.0 ], [ -116.572306501115051, 43.550800117565913, 0.0 ], [ -116.572359746483528, 43.550794413086379, 0.0 ], [ -116.572402964186253, 43.550794102208592, 0.0 ], [ -116.572439043501561, 43.550798606086452, 0.0 ], [ -116.57246928192734, 43.55080696216848, 0.0 ], [ -116.572500233256363, 43.550819599471154, 0.0 ], [ -116.57252012381656, 43.550837556824433, 0.0 ], [ -116.572534826851467, 43.550859360792153, 0.0 ], [ -116.57254576347394, 43.55089377549298, 0.0 ], [ -116.572552013621916, 43.550996175548072, 0.0 ], [ -116.572552211325586, 43.551010711916184, 0.0 ], [ -116.572553037665159, 43.551071469272358, 0.0 ], [ -116.57255834449434, 43.551192134984817, 0.0 ], [ -116.572566675177328, 43.551226845666967, 0.0 ], [ -116.572585139330883, 43.551289141333015, 0.0 ], [ -116.572611901382032, 43.551374177253209, 0.0 ], [ -116.572616141250123, 43.551397009717597, 0.0 ], [ -116.572617879270979, 43.551428433797824, 0.0 ], [ -116.57261502604068, 43.551459414751683, 0.0 ], [ -116.572608211488316, 43.55148804249874, 0.0 ], [ -116.572585279242944, 43.551535362828709, 0.0 ], [ -116.572564155332174, 43.551571237757386, 0.0 ], [ -116.572553418285267, 43.551600369884419, 0.0 ], [ -116.572548536397719, 43.551626602912712, 0.0 ], [ -116.572548905616131, 43.55165374958392, 0.0 ], [ -116.572550616471574, 43.551683269211786, 0.0 ], [ -116.572556186238941, 43.551707520594412, 0.0 ], [ -116.572585764297457, 43.551779752793088, 0.0 ], [ -116.57259548145484, 43.55180392932656, 0.0 ], [ -116.57259979908612, 43.551832476972812, 0.0 ], [ -116.572597503284854, 43.551856309685292, 0.0 ], [ -116.57258613750227, 43.551887351885391, 0.0 ], [ -116.572574265380752, 43.551918018778125, 0.0 ], [ -116.57256079266142, 43.551949931245836, 0.0 ], [ -116.572552811293107, 43.55198904564319, 0.0 ], [ -116.572551897204079, 43.552018107993433, 0.0 ], [ -116.572553847736685, 43.55206524838345, 0.0 ], [ -116.572553918629069, 43.5521185951009, 0.0 ], [ -116.572549715623225, 43.552194835536305, 0.0 ], [ -116.572537584257901, 43.552314001078074, 0.0 ], [ -116.572538053803825, 43.552352072642549, 0.0 ], [ -116.572541259857346, 43.552391613311698, 0.0 ], [ -116.572552384114005, 43.552439164757935, 0.0 ], [ -116.57260145569721, 43.552628384389358, 0.0 ], [ -116.5726105125066, 43.552668329414793, 0.0 ], [ -116.572612140436874, 43.552691656829637, 0.0 ], [ -116.572606615568489, 43.552718845905467, 0.0 ], [ -116.572589940119173, 43.552744687626237, 0.0 ], [ -116.572562132241487, 43.552770608541692, 0.0 ], [ -116.572530985175575, 43.552791790056517, 0.0 ], [ -116.572494553238514, 43.55280967555143, 0.0 ], [ -116.57246262195909, 43.552821336753581, 0.0 ], [ -116.572429341309075, 43.552830149783084, 0.0 ], [ -116.572390771803555, 43.55283519065356, 0.0 ], [ -116.572348881324061, 43.552836920466355, 0.0 ], [ -116.572316132234945, 43.552836679865308, 0.0 ], [ -116.572256484108323, 43.55283282252779, 0.0 ], [ -116.572208584168607, 43.552826021898113, 0.0 ], [ -116.572160008954171, 43.552817797619191, 0.0 ], [ -116.571987210833143, 43.552776648246351, 0.0 ], [ -116.571953076077804, 43.552770701762419, 0.0 ], [ -116.571924910664123, 43.552770428094483, 0.0 ], [ -116.571886937520887, 43.552771177251316, 0.0 ], [ -116.571845753484368, 43.552776712895586, 0.0 ], [ -116.57180331842396, 43.552786543873871, 0.0 ], [ -116.571760510179658, 43.55279641802403, 0.0 ], [ -116.571643952315682, 43.552818173583674, 0.0 ], [ -116.571598166399582, 43.552822312826301, 0.0 ], [ -116.571545772245017, 43.552822213181528, 0.0 ], [ -116.571498541712373, 43.552819495774315, 0.0 ], [ -116.571451359445788, 43.552814317981607, 0.0 ], [ -116.571388352901081, 43.552804291518314, 0.0 ], [ -116.571337762179866, 43.552792271176102, 0.0 ], [ -116.57125226450222, 43.552765736053026, 0.0 ], [ -116.571175993598047, 43.552743420048472, 0.0 ], [ -116.57114710243178, 43.552737911821907, 0.0 ], [ -116.571114335239727, 43.552736242521156, 0.0 ], [ -116.57108292902096, 43.552738372730872, 0.0 ], [ -116.571017535643222, 43.552745511330272, 0.0 ], [ -116.570959987331975, 43.552751640334321, 0.0 ], [ -116.570851317852146, 43.55275480233491, 0.0 ], [ -116.57065224754497, 43.552756231473545, 0.0 ] ] } },
{ "type": "Feature", "properties": { "OBJECTID": 302, "UNIQID": "BPP308", "OWNER": "Nampa", "MANAGER": "Nampa", "STATUS": "Active", "INSTALLED": null, "FTR_FUNCTN": "Pathway", "FTR_TYP": "Trail", "OVPATHNAME": "West Park Fitness Trail", "SGPATHLMT": "West Park Only", "SRFMATRL": "Asphalt" }, "geometry": { "type": "LineString", "coordinates": [ [ -116.583660278012687, 43.573654022323936, 0.0 ], [ -116.583743077343414, 43.57362483990029, 0.0 ], [ -116.583790282557118, 43.573603775913732, 0.0 ], [ -116.583832897202015, 43.573582269230144, 0.0 ], [ -116.583868784797644, 43.573560435350956, 0.0 ], [ -116.583923809760208, 43.573523972737739, 0.0 ], [ -116.583996732398049, 43.573467473523642, 0.0 ], [ -116.584081277069984, 43.573398744238979, 0.0 ], [ -116.58430465529382, 43.573207543174355, 0.0 ], [ -116.584402218949023, 43.573132764387459, 0.0 ], [ -116.584456038254444, 43.573092600047801, 0.0 ], [ -116.584513173644524, 43.573055268436498, 0.0 ], [ -116.584589878326227, 43.573011840584414, 0.0 ], [ -116.584668250227836, 43.572970543678437, 0.0 ], [ -116.5847534898936, 43.572928482781684, 0.0 ], [ -116.584850169276464, 43.57288467037128, 0.0 ], [ -116.584927348347065, 43.572851955579196, 0.0 ], [ -116.585015009786858, 43.572819164171278, 0.0 ], [ -116.585110589729211, 43.57279060209305, 0.0 ], [ -116.585222237311882, 43.572763351027668, 0.0 ], [ -116.585357832057895, 43.572738545102368, 0.0 ], [ -116.585458191069279, 43.572723998584571, 0.0 ], [ -116.585769497945662, 43.572685761806866, 0.0 ], [ -116.585815650733011, 43.572683143501536, 0.0 ], [ -116.585855613264783, 43.572683465202516, 0.0 ], [ -116.585900520420395, 43.57268575618837, 0.0 ], [ -116.585949681516411, 43.572692262786461, 0.0 ], [ -116.586054840905035, 43.572709275528467, 0.0 ], [ -116.586328363295223, 43.572760503997046, 0.0 ], [ -116.586515864314094, 43.572794141181447, 0.0 ], [ -116.586754552990058, 43.572834071452441, 0.0 ], [ -116.586870068915886, 43.572849658370423, 0.0 ], [ -116.586945184809181, 43.57285720589509, 0.0 ], [ -116.58699755680783, 43.572856506529483, 0.0 ], [ -116.587041771632315, 43.572854117044841, 0.0 ], [ -116.587108167593868, 43.572846962845873, 0.0 ], [ -116.587177441669638, 43.572834785601231, 0.0 ], [ -116.587264309070292, 43.572815811425798, 0.0 ], [ -116.587369165481888, 43.572789473010026, 0.0 ], [ -116.587498971847239, 43.572754316033006, 0.0 ], [ -116.587598142829165, 43.572725010877924, 0.0 ], [ -116.587663881180731, 43.57270267175867, 0.0 ], [ -116.587740359745965, 43.572672956678275, 0.0 ], [ -116.587959508037656, 43.572587805629333, 0.0 ] ] } },
{ "type": "Feature", "properties": { "OBJECTID": 303, "UNIQID": "BPP309", "OWNER": "Nampa", "MANAGER": "Nampa", "STATUS": "Active", "INSTALLED": null, "FTR_FUNCTN": "Pathway", "FTR_TYP": "Trail", "OVPATHNAME": "West Park Fitness Trail", "SGPATHLMT": "West Park Only", "SRFMATRL": "Asphalt" }, "geometry": { "type": "LineString", "coordinates": [ [ -116.583344984548603, 43.573722604536599, 0.0 ], [ -116.583434978129731, 43.573706154204508, 0.0 ], [ -116.583515982635475, 43.573689368790575, 0.0 ], [ -116.583660278012687, 43.573654022323936, 0.0 ], [ -116.583664726294955, 43.573739010998324, 0.0 ], [ -116.583666735268508, 43.573765907938856, 0.0 ], [ -116.583671124289936, 43.573795536469419, 0.0 ], [ -116.58367893090626, 43.5738189274946, 0.0 ], [ -116.583690794806529, 43.573842245726013, 0.0 ], [ -116.583702475890291, 43.573863529232788, 0.0 ], [ -116.583720527851753, 43.5738898330154, 0.0 ], [ -116.583743836342876, 43.57391728930935, 0.0 ], [ -116.58376644187652, 43.573939737093745, 0.0 ], [ -116.583783695338909, 43.573957246281168, 0.0 ], [ -116.583812142120095, 43.573977282355699, 0.0 ], [ -116.583960081336159, 43.574060876018088, 0.0 ], [ -116.584009875554514, 43.574087535067868, 0.0 ], [ -116.584036628821949, 43.57410353383073, 0.0 ], [ -116.584062400447792, 43.574119540649207, 0.0 ], [ -116.584088884864229, 43.574139828601062, 0.0 ], [ -116.584112048991045, 43.574156806752399, 0.0 ], [ -116.584129313647125, 43.574173590313833, 0.0 ], [ -116.584164577963904, 43.574212866885119, 0.0 ], [ -116.584199914648934, 43.574257382476816, 0.0 ], [ -116.584237324272678, 43.574311881389001, 0.0 ], [ -116.584255412935335, 43.574338664577368, 0.0 ], [ -116.584271761754849, 43.57436021729945, 0.0 ], [ -116.584294673579606, 43.57438267444364, 0.0 ], [ -116.584326242182954, 43.574405155716654, 0.0 ], [ -116.584351531726583, 43.574420126356415, 0.0 ], [ -116.584381343280285, 43.574436219731886, 0.0 ], [ -116.584415177022649, 43.574450860663127, 0.0 ], [ -116.584454462388862, 43.574466612136746, 0.0 ], [ -116.584509643673314, 43.574483750751952, 0.0 ], [ -116.584584604294577, 43.574503684716298, 0.0 ], [ -116.584681130392269, 43.574527371272019, 0.0 ], [ -116.584806076196259, 43.574558509284884, 0.0 ], [ -116.584879802787654, 43.574579168556596, 0.0 ], [ -116.584965337295543, 43.574605693088991, 0.0 ], [ -116.585038389565881, 43.574629689402457, 0.0 ], [ -116.585088788399702, 43.574650040969608, 0.0 ], [ -116.585155358778806, 43.574679086485737, 0.0 ], [ -116.585289200933019, 43.574742316423468, 0.0 ], [ -116.585654035988952, 43.574914672686347, 0.0 ], [ -116.585945438322995, 43.575052810490241, 0.0 ], [ -116.586364418192815, 43.575247297472103, 0.0 ], [ -116.5864267247199, 43.575275896377747, 0.0 ], [ -116.586473578186926, 43.575300321979604, 0.0 ], [ -116.586529714443941, 43.575332777054648, 0.0 ], [ -116.58663900125886, 43.575394850212426, 0.0 ], [ -116.586854807991884, 43.575527990593798, 0.0 ], [ -116.587041020669943, 43.575637527558534, 0.0 ], [ -116.58714380310667, 43.575696696382664, 0.0 ], [ -116.587190547935251, 43.575729499836143, 0.0 ], [ -116.587225156220569, 43.575758747594563, 0.0 ], [ -116.587250795999822, 43.575788805418632, 0.0 ], [ -116.587270966482521, 43.57582604749043, 0.0 ], [ -116.587286919282363, 43.575866179207772, 0.0 ], [ -116.587296680886453, 43.575894993240702, 0.0 ] ] } },
{ "type": "Feature", "properties": { "OBJECTID": 305, "UNIQID": "BPP311", "OWNER": "Nampa", "MANAGER": "Nampa", "STATUS": "Active", "INSTALLED": null, "FTR_FUNCTN": "Multiuse", "FTR_TYP": "Pathway", "OVPATHNAME": "Wilson Creek Pathway", "SGPATHLMT": "Roosevelt Ave", "SRFMATRL": "Asphalt" }, "geometry": { "type": "LineString", "coordinates": [ [ -116.597957797240184, 43.56867480134283, 0.0 ], [ -116.597959838702522, 43.568840166847345, 0.0 ] ] } },
{ "type": "Feature", "properties": { "OBJECTID": 306, "UNIQID": "BPP312", "OWNER": "Private", "MANAGER": "Private", "STATUS": "Active", "INSTALLED": null, "FTR_FUNCTN": "Pathway", "FTR_TYP": "Connector", "OVPATHNAME": "Stoddard Pathway", "SGPATHLMT": null, "SRFMATRL": "Asphalt" }, "geometry": { "type": "LineString", "coordinates": [ [ -116.541821142759147, 43.546275291820763, 0.0 ], [ -116.541871169819629, 43.546278015630257, 0.0 ], [ -116.541890900197501, 43.546284547044458, 0.0 ], [ -116.541912014541111, 43.546296785519218, 0.0 ], [ -116.541931769874836, 43.54630522230358, 0.0 ], [ -116.541952798165909, 43.546310792391552, 0.0 ], [ -116.541973762862526, 43.546311599491027, 0.0 ], [ -116.542014358193327, 43.546311318270298, 0.0 ], [ -116.542117750311732, 43.546305838539865, 0.0 ], [ -116.54214924164495, 43.54631038377309, 0.0 ], [ -116.542207598416255, 43.546331456236018, 0.0 ] ] } },
{ "type": "Feature", "properties": { "OBJECTID": 307, "UNIQID": "BPP313", "OWNER": "Private", "MANAGER": "Private", "STATUS": "Active", "INSTALLED": null, "FTR_FUNCTN": "Pathway", "FTR_TYP": "Connector", "OVPATHNAME": "Stoddard Pathway", "SGPATHLMT": null, "SRFMATRL": "Asphalt" }, "geometry": { "type": "LineString", "coordinates": [ [ -116.541107582511032, 43.543578553385828, 0.0 ], [ -116.541131938212132, 43.543584769391828, 0.0 ], [ -116.54117632381751, 43.543599108971158, 0.0 ], [ -116.541219210247064, 43.543611314825974, 0.0 ], [ -116.54124382284833, 43.543615789100997, 0.0 ], [ -116.541265443928864, 43.543616710604404, 0.0 ], [ -116.541295531876997, 43.543615112578394, 0.0 ] ] } },
{ "type": "Feature", "properties": { "OBJECTID": 308, "UNIQID": "BPP314", "OWNER": "Nampa", "MANAGER": "Nampa", "STATUS": "Active", "INSTALLED": "2008-09-30T07:00:00Z", "FTR_FUNCTN": "Pathway", "FTR_TYP": "Pathway", "OVPATHNAME": "Amity Dog Park Pathway", "SGPATHLMT": "Amity Dog Park Only", "SRFMATRL": "Dirt" }, "geometry": { "type": "LineString", "coordinates": [ [ -116.535869659077335, 43.562844837008321, 0.0 ], [ -116.5358959008298, 43.562847990647157, 0.0 ], [ -116.535919540952577, 43.562852591548406, 0.0 ], [ -116.53594253871465, 43.562858149183143, 0.0 ], [ -116.535962941027393, 43.562865629301278, 0.0 ], [ -116.535984035253577, 43.562875963426052, 0.0 ], [ -116.536005179021373, 43.562890107395823, 0.0 ], [ -116.536031625158415, 43.562908978317509, 0.0 ], [ -116.536048865255808, 43.562925054663275, 0.0 ], [ -116.536065461761538, 43.562942087753896, 0.0 ], [ -116.5360794070927, 43.562956757365242, 0.0 ], [ -116.53609343128754, 43.56297749141163, 0.0 ] ] } },
{ "type": "Feature", "properties": { "OBJECTID": 309, "UNIQID": "BPP315", "OWNER": "Nampa", "MANAGER": "Nampa", "STATUS": "Active", "INSTALLED": "2008-09-30T07:00:00Z", "FTR_FUNCTN": "Pathway", "FTR_TYP": "Pathway", "OVPATHNAME": "Amity Dog Park Pathway", "SGPATHLMT": "Amity Dog Park Only", "SRFMATRL": "Dirt" }, "geometry": { "type": "LineString", "coordinates": [ [ -116.535867493618369, 43.562231570670463, 0.0 ], [ -116.535841651324418, 43.562233892383155, 0.0 ], [ -116.535820068527457, 43.562236422442638, 0.0 ], [ -116.53580307755314, 43.562239397097763, 0.0 ], [ -116.535789391205881, 43.562244729842782, 0.0 ], [ -116.535775068707395, 43.562251497242443, 0.0 ], [ -116.535756193984867, 43.562260676734098, 0.0 ], [ -116.535720933430412, 43.562277869154762, 0.0 ] ] } },
{ "type": "Feature", "properties": { "OBJECTID": 310, "UNIQID": "BPP316", "OWNER": "Nampa", "MANAGER": "Nampa", "STATUS": "Active", "INSTALLED": null, "FTR_FUNCTN": "Pathway", "FTR_TYP": "Pathway", "OVPATHNAME": "Osborne Park Pathway", "SGPATHLMT": "Osborne Park Only", "SRFMATRL": "Asphalt" }, "geometry": { "type": "LineString", "coordinates": [ [ -116.522982668128222, 43.539402771516841, 0.0 ], [ -116.522971515592204, 43.539429272624858, 0.0 ], [ -116.522959749411726, 43.539469242766728, 0.0 ], [ -116.522947119784121, 43.539505647070847, 0.0 ], [ -116.522930359367905, 43.539539102605076, 0.0 ], [ -116.522908780867269, 43.539579734956476, 0.0 ], [ -116.52288149555001, 43.539622192619611, 0.0 ], [ -116.522847027472935, 43.539678988225717, 0.0 ], [ -116.522766787649232, 43.539804562587832, 0.0 ], [ -116.52275073840535, 43.53982967728183, 0.0 ], [ -116.522737971717447, 43.539855365666085, 0.0 ], [ -116.522732501847727, 43.539875646320482, 0.0 ], [ -116.522723864693901, 43.539904283486692, 0.0 ], [ -116.522710461409531, 43.539944265564742, 0.0 ], [ -116.522699436748738, 43.539978277275509, 0.0 ], [ -116.522676373133237, 43.540030827296064, 0.0 ], [ -116.522648368474862, 43.540081029888121, 0.0 ], [ -116.522610702202655, 43.540143800421674, 0.0 ], [ -116.52258496330181, 43.54017910241285, 0.0 ], [ -116.52254011817142, 43.540232017420848, 0.0 ] ] } },
{ "type": "Feature", "properties": { "OBJECTID": 311, "UNIQID": "BPP317", "OWNER": "Nampa", "MANAGER": "Nampa", "STATUS": "Active", "INSTALLED": null, "FTR_FUNCTN": "Pathway", "FTR_TYP": "Trail", "OVPATHNAME": "Wilson Creek Park Pathway", "SGPATHLMT": "Wilson Creek Park Only", "SRFMATRL": "Dirt" }, "geometry": { "type": "LineString", "coordinates": [ [ -116.567213330862899, 43.544308943758686, 0.0 ], [ -116.567185087461098, 43.544351061441283, 0.0 ] ] } },
{ "type": "Feature", "properties": { "OBJECTID": 312, "UNIQID": "BPP318", "OWNER": "Nampa", "MANAGER": "Nampa", "STATUS": "Temporary", "INSTALLED": null, "FTR_FUNCTN": "Pathway", "FTR_TYP": "Trail", "OVPATHNAME": "Wilson Creek Park Pathway", "SGPATHLMT": "Wilson Creek Park Only", "SRFMATRL": "Dirt" }, "geometry": { "type": "LineString", "coordinates": [ [ -116.567185087461098, 43.544351061441283, 0.0 ], [ -116.567180665294686, 43.544363000712785, 0.0 ], [ -116.567169379077384, 43.544383183721528, 0.0 ], [ -116.567162438345321, 43.54441478967285, 0.0 ], [ -116.567158676269344, 43.544439227766347, 0.0 ], [ -116.567155724007364, 43.544463064193287, 0.0 ], [ -116.567148679939947, 43.544486929866075, 0.0 ] ] } },
{ "type": "Feature", "properties": { "OBJECTID": 313, "UNIQID": "BPP319", "OWNER": "Nampa", "MANAGER": "Nampa", "STATUS": "Active", "INSTALLED": null, "FTR_FUNCTN": "Pathway", "FTR_TYP": "Trail", "OVPATHNAME": "Wilson Creek Park Pathway", "SGPATHLMT": "Wilson Creek Park Only", "SRFMATRL": "Dirt" }, "geometry": { "type": "LineString", "coordinates": [ [ -116.567185087461098, 43.544351061441283, 0.0 ], [ -116.567156375599637, 43.544358410901005, 0.0 ], [ -116.567133530091738, 43.544363813775007, 0.0 ], [ -116.567111962726656, 43.544366825796793, 0.0 ], [ -116.567092339682731, 43.544368395431043, 0.0 ], [ -116.567072015821424, 43.54436663513281, 0.0 ], [ -116.567052958486428, 43.54436153174197, 0.0 ], [ -116.567032544576833, 43.544353104004955, 0.0 ], [ -116.567012734993639, 43.544340861745503, 0.0 ], [ -116.566990846011336, 43.544320059816577, 0.0 ], [ -116.566825447444216, 43.544145958933896, 0.0 ], [ -116.566787592756171, 43.544106695293877, 0.0 ], [ -116.566741792434698, 43.544060820328355, 0.0 ], [ -116.566710607846943, 43.544030558799996, 0.0 ], [ -116.566686754239385, 43.544009770846074, 0.0 ], [ -116.566660987251197, 43.543992807655187, 0.0 ], [ -116.56663062568073, 43.54397492495216, 0.0 ], [ -116.566577147457735, 43.54394244091327, 0.0 ], [ -116.566534922232577, 43.543918927168733, 0.0 ], [ -116.566490765581818, 43.543897808914956, 0.0 ], [ -116.566448623968981, 43.543880485554354, 0.0 ], [ -116.566402568042662, 43.543864143355201, 0.0 ], [ -116.566347993071773, 43.543847385804874, 0.0 ], [ -116.566286851051743, 43.543829246629024, 0.0 ], [ -116.566233531280531, 43.543815911312635, 0.0 ] ] } },
{ "type": "Feature", "properties": { "OBJECTID": 315, "UNIQID": "BPP321", "OWNER": "Nampa", "MANAGER": "Nampa", "STATUS": "Active", "INSTALLED": null, "FTR_FUNCTN": "Pathway", "FTR_TYP": "Trail", "OVPATHNAME": "Wilson Creek Park Pathway", "SGPATHLMT": "Wilson Creek Park Only", "SRFMATRL": "Dirt" }, "geometry": { "type": "LineString", "coordinates": [ [ -116.566233531280531, 43.543815911312635, 0.0 ], [ -116.566177653757109, 43.543799639142804, 0.0 ], [ -116.566129943724633, 43.543782118685691, 0.0 ], [ -116.566089536345572, 43.543759781755355, 0.0 ], [ -116.566039243064793, 43.543732752848236, 0.0 ], [ -116.56598724863494, 43.543700972634575, 0.0 ], [ -116.565823843839041, 43.543601517261749, 0.0 ], [ -116.565621652222703, 43.543478523037933, 0.0 ], [ -116.565501244813134, 43.543406223954513, 0.0 ] ] } },
{ "type": "Feature", "properties": { "OBJECTID": 317, "UNIQID": "BPP323", "OWNER": "Nampa", "MANAGER": "Nampa", "STATUS": "Active", "INSTALLED": null, "FTR_FUNCTN": "Pathway", "FTR_TYP": "Pathway", "OVPATHNAME": "Wilson Creek Park Pathway", "SGPATHLMT": "Wilson Creek Park Only", "SRFMATRL": "Dirt" }, "geometry": { "type": "LineString", "coordinates": [ [ -116.565501244813134, 43.543406223954513, 0.0 ], [ -116.565521866689394, 43.543387619030163, 0.0 ], [ -116.565547731400741, 43.543354873648958, 0.0 ], [ -116.565564362414605, 43.543325700092211, 0.0 ], [ -116.56557000398405, 43.543307083205484, 0.0 ], [ -116.565572302294626, 43.543283251479387, 0.0 ], [ -116.565570588723659, 43.543253255558312, 0.0 ], [ -116.565562988371241, 43.543223778693665, 0.0 ], [ -116.565549624460544, 43.543203868894949, 0.0 ], [ -116.565530951247354, 43.543178757378556, 0.0 ], [ -116.565495768705389, 43.543143284442877, 0.0 ], [ -116.565460581274365, 43.54311708455031, 0.0 ] ] } },
{ "type": "Feature", "properties": { "OBJECTID": 319, "UNIQID": "BPP325", "OWNER": "Nampa", "MANAGER": "Nampa", "STATUS": "Active", "INSTALLED": null, "FTR_FUNCTN": "Pathway", "FTR_TYP": "Pathway", "OVPATHNAME": "Wilson Creek Park Pathway", "SGPATHLMT": "Wilson Creek Park Only", "SRFMATRL": "Dirt" }, "geometry": { "type": "LineString", "coordinates": [ [ -116.565501244813134, 43.543406223954513, 0.0 ], [ -116.565446889369383, 43.543403224514933, 0.0 ], [ -116.565396500477718, 43.543400823242045, 0.0 ], [ -116.565347784229672, 43.543399681885425, 0.0 ], [ -116.565249136386555, 43.543398301593726, 0.0 ], [ -116.565116099235141, 43.543395975549359, 0.0 ], [ -116.565059877693656, 43.543396733722552, 0.0 ], [ -116.565024554098756, 43.54339936725777, 0.0 ], [ -116.565001786834372, 43.543407626124264, 0.0 ], [ -116.564916911123476, 43.5434853163746, 0.0 ] ] } },
{ "type": "Feature", "properties": { "OBJECTID": 322, "UNIQID": "BPP328", "OWNER": "Nampa", "MANAGER": "Nampa", "STATUS": "Temporary", "INSTALLED": null, "FTR_FUNCTN": "Pathway", "FTR_TYP": "Trail", "OVPATHNAME": "Wilson Creek Park Pathway", "SGPATHLMT": "Wilson Creek Park Only", "SRFMATRL": "Dirt" }, "geometry": { "type": "LineString", "coordinates": [ [ -116.565501244813134, 43.543406223954513, 0.0 ], [ -116.565490906259157, 43.543428624233798, 0.0 ], [ -116.565478990957715, 43.543455502145783, 0.0 ], [ -116.565468360453352, 43.543486538440064, 0.0 ], [ -116.5654589500285, 43.543520787554193, 0.0 ], [ -116.56544772593918, 43.543557820167521, 0.0 ], [ -116.565433932443355, 43.543603168396018, 0.0 ], [ -116.56542853351516, 43.5436398831229, 0.0 ], [ -116.565423090869871, 43.543673263222949, 0.0 ], [ -116.56542057450487, 43.543729486355488, 0.0 ], [ -116.565425001050784, 43.54377109425463, 0.0 ], [ -116.565432166541484, 43.543812282065431, 0.0 ], [ -116.56544169965639, 43.543839364337622, 0.0 ], [ -116.565457118389631, 43.543865927566358, 0.0 ], [ -116.565478403506035, 43.543890544298918, 0.0 ], [ -116.56550419457102, 43.543909413135523, 0.0 ], [ -116.565524088413014, 43.543927846969957, 0.0 ], [ -116.565549430434729, 43.543961960701324, 0.0 ], [ -116.565579432519812, 43.544001756934087, 0.0 ], [ -116.56560750314658, 43.544043948650405, 0.0 ], [ -116.565636922651052, 43.544088988611634, 0.0 ], [ -116.565704919766759, 43.544190613793809, 0.0 ] ] } },
{ "type": "Feature", "properties": { "OBJECTID": 326, "UNIQID": "BPP332", "OWNER": "Nampa", "MANAGER": "Nampa", "STATUS": "Temporary", "INSTALLED": null, "FTR_FUNCTN": "Pathway", "FTR_TYP": "Trail", "OVPATHNAME": "Wilson Creek Park Pathway", "SGPATHLMT": "Wilson Creek Park Only", "SRFMATRL": "Dirt" }, "geometry": { "type": "LineString", "coordinates": [ [ -116.566233531280531, 43.543815911312635, 0.0 ], [ -116.566194031503713, 43.543860848177673, 0.0 ], [ -116.566176468031102, 43.543893719864819, 0.0 ], [ -116.566173643927044, 43.5439270822053, 0.0 ], [ -116.566183176678408, 43.543966309712566, 0.0 ], [ -116.566209543656129, 43.544039950071848, 0.0 ], [ -116.566219068422569, 43.544078582654187, 0.0 ], [ -116.566212048132485, 43.54410423483597, 0.0 ], [ -116.566196690420043, 43.544118633853827, 0.0 ], [ -116.566173928068665, 43.544130108139953, 0.0 ], [ -116.566142073473031, 43.544135098968262, 0.0 ], [ -116.566088088405905, 43.54413786604804, 0.0 ], [ -116.566015328337883, 43.544144339680038, 0.0 ], [ -116.565954909068225, 43.544155487715535, 0.0 ], [ -116.565893704033996, 43.544169023039366, 0.0 ], [ -116.565843008903897, 43.544172957381242, 0.0 ], [ -116.565791463789353, 43.544174516052962, 0.0 ], [ -116.565752235396744, 43.544178963510397, 0.0 ], [ -116.565704919766759, 43.544190613793809, 0.0 ] ] } },
{ "type": "Feature", "properties": { "OBJECTID": 330, "UNIQID": "BPP336", "OWNER": "Nampa", "MANAGER": "Nampa", "STATUS": "Temporary", "INSTALLED": null, "FTR_FUNCTN": "Pathway", "FTR_TYP": "Trail", "OVPATHNAME": "Wilson Creek Park Pathway", "SGPATHLMT": "Wilson Creek Park Only", "SRFMATRL": "Dirt" }, "geometry": { "type": "LineString", "coordinates": [ [ -116.565704919766759, 43.544190613793809, 0.0 ], [ -116.565713344156819, 43.544208414732275, 0.0 ], [ -116.565730097873541, 43.54423687394754, 0.0 ], [ -116.565756890152713, 43.544281337643461, 0.0 ], [ -116.565777142634616, 43.54432644297539, 0.0 ], [ -116.565798425095096, 43.544367632640785, 0.0 ], [ -116.56582383935141, 43.544406985380796, 0.0 ], [ -116.565857789593309, 43.544448182751211, 0.0 ], [ -116.565907227367831, 43.544504132334879, 0.0 ], [ -116.565946288524572, 43.544547912547387, 0.0 ], [ -116.565982835669232, 43.544592089639067, 0.0 ], [ -116.566001324735467, 43.544623134167807, 0.0 ], [ -116.566026416163268, 43.544662846511926, 0.0 ], [ -116.566062154131743, 43.544703077834356, 0.0 ], [ -116.566100140657227, 43.544727813763537, 0.0 ], [ -116.566138085807822, 43.544749572384646, 0.0 ], [ -116.566187512679193, 43.544773034859453, 0.0 ], [ -116.566245188744787, 43.544801201842475, 0.0 ], [ -116.566318487842352, 43.544834615648888, 0.0 ], [ -116.566381861933436, 43.544860360164996, 0.0 ] ] } },
{ "type": "Feature", "properties": { "OBJECTID": 332, "UNIQID": "BPP338", "OWNER": "Nampa", "MANAGER": "Nampa", "STATUS": "Temporary", "INSTALLED": null, "FTR_FUNCTN": "Pathway", "FTR_TYP": "Trail", "OVPATHNAME": "Wilson Creek Park Pathway", "SGPATHLMT": "Wilson Creek Park Only", "SRFMATRL": "Dirt" }, "geometry": { "type": "LineString", "coordinates": [ [ -116.567148679939947, 43.544486929866075, 0.0 ], [ -116.567117636308481, 43.54449132019159, 0.0 ], [ -116.567084104421085, 43.544493345679307, 0.0 ], [ -116.567046488774821, 43.544495996220256, 0.0 ], [ -116.567012896768858, 43.544499526214125, 0.0 ], [ -116.566969760689901, 43.544505550217671, 0.0 ], [ -116.56692080844482, 43.544517331514335, 0.0 ], [ -116.566877807408346, 43.544533357530973, 0.0 ], [ -116.566796161933766, 43.54456685008374, 0.0 ], [ -116.566741607821214, 43.544588078459689, 0.0 ], [ -116.566691032963561, 43.544600943290313, 0.0 ], [ -116.566627427828266, 43.544618663698031, 0.0 ], [ -116.56656301283013, 43.544636985732843, 0.0 ], [ -116.566529681743106, 43.544653894876959, 0.0 ], [ -116.566490742380225, 43.544679775035902, 0.0 ], [ -116.566451867256461, 43.544710417247607, 0.0 ], [ -116.566426994164999, 43.544747509615796, 0.0 ], [ -116.566381861933436, 43.544860360164996, 0.0 ] ] } },
{ "type": "Feature", "properties": { "OBJECTID": 333, "UNIQID": "BPP339", "OWNER": "Nampa", "MANAGER": "Nampa", "STATUS": "Temporary", "INSTALLED": null, "FTR_FUNCTN": "Pathway", "FTR_TYP": "Trail", "OVPATHNAME": "Wilson Creek Park Pathway", "SGPATHLMT": "Wilson Creek Park Only", "SRFMATRL": "Dirt" }, "geometry": { "type": "LineString", "coordinates": [ [ -116.566381861933436, 43.544860360164996, 0.0 ], [ -116.566408389434358, 43.544888174309335, 0.0 ], [ -116.566453853640823, 43.54491819442196, 0.0 ], [ -116.566530473938769, 43.544955156942123, 0.0 ], [ -116.566618506234136, 43.544988466229, 0.0 ], [ -116.566721285066251, 43.545022860059774, 0.0 ], [ -116.566808434127168, 43.545051411184588, 0.0 ], [ -116.566898289123685, 43.54507901308623, 0.0 ], [ -116.567002120380693, 43.545106372822517, 0.0 ], [ -116.567101309545208, 43.545129480179632, 0.0 ], [ -116.56717886035527, 43.545150359505065, 0.0 ], [ -116.567304426829907, 43.545187091356112, 0.0 ], [ -116.567356338787675, 43.54520053254619, 0.0 ], [ -116.567399039588153, 43.545210706432492, 0.0 ], [ -116.567439109343226, 43.545219946789963, 0.0 ], [ -116.56747386820156, 43.545223984620961, 0.0 ], [ -116.567511863672124, 43.545225142323012, 0.0 ], [ -116.567544576455219, 43.545223002851401, 0.0 ], [ -116.567577858866997, 43.54521466738516, 0.0 ], [ -116.567593815612312, 43.545203576334863, 0.0 ], [ -116.567605923420942, 43.545190986207743, 0.0 ], [ -116.567613007614938, 43.545170096913061, 0.0 ], [ -116.567611255098413, 43.545101044290533, 0.0 ], [ -116.567603453133557, 43.545008218706286, 0.0 ], [ -116.567595931592791, 43.544936230647785, 0.0 ], [ -116.567599949379741, 43.54487011344699, 0.0 ], [ -116.567625139127358, 43.544735374651545, 0.0 ], [ -116.567627328433829, 43.544715711216888, 0.0 ], [ -116.567622963026224, 43.54469549878079, 0.0 ], [ -116.567613686700582, 43.5446753214651, 0.0 ], [ -116.567591282421262, 43.544652857219155, 0.0 ], [ -116.567569650221486, 43.544626814878747, 0.0 ], [ -116.567530845299274, 43.544602085290101, 0.0 ], [ -116.567469902945646, 43.544574538188151, 0.0 ], [ -116.5674172661559, 43.544555861742559, 0.0 ], [ -116.567375380472271, 43.544545444402722, 0.0 ], [ -116.567331939499951, 43.544540991547606, 0.0 ], [ -116.567283700072878, 43.544537661221248, 0.0 ], [ -116.567245096559247, 43.544535063099758, 0.0 ], [ -116.567208202245624, 43.544530563399995, 0.0 ], [ -116.567182718481803, 43.544522410460466, 0.0 ], [ -116.567158799305872, 43.544508887028996, 0.0 ], [ -116.567148679939947, 43.544486929866075, 0.0 ] ] } },
{ "type": "Feature", "properties": { "OBJECTID": 336, "UNIQID": "BPP342", "OWNER": "Nampa", "MANAGER": "Nampa", "STATUS": "Active", "INSTALLED": null, "FTR_FUNCTN": "Pathway", "FTR_TYP": "Pathway", "OVPATHNAME": "Lakeview Park Pathway", "SGPATHLMT": "Lakeview Park Only", "SRFMATRL": "Concrete" }, "geometry": { "type": "LineString", "coordinates": [ [ -116.548050386553086, 43.583022728023366, 0.0 ], [ -116.547944995393905, 43.583101592544686, 0.0 ], [ -116.547629438339271, 43.58302234529512, 0.0 ], [ -116.547586150173629, 43.583019075668233, 0.0 ], [ -116.547613959577873, 43.583041029810751, 0.0 ], [ -116.547769619679457, 43.583143541197764, 0.0 ], [ -116.54789210318782, 43.583264145758505, 0.0 ], [ -116.547854457314585, 43.583316087548873, 0.0 ], [ -116.547843564534602, 43.583334740088503, 0.0 ], [ -116.547839160961232, 43.583348583944826, 0.0 ], [ -116.547836698352654, 43.583360508717242, 0.0 ], [ -116.547836937368203, 43.583378606507793, 0.0 ], [ -116.547841900758741, 43.583407150434631, 0.0 ], [ -116.547841465947172, 43.583423824449447, 0.0 ], [ -116.547837130321014, 43.583442907385013, 0.0 ], [ -116.547824896131331, 43.583459187586932, 0.0 ], [ -116.547807326620983, 43.583468359929675, 0.0 ], [ -116.54778840191085, 43.583474207711028, 0.0 ], [ -116.547768135816739, 43.583477683152736, 0.0 ], [ -116.547749784306092, 43.583477335055129, 0.0 ], [ -116.547728100121901, 43.583472722975074, 0.0 ], [ -116.54768797763181, 43.583461095357016, 0.0 ], [ -116.547642658214883, 43.583452838001207, 0.0 ] ] } },
{ "type": "Feature", "properties": { "OBJECTID": 337, "UNIQID": "BPP343", "OWNER": "Nampa", "MANAGER": "Nampa", "STATUS": "Active", "INSTALLED": null, "FTR_FUNCTN": "Pathway", "FTR_TYP": "Pathway", "OVPATHNAME": "Lakeview Park Pathway", "SGPATHLMT": "Lakeview Park Only", "SRFMATRL": "Concrete" }, "geometry": { "type": "LineString", "coordinates": [ [ -116.547642658214883, 43.583452838001207, 0.0 ], [ -116.547646910916569, 43.58342756377894, 0.0 ], [ -116.547650824034434, 43.583376571216107, 0.0 ], [ -116.54765116457655, 43.583352753668038, 0.0 ], [ -116.54764774388056, 43.583341822268132, 0.0 ], [ -116.547634987721167, 43.583318572258207, 0.0 ], [ -116.54762633865559, 43.583308629655619, 0.0 ], [ -116.547613122480598, 43.583300148295507, 0.0 ], [ -116.547599287836306, 43.58329452910553, 0.0 ], [ -116.54758088608223, 43.583290371155762, 0.0 ], [ -116.547548071409352, 43.583286312854426, 0.0 ], [ -116.547436496832432, 43.583272325748524, 0.0 ], [ -116.547383989372278, 43.583265546907661, 0.0 ], [ -116.547353775725497, 43.583260041930068, 0.0 ], [ -116.547330756586476, 43.583253534447586, 0.0 ], [ -116.547314295842725, 43.583247457379365, 0.0 ], [ -116.547299132448785, 43.58324041804174, 0.0 ], [ -116.547281280075438, 43.583228158801425, 0.0 ], [ -116.547258796486517, 43.583212596939688, 0.0 ], [ -116.54719728189626, 43.583168729589758, 0.0 ], [ -116.547182099687234, 43.583160261889375, 0.0 ], [ -116.547168283962591, 43.583156070993439, 0.0 ], [ -116.547155174724409, 43.583155686245256, 0.0 ], [ -116.547140785748383, 43.583157692116323, 0.0 ], [ -116.547127078101056, 43.583161597872632, 0.0 ], [ -116.547114710561431, 43.583167875980543, 0.0 ], [ -116.547103024360197, 43.58317605487435, 0.0 ], [ -116.547077724764591, 43.583195283952044, 0.0 ], [ -116.547062762501966, 43.583203485683349, 0.0 ], [ -116.547047775096374, 43.58320978205014, 0.0 ], [ -116.547032756267612, 43.583213696936717, 0.0 ], [ -116.547018368511601, 43.58321570278386, 0.0 ], [ -116.547000672045826, 43.583215349999072, 0.0 ], [ -116.546867534297675, 43.583205799001007, 0.0 ], [ -116.546854418769897, 43.583204938102732, 0.0 ], [ -116.546843299531062, 43.583206444085548, 0.0 ], [ -116.546832211715653, 43.583210332445667, 0.0 ], [ -116.546824425070639, 43.583216102433049, 0.0 ], [ -116.546816676115597, 43.583224730013946, 0.0 ], [ -116.546808952277885, 43.583235262056967, 0.0 ], [ -116.546801939954619, 43.583250077275551, 0.0 ], [ -116.546782869057793, 43.583294506525192, 0.0 ], [ -116.546775157776523, 43.583305991697294, 0.0 ], [ -116.546764164155306, 43.583317023585934, 0.0 ], [ -116.546753139120938, 43.583325673995191, 0.0 ], [ -116.546740772746588, 43.583331952054408, 0.0 ], [ -116.546724450230002, 43.583336353045844, 0.0 ], [ -116.546702211708492, 43.583339365885465, 0.0 ], [ -116.546624995379148, 43.583347048173479, 0.0 ], [ -116.546575931998902, 43.583352986952221, 0.0 ], [ -116.546551391046506, 43.58335530111642, 0.0 ], [ -116.546536172616939, 43.583356479186733, 0.0 ], [ -116.546525362610126, 43.583356554505698, 0.0 ] ] } },
{ "type": "Feature", "properties": { "OBJECTID": 338, "UNIQID": "BPP344", "OWNER": "Nampa", "MANAGER": "Nampa", "STATUS": "Active", "INSTALLED": null, "FTR_FUNCTN": "Pathway", "FTR_TYP": "Pathway", "OVPATHNAME": "Lakeview Park Pathway", "SGPATHLMT": "Lakeview Park Only", "SRFMATRL": "Concrete" }, "geometry": { "type": "LineString", "coordinates": [ [ -116.546525362610126, 43.583356554505698, 0.0 ], [ -116.546484960985964, 43.583348619770469, 0.0 ], [ -116.546467209530917, 43.583344098865958, 0.0 ], [ -116.546448462130854, 43.583338513763579, 0.0 ] ] } },
{ "type": "Feature", "properties": { "OBJECTID": 339, "UNIQID": "BPP345", "OWNER": "Nampa", "MANAGER": "Nampa", "STATUS": "Active", "INSTALLED": null, "FTR_FUNCTN": "Pathway", "FTR_TYP": "Pathway", "OVPATHNAME": "Lakeview Park Pathway", "SGPATHLMT": "Lakeview Park Only", "SRFMATRL": "Concrete" }, "geometry": { "type": "LineString", "coordinates": [ [ -116.546448462130854, 43.583338513763579, 0.0 ], [ -116.54643215232835, 43.583331483197902, 0.0 ], [ -116.546392011525782, 43.583306042127852, 0.0 ] ] } },
{ "type": "Feature", "properties": { "OBJECTID": 340, "UNIQID": "BPP346", "OWNER": "Nampa", "MANAGER": "Nampa", "STATUS": "Active", "INSTALLED": null, "FTR_FUNCTN": "Pathway", "FTR_TYP": "Pathway", "OVPATHNAME": "Lakeview Park Pathway", "SGPATHLMT": "Lakeview Park Only", "SRFMATRL": "Concrete" }, "geometry": { "type": "LineString", "coordinates": [ [ -116.546448462130854, 43.583338513763579, 0.0 ], [ -116.546385270199352, 43.583391110101459, 0.0 ], [ -116.546321340755597, 43.583350473404742, 0.0 ] ] } },
{ "type": "Feature", "properties": { "OBJECTID": 341, "UNIQID": "BPP347", "OWNER": "Nampa", "MANAGER": "Nampa", "STATUS": "Active", "INSTALLED": null, "FTR_FUNCTN": "Pathway", "FTR_TYP": "Pathway", "OVPATHNAME": "Lakeview Park Pathway", "SGPATHLMT": "Lakeview Park Only", "SRFMATRL": "Concrete" }, "geometry": { "type": "LineString", "coordinates": [ [ -116.546525362610126, 43.583356554505698, 0.0 ], [ -116.546537783795287, 43.583366827353643, 0.0 ], [ -116.546549165406162, 43.583372821108703, 0.0 ], [ -116.546560542307887, 43.583378457550815, 0.0 ], [ -116.546579294441997, 43.583384399946389, 0.0 ], [ -116.546635533256946, 43.583400797858751, 0.0 ], [ -116.546660707070686, 43.583409196003714, 0.0 ], [ -116.546693798244007, 43.583421826202738, 0.0 ], [ -116.54675164362888, 43.583448214909872, 0.0 ], [ -116.546800133572148, 43.583473241216147, 0.0 ], [ -116.546828363767162, 43.583489834246627, 0.0 ], [ -116.546846713941903, 43.583502566246722, 0.0 ], [ -116.54686060858738, 43.583512829688942, 0.0 ], [ -116.546872033903469, 43.583522038308161, 0.0 ], [ -116.546886963449552, 43.583536223523573, 0.0 ], [ -116.546899909249674, 43.583548993186838, 0.0 ], [ -116.546918358418878, 43.583569226921298, 0.0 ], [ -116.546934280484066, 43.583584119900792, 0.0 ], [ -116.546945714002391, 43.5835940422444, 0.0 ], [ -116.546959118389182, 43.583604309092095, 0.0 ], [ -116.546970509502245, 43.583611016527684, 0.0 ], [ -116.546979907456617, 43.583615595590118, 0.0 ], [ -116.546992262799705, 43.5836208678232, 0.0 ] ] } },
{ "type": "Feature", "properties": { "OBJECTID": 342, "UNIQID": "BPP348", "OWNER": "Nampa", "MANAGER": "Nampa", "STATUS": "Active", "INSTALLED": null, "FTR_FUNCTN": "Pathway", "FTR_TYP": "Pathway", "OVPATHNAME": "Lakeview Park Pathway", "SGPATHLMT": "Lakeview Park Only", "SRFMATRL": "Concrete" }, "geometry": { "type": "LineString", "coordinates": [ [ -116.546992262799705, 43.5836208678232, 0.0 ], [ -116.547006545345454, 43.58362326876258, 0.0 ], [ -116.547021801533802, 43.583624948222933, 0.0 ], [ -116.547033604085669, 43.583625580626176, 0.0 ], [ -116.547047349205698, 43.583624412761665, 0.0 ], [ -116.547058126270102, 43.583621837111025, 0.0 ], [ -116.54706789198886, 43.583617125343302, 0.0 ], [ -116.547081056030692, 43.583609174679395, 0.0 ], [ -116.547094683315976, 43.583599076716574, 0.0 ], [ -116.547125768709407, 43.583571353438906, 0.0 ], [ -116.54713598823021, 43.583563779744431, 0.0 ], [ -116.54714527778205, 43.58356014332405, 0.0 ], [ -116.547157023754394, 43.58355648887418, 0.0 ], [ -116.547168798003781, 43.583554977393348, 0.0 ], [ -116.547186000229473, 43.583555214783658, 0.0 ], [ -116.547224357043461, 43.583557090472652, 0.0 ], [ -116.547259258984383, 43.583557919109097, 0.0 ], [ -116.547304970967062, 43.583558672342939, 0.0 ], [ -116.547328056219911, 43.583557796647973, 0.0 ], [ -116.547340818249722, 43.583556635604729, 0.0 ], [ -116.547354052960586, 43.583554042784989, 0.0 ], [ -116.54739323602746, 43.583544124783685, 0.0 ], [ -116.547406480154294, 43.583542245681272, 0.0 ], [ -116.54742465601197, 43.583541761555239, 0.0 ], [ -116.547445313123703, 43.583543046841193, 0.0 ], [ -116.547466985060439, 43.583546824656182, 0.0 ], [ -116.547544850299545, 43.583563428603128, 0.0 ] ] } },
{ "type": "Feature", "properties": { "OBJECTID": 343, "UNIQID": "BPP349", "OWNER": "Nampa", "MANAGER": "Nampa", "STATUS": "Active", "INSTALLED": null, "FTR_FUNCTN": "Pathway", "FTR_TYP": "Pathway", "OVPATHNAME": "Lakeview Park Pathway", "SGPATHLMT": "Lakeview Park Only", "SRFMATRL": "Concrete" }, "geometry": { "type": "LineString", "coordinates": [ [ -116.547544850299545, 43.583563428603128, 0.0 ], [ -116.547559014966055, 43.583556900281749, 0.0 ], [ -116.547577578612092, 43.583548554545487, 0.0 ], [ -116.547593198991905, 43.58354058578535, 0.0 ], [ -116.547605389314242, 43.583533356543661, 0.0 ], [ -116.547618543830907, 43.583524691195116, 0.0 ], [ -116.547629240674041, 43.583516042992606, 0.0 ] ] } },
{ "type": "Feature", "properties": { "OBJECTID": 344, "UNIQID": "BPP350", "OWNER": "Nampa", "MANAGER": "Nampa", "STATUS": "Active", "INSTALLED": null, "FTR_FUNCTN": "Pathway", "FTR_TYP": "Pathway", "OVPATHNAME": "Lakeview Park Pathway", "SGPATHLMT": "Lakeview Park Only", "SRFMATRL": "Concrete" }, "geometry": { "type": "LineString", "coordinates": [ [ -116.547642658214883, 43.583452838001207, 0.0 ], [ -116.547637434951838, 43.583466687568695, 0.0 ], [ -116.547632681211667, 43.583478866851948, 0.0 ], [ -116.547630342690255, 43.583487814082517, 0.0 ], [ -116.547628990703501, 43.583497110874291, 0.0 ], [ -116.54762862179598, 43.583506401707119, 0.0 ], [ -116.547629240674041, 43.583516042992606, 0.0 ] ] } },
{ "type": "Feature", "properties": { "OBJECTID": 345, "UNIQID": "BPP351", "OWNER": "Nampa", "MANAGER": "Nampa", "STATUS": "Active", "INSTALLED": null, "FTR_FUNCTN": "Pathway", "FTR_TYP": "Pathway", "OVPATHNAME": "Lakeview Park Pathway", "SGPATHLMT": "Lakeview Park Only", "SRFMATRL": "Concrete" }, "geometry": { "type": "LineString", "coordinates": [ [ -116.547629240674041, 43.583516042992606, 0.0 ], [ -116.547632930133503, 43.583534950212865, 0.0 ], [ -116.547636619607232, 43.583553858332962, 0.0 ], [ -116.547638864001541, 43.583574918802789, 0.0 ], [ -116.547638650736445, 43.583595997320266, 0.0 ] ] } },
{ "type": "Feature", "properties": { "OBJECTID": 346, "UNIQID": "BPP352", "OWNER": "Nampa", "MANAGER": "Nampa", "STATUS": "Active", "INSTALLED": null, "FTR_FUNCTN": "Pathway", "FTR_TYP": "Pathway", "OVPATHNAME": "Lakeview Park Pathway", "SGPATHLMT": "Lakeview Park Only", "SRFMATRL": "Concrete" }, "geometry": { "type": "LineString", "coordinates": [ [ -116.547544850299545, 43.583563428603128, 0.0 ], [ -116.547570991995144, 43.583570748661259, 0.0 ], [ -116.54759074621343, 43.583578112377637, 0.0 ], [ -116.547612976979863, 43.583586888190048, 0.0 ], [ -116.547638650736445, 43.583595997320266, 0.0 ] ] } },
{ "type": "Feature", "properties": { "OBJECTID": 347, "UNIQID": "BPP353", "OWNER": "Nampa", "MANAGER": "Nampa", "STATUS": "Active", "INSTALLED": null, "FTR_FUNCTN": "Pathway", "FTR_TYP": "Pathway", "OVPATHNAME": "Lakeview Park Pathway", "SGPATHLMT": "Lakeview Park Only", "SRFMATRL": "Concrete" }, "geometry": { "type": "LineString", "coordinates": [ [ -116.547638650736445, 43.583595997320266, 0.0 ], [ -116.54764820908747, 43.583612720423723, 0.0 ], [ -116.547656817387889, 43.58363195066714, 0.0 ], [ -116.547668501017114, 43.583660805055032, 0.0 ], [ -116.547679730855236, 43.583692520464432, 0.0 ], [ -116.547689449603183, 43.583721388559979, 0.0 ], [ -116.547693035330511, 43.583732437621208, 0.0 ], [ -116.547694122178385, 43.583740289817861, 0.0 ], [ -116.547695240792052, 43.583750641404599, 0.0 ], [ -116.547696436111849, 43.583766708168952, 0.0 ], [ -116.547697532385399, 43.583775274088765, 0.0 ], [ -116.547701614371917, 43.583786677031412, 0.0 ], [ -116.547707141432795, 43.58379592672312, 0.0 ] ] } },
{ "type": "Feature", "properties": { "OBJECTID": 348, "UNIQID": "BPP354", "OWNER": "Nampa", "MANAGER": "Nampa", "STATUS": "Active", "INSTALLED": null, "FTR_FUNCTN": "Pathway", "FTR_TYP": "Pathway", "OVPATHNAME": "Lakeview Park Pathway", "SGPATHLMT": "Lakeview Park Only", "SRFMATRL": "Concrete" }, "geometry": { "type": "LineString", "coordinates": [ [ -116.547707141432795, 43.58379592672312, 0.0 ], [ -116.547715603558132, 43.583804083900326, 0.0 ], [ -116.547726523379367, 43.583812224827255, 0.0 ], [ -116.547739402142582, 43.583819993838773, 0.0 ], [ -116.547754219993593, 43.583825606150135, 0.0 ], [ -116.547773459199576, 43.583831187605689, 0.0 ], [ -116.547870562871182, 43.583853372787274, 0.0 ], [ -116.547898165183113, 43.583859610542397, 0.0 ], [ -116.547922332689097, 43.58386622870929, 0.0 ], [ -116.547936659031365, 43.583871844427506, 0.0 ], [ -116.547947053081501, 43.583877487591117, 0.0 ], [ -116.547956975713859, 43.583884563422487, 0.0 ], [ -116.547964450091499, 43.583892370131032, 0.0 ], [ -116.547967525475087, 43.583901994267393, 0.0 ], [ -116.547967657582987, 43.583911995392469, 0.0 ], [ -116.54796582951198, 43.583922368444462, 0.0 ], [ -116.547961104110627, 43.58393669070982, 0.0 ], [ -116.547956373987333, 43.583950655663379, 0.0 ], [ -116.547953104315269, 43.583963538389099, 0.0 ], [ -116.547951326895713, 43.583977840077111, 0.0 ], [ -116.547951038247945, 43.58399320340714, 0.0 ], [ -116.547958417017782, 43.584105322987973, 0.0 ], [ -116.547960689035946, 43.584165679455033, 0.0 ] ] } },
{ "type": "Feature", "properties": { "OBJECTID": 349, "UNIQID": "BPP355", "OWNER": "Nampa", "MANAGER": "Nampa", "STATUS": "Active", "INSTALLED": null, "FTR_FUNCTN": "Pathway", "FTR_TYP": "Pathway", "OVPATHNAME": "Lakeview Park Pathway", "SGPATHLMT": "Lakeview Park Only", "SRFMATRL": "Concrete" }, "geometry": { "type": "LineString", "coordinates": [ [ -116.547960689035946, 43.584165679455033, 0.0 ], [ -116.54798623096697, 43.584164786479327, 0.0 ], [ -116.548014707983626, 43.584162801876019, 0.0 ], [ -116.548042197199678, 43.584160466816691, 0.0 ], [ -116.548070144909232, 43.584155627138173, 0.0 ], [ -116.548111321474124, 43.584147838142066, 0.0 ], [ -116.548157403975807, 43.584139300190039, 0.0 ], [ -116.548193648720414, 43.584130116218809, 0.0 ], [ -116.548240642237431, 43.58411621350448, 0.0 ] ] } },
{ "type": "Feature", "properties": { "OBJECTID": 350, "UNIQID": "BPP356", "OWNER": "Nampa", "MANAGER": "Nampa", "STATUS": "Active", "INSTALLED": null, "FTR_FUNCTN": "Pathway", "FTR_TYP": "Pathway", "OVPATHNAME": "Lakeview Park Pathway", "SGPATHLMT": "Lakeview Park Only", "SRFMATRL": "Concrete" }, "geometry": { "type": "LineString", "coordinates": [ [ -116.547960689035946, 43.584165679455033, 0.0 ], [ -116.547927293154217, 43.584167341932996, 0.0 ], [ -116.547898811412765, 43.584168969203006, 0.0 ], [ -116.547867887369478, 43.584171685544902, 0.0 ], [ -116.54783747373898, 43.584175827694459, 0.0 ], [ -116.547792374241141, 43.584184358657566, 0.0 ], [ -116.547766387934033, 43.584188827236261, 0.0 ], [ -116.547733507141501, 43.584192270985682, 0.0 ], [ -116.547694243538373, 43.58419611750783, 0.0 ], [ -116.547667236406625, 43.584197735330804, 0.0 ], [ -116.547623512434981, 43.584198754194375, 0.0 ], [ -116.547582722331555, 43.584198682339043, 0.0 ], [ -116.547462281657829, 43.584195592668536, 0.0 ], [ -116.547408214258681, 43.584194897779135, 0.0 ], [ -116.547380696713631, 43.584195089716466, 0.0 ], [ -116.547352692345044, 43.584195642387193, 0.0 ], [ -116.547323720283174, 43.584197273833837, 0.0 ], [ -116.547281994235021, 43.5842007800441, 0.0 ], [ -116.547234386317712, 43.584205398391127, 0.0 ], [ -116.547179431350557, 43.584211854673804, 0.0 ], [ -116.547129886784973, 43.584218630549231, 0.0 ], [ -116.54704406423096, 43.584232088841375, 0.0 ], [ -116.5469866845051, 43.584241062448527, 0.0 ], [ -116.546933717956136, 43.584249290573354, 0.0 ], [ -116.546873878271114, 43.584257924827931, 0.0 ], [ -116.546787553397394, 43.584270671739844, 0.0 ], [ -116.546710552400285, 43.584282283374456, 0.0 ], [ -116.546629138147622, 43.584294638599424, 0.0 ], [ -116.546537422844025, 43.584308495818696, 0.0 ], [ -116.546458464995808, 43.584320834706951, 0.0 ], [ -116.546382445699876, 43.584332438381004, 0.0 ], [ -116.54630740474559, 43.584343677845247, 0.0 ], [ -116.546227468429919, 43.584356380734064, 0.0 ], [ -116.546182350973567, 43.584363482708945, 0.0 ], [ -116.546141153940511, 43.584369842674661, 0.0 ], [ -116.546109775826991, 43.584375419559379, 0.0 ], [ -116.546080377986655, 43.584382053779187, 0.0 ] ] } },
{ "type": "Feature", "properties": { "OBJECTID": 351, "UNIQID": "BPP357", "OWNER": "Nampa", "MANAGER": "Nampa", "STATUS": "Active", "INSTALLED": null, "FTR_FUNCTN": "Pathway", "FTR_TYP": "Pathway", "OVPATHNAME": "Lakeview Park Pathway", "SGPATHLMT": "Lakeview Park Only", "SRFMATRL": "Concrete" }, "geometry": { "type": "LineString", "coordinates": [ [ -116.546080377986655, 43.584382053779187, 0.0 ], [ -116.546042653428017, 43.58439089004009, 0.0 ], [ -116.54600545929236, 43.584402580451467, 0.0 ], [ -116.545966336629121, 43.584417142134441, 0.0 ], [ -116.545935051370421, 43.584429863415167, 0.0 ], [ -116.545896443752397, 43.584446208210977, 0.0 ], [ -116.545873494606525, 43.584457442060483, 0.0 ], [ -116.54584862163918, 43.584471904498869, 0.0 ], [ -116.545820357402249, 43.584489963084806, 0.0 ], [ -116.545796987266044, 43.584506558217285, 0.0 ], [ -116.545782381169602, 43.584517019282103, 0.0 ], [ -116.545773416617578, 43.584525416722578, 0.0 ] ] } },
{ "type": "Feature", "properties": { "OBJECTID": 352, "UNIQID": "BPP358", "OWNER": "Nampa", "MANAGER": "Nampa", "STATUS": "Active", "INSTALLED": null, "FTR_FUNCTN": "Pathway", "FTR_TYP": "Pathway", "OVPATHNAME": "Lakeview Park Pathway", "SGPATHLMT": "Lakeview Park Only", "SRFMATRL": "Concrete" }, "geometry": { "type": "LineString", "coordinates": [ [ -116.546080377986655, 43.584382053779187, 0.0 ], [ -116.546102167841951, 43.584394762844276, 0.0 ], [ -116.546124898419876, 43.584404250153334, 0.0 ], [ -116.54615305825655, 43.584415485469911, 0.0 ], [ -116.546183694636852, 43.584428132009677, 0.0 ], [ -116.546215771473513, 43.584438268897237, 0.0 ], [ -116.546246345437211, 43.584446272176152, 0.0 ], [ -116.546279386537563, 43.584454972951548, 0.0 ], [ -116.546339031630794, 43.584468846768559, 0.0 ] ] } },
{ "type": "Feature", "properties": { "OBJECTID": 353, "UNIQID": "BPP359", "OWNER": "Nampa", "MANAGER": "Nampa", "STATUS": "Active", "INSTALLED": null, "FTR_FUNCTN": "Pathway", "FTR_TYP": "Pathway", "OVPATHNAME": "Lakeview Park Pathway", "SGPATHLMT": "Lakeview Park Only", "SRFMATRL": "Concrete" }, "geometry": { "type": "LineString", "coordinates": [ [ -116.547707141432795, 43.58379592672312, 0.0 ], [ -116.547652091379504, 43.58379514969441, 0.0 ], [ -116.547523812991074, 43.583793901496946, 0.0 ], [ -116.547500236115226, 43.583794780661009, 0.0 ], [ -116.547471759253156, 43.583796765135084, 0.0 ], [ -116.547439374920529, 43.583800563581441, 0.0 ], [ -116.547410458387048, 43.583806480997303, 0.0 ], [ -116.547383536279739, 43.583814527662049, 0.0 ], [ -116.547350751216939, 43.583825116624944, 0.0 ], [ -116.547329200518647, 43.583830625300898, 0.0 ], [ -116.547305675476338, 43.583835433053373, 0.0 ], [ -116.547278710923848, 43.583840265688565, 0.0 ], [ -116.547257122500284, 43.583842916757611, 0.0 ], [ -116.547240925593442, 43.583844458189965, 0.0 ], [ -116.547223723285299, 43.583844220808579, 0.0 ], [ -116.547206987710993, 43.583842194347106, 0.0 ], [ -116.547189242023194, 43.58383803175974, 0.0 ], [ -116.547165065164535, 43.58383069791374, 0.0 ], [ -116.547142333417185, 43.583821211718842, 0.0 ], [ -116.547121564334006, 43.58381135358966, 0.0 ], [ -116.547100250645272, 43.583797570263947, 0.0 ], [ -116.54708188965985, 43.583784123691522, 0.0 ], [ -116.547065467778197, 43.583768519528881, 0.0 ], [ -116.547052002073286, 43.583753609442255, 0.0 ], [ -116.547043502341126, 43.583742594621491, 0.0 ] ] } },
{ "type": "Feature", "properties": { "OBJECTID": 354, "UNIQID": "BPP360", "OWNER": "Nampa", "MANAGER": "Nampa", "STATUS": "Active", "INSTALLED": null, "FTR_FUNCTN": "Pathway", "FTR_TYP": "Pathway", "OVPATHNAME": "Lakeview Park Pathway", "SGPATHLMT": "Lakeview Park Only", "SRFMATRL": "Concrete" }, "geometry": { "type": "LineString", "coordinates": [ [ -116.547043502341126, 43.583742594621491, 0.0 ], [ -116.547034501647715, 43.583730868603617, 0.0 ], [ -116.547027953921955, 43.583718768138638, 0.0 ], [ -116.547022364472667, 43.583704875169573, 0.0 ], [ -116.547017725109455, 43.583688475064484, 0.0 ], [ -116.547013596128863, 43.583673499879083, 0.0 ], [ -116.547007506961918, 43.583658895703906, 0.0 ], [ -116.547000439441874, 43.583644655693689, 0.0 ], [ -116.546994363185092, 43.583631123461487, 0.0 ], [ -116.546992262799705, 43.5836208678232, 0.0 ] ] } },
{ "type": "Feature", "properties": { "OBJECTID": 355, "UNIQID": "BPP361", "OWNER": "Nampa", "MANAGER": "Nampa", "STATUS": "Active", "INSTALLED": null, "FTR_FUNCTN": "Pathway", "FTR_TYP": "Pathway", "OVPATHNAME": "Lakeview Park Pathway", "SGPATHLMT": "Lakeview Park Only", "SRFMATRL": "Concrete" }, "geometry": { "type": "LineString", "coordinates": [ [ -116.548543985300157, 43.584485730625396, 0.0 ], [ -116.548352209275663, 43.584623734974343, 0.0 ], [ -116.548340050298847, 43.584633345772218, 0.0 ], [ -116.548329576591343, 43.584646517345099, 0.0 ], [ -116.548145262890287, 43.584892508786609, 0.0 ] ] } },
{ "type": "Feature", "properties": { "OBJECTID": 356, "UNIQID": "BPP362", "OWNER": "Nampa", "MANAGER": "Nampa", "STATUS": "Active", "INSTALLED": "2008-09-30T07:00:00Z", "FTR_FUNCTN": "Pathway", "FTR_TYP": "Pathway", "OVPATHNAME": "Amity Dog Park Pathway", "SGPATHLMT": "Amity Dog Park Only", "SRFMATRL": "Dirt" }, "geometry": { "type": "LineString", "coordinates": [ [ -116.535869659077335, 43.562844837008321, 0.0 ], [ -116.535881169563893, 43.56282332343055, 0.0 ], [ -116.535897702536403, 43.562785105183899, 0.0 ], [ -116.535911190859025, 43.562764531229149, 0.0 ], [ -116.535927341482775, 43.562747272999111, 0.0 ], [ -116.535944827579385, 43.562731910230539, 0.0 ], [ -116.535961071069295, 43.562721796475337, 0.0 ], [ -116.535981923748054, 43.562713555674449, 0.0 ], [ -116.536008696349612, 43.56270717971384, 0.0 ], [ -116.536038126306906, 43.562703643343575, 0.0 ], [ -116.536068889270496, 43.56270200244505, 0.0 ], [ -116.536095100003877, 43.562702774545528, 0.0 ], [ -116.536121341717248, 43.562705929033072, 0.0 ], [ -116.536142367773678, 43.562711023124351, 0.0 ], [ -116.536169313779752, 43.562717982947461, 0.0 ], [ -116.5361936643517, 43.562726865257417, 0.0 ], [ -116.536214778381535, 43.562738627687253, 0.0 ], [ -116.536235909769928, 43.562751819377418, 0.0 ], [ -116.536252450537702, 43.562764566473973, 0.0 ], [ -116.536266390917646, 43.562778759935824, 0.0 ], [ -116.536274423743905, 43.562792040803238, 0.0 ], [ -116.536277822593377, 43.562801544251357, 0.0 ], [ -116.536277290496812, 43.562811073834759, 0.0 ], [ -116.536273528041633, 43.562823959663497, 0.0 ], [ -116.536265168768793, 43.562835925684496, 0.0 ], [ -116.536239929852016, 43.562859438360384, 0.0 ], [ -116.53621008045188, 43.562881077192209, 0.0 ], [ -116.536171754051736, 43.562905633077278, 0.0 ], [ -116.536142579172633, 43.562928696636519, 0.0 ], [ -116.536121206714554, 43.562947420186667, 0.0 ], [ -116.53609343128754, 43.56297749141163, 0.0 ] ] } },
{ "type": "Feature", "properties": { "OBJECTID": 357, "UNIQID": "BPP363", "OWNER": "Nampa", "MANAGER": "Nampa", "STATUS": "Active", "INSTALLED": "2008-09-30T07:00:00Z", "FTR_FUNCTN": "Pathway", "FTR_TYP": "Pathway", "OVPATHNAME": "Amity Dog Park Pathway", "SGPATHLMT": "Amity Dog Park Only", "SRFMATRL": "Dirt" }, "geometry": { "type": "LineString", "coordinates": [ [ -116.53609343128754, 43.56297749141163, 0.0 ], [ -116.536063918144947, 43.56301519405644, 0.0 ], [ -116.53603428971995, 43.563044033147527, 0.0 ], [ -116.536010189136334, 43.563065334462387, 0.0 ], [ -116.535987892758968, 43.563081169567646, 0.0 ], [ -116.535965543186734, 43.563092914008806, 0.0 ], [ -116.535941255204079, 43.563099899358598, 0.0 ], [ -116.535917862312303, 43.563103468912068, 0.0 ], [ -116.535893486926966, 43.56310363647686, 0.0 ], [ -116.53587230426966, 43.563098692835922, 0.0 ], [ -116.535832117101904, 43.563080869552977, 0.0 ], [ -116.535804403553769, 43.563065341325405, 0.0 ], [ -116.535791823477084, 43.563054949547556, 0.0 ], [ -116.535783809274776, 43.563043096102135, 0.0 ], [ -116.535780348590933, 43.563028830552952, 0.0 ], [ -116.535778124351438, 43.563008840771133, 0.0 ], [ -116.535779149085911, 43.562986924013607, 0.0 ], [ -116.535783461148355, 43.562965936083557, 0.0 ], [ -116.535793656021397, 43.562943956296515, 0.0 ], [ -116.535814861435, 43.56291237400368, 0.0 ], [ -116.535845142849027, 43.56287358420245, 0.0 ], [ -116.535859346618622, 43.562857767848165, 0.0 ], [ -116.535869659077335, 43.562844837008321, 0.0 ] ] } },
{ "type": "Feature", "properties": { "OBJECTID": 358, "UNIQID": "BPP364", "OWNER": "Nampa", "MANAGER": "Nampa", "STATUS": "Active", "INSTALLED": "2008-09-30T07:00:00Z", "FTR_FUNCTN": "Pathway", "FTR_TYP": "Pathway", "OVPATHNAME": "Amity Dog Park Pathway", "SGPATHLMT": "Amity Dog Park Only", "SRFMATRL": "Asphalt" }, "geometry": { "type": "LineString", "coordinates": [ [ -116.535876243561418, 43.562518656437085, 0.0 ], [ -116.535862544791286, 43.562523037853737, 0.0 ], [ -116.535847414941642, 43.562530643418931, 0.0 ], [ -116.535816728877464, 43.562550859416753, 0.0 ], [ -116.535782641617985, 43.562573956650908, 0.0 ], [ -116.535758350071035, 43.562594843373411, 0.0 ], [ -116.535734086359795, 43.562617873074828, 0.0 ], [ -116.535715662076043, 43.562636576287801, 0.0 ], [ -116.53570505071859, 43.562651652343796, 0.0 ], [ -116.535697414187723, 43.562668852929924, 0.0 ], [ -116.535691250501159, 43.562686042493326, 0.0 ], [ -116.535687557561332, 43.562704286213943, 0.0 ], [ -116.535685811521162, 43.562721088070994, 0.0 ], [ -116.535685561560399, 43.56273966637584, 0.0 ], [ -116.535685932944915, 43.562768242495665, 0.0 ], [ -116.535689190947636, 43.562792155080608, 0.0 ], [ -116.535697626977282, 43.562839612408943, 0.0 ], [ -116.535704031836417, 43.56287564592629, 0.0 ] ] } },
{ "type": "Feature", "properties": { "OBJECTID": 359, "UNIQID": "BPP365", "OWNER": "Nampa", "MANAGER": "Nampa", "STATUS": "Active", "INSTALLED": "2008-09-30T07:00:00Z", "FTR_FUNCTN": "Pathway", "FTR_TYP": "Pathway", "OVPATHNAME": "Amity Dog Park Pathway", "SGPATHLMT": "Amity Dog Park Only", "SRFMATRL": "Asphalt" }, "geometry": { "type": "LineString", "coordinates": [ [ -116.535702079980268, 43.563066997818844, 0.0 ], [ -116.535696974086576, 43.563052147697462, 0.0 ], [ -116.535695096747205, 43.563033703728863, 0.0 ], [ -116.535695660776724, 43.563014052128899, 0.0 ], [ -116.535700965793751, 43.562981269463769, 0.0 ], [ -116.535707074677177, 43.562947289520451, 0.0 ], [ -116.535708495507649, 43.562930608714076, 0.0 ], [ -116.535709019610778, 43.562907980705702, 0.0 ], [ -116.535706700986154, 43.56289206009339, 0.0 ], [ -116.535704031836417, 43.56287564592629, 0.0 ] ] } },
{ "type": "Feature", "properties": { "OBJECTID": 360, "UNIQID": "BPP366", "OWNER": "Nampa", "MANAGER": "Nampa", "STATUS": "Active", "INSTALLED": "2008-09-30T07:00:00Z", "FTR_FUNCTN": "Pathway", "FTR_TYP": "Pathway", "OVPATHNAME": "Amity Dog Park Pathway", "SGPATHLMT": "Amity Dog Park Only", "SRFMATRL": "Dirt" }, "geometry": { "type": "LineString", "coordinates": [ [ -116.535628549737012, 43.561754805886551, 0.0 ], [ -116.535632664373097, 43.561731200877553, 0.0 ], [ -116.5356427006638, 43.561709697450333, 0.0 ], [ -116.535657644656865, 43.561687803849871, 0.0 ], [ -116.535673650259326, 43.561671975133066, 0.0 ], [ -116.535696552196939, 43.561657528403074, 0.0 ], [ -116.535730727187811, 43.561641218361785, 0.0 ], [ -116.535757112542953, 43.561630319338349, 0.0 ], [ -116.535776199654421, 43.56162482976093, 0.0 ], [ -116.535794328506626, 43.561621133496743, 0.0 ], [ -116.535811505891218, 43.561619943391264, 0.0 ], [ -116.535832132065039, 43.561619444269333, 0.0 ], [ -116.535855751578708, 43.561622497127551, 0.0 ], [ -116.535885317214138, 43.561629438112114, 0.0 ], [ -116.535923287947639, 43.56164060856031, 0.0 ], [ -116.535967747277638, 43.561659594199178, 0.0 ], [ -116.535994907243335, 43.561670481599663, 0.0 ], [ -116.5360171096725, 43.561677830518633, 0.0 ], [ -116.536039783656065, 43.561683747707299, 0.0 ], [ -116.536062434426597, 43.561687879221303, 0.0 ], [ -116.536094909870258, 43.561691942276795, 0.0 ], [ -116.536124415189263, 43.56169423991664, 0.0 ], [ -116.536152908690511, 43.56169440133084, 0.0 ], [ -116.536209870300013, 43.561692581136832, 0.0 ], [ -116.536284051100537, 43.561692784763991, 0.0 ], [ -116.53632039580566, 43.561692178346597, 0.0 ], [ -116.536361184707118, 43.5616933262788, 0.0 ], [ -116.536411305707517, 43.561694410903769, 0.0 ], [ -116.536472733511474, 43.561696131516392, 0.0 ], [ -116.536533193786241, 43.561698930790364, 0.0 ], [ -116.53657694355131, 43.561701130313246, 0.0 ], [ -116.536603496094955, 43.561703090799078, 0.0 ], [ -116.536633993451062, 43.561706096173658, 0.0 ], [ -116.536657631622418, 43.561710577221511, 0.0 ], [ -116.536686210036351, 43.561717168345822, 0.0 ], [ -116.536713337618963, 43.561725555276517, 0.0 ], [ -116.536733570083243, 43.561732561166394, 0.0 ], [ -116.536753835078159, 43.561742066450421, 0.0 ], [ -116.536772162546512, 43.561753729140584, 0.0 ], [ -116.536807372556453, 43.561779207631986, 0.0 ], [ -116.536829227890038, 43.561797633806499, 0.0 ], [ -116.536845670227137, 43.561815382540189, 0.0 ], [ -116.53685964647832, 43.561832433552823, 0.0 ], [ -116.536870198401928, 43.561850579270391, 0.0 ], [ -116.536879268202355, 43.561868021396336, 0.0 ], [ -116.536884375827853, 43.561882990271165, 0.0 ], [ -116.536888055861525, 43.561901540631133, 0.0 ], [ -116.536890314214673, 43.561924031581874, 0.0 ], [ -116.536890597817049, 43.561945820532564, 0.0 ], [ -116.536888494369322, 43.561972985202367, 0.0 ], [ -116.536880548206369, 43.562004119092038, 0.0 ], [ -116.536866791872143, 43.562041723398025, 0.0 ], [ -116.536849609934592, 43.562080422416912, 0.0 ], [ -116.536836734011729, 43.562110161748727, 0.0 ], [ -116.536830580005528, 43.562128066000177, 0.0 ], [ -116.536824932534401, 43.562147037902832, 0.0 ], [ -116.536822190161757, 43.562162775497981, 0.0 ], [ -116.536820508294866, 43.562184577974989, 0.0 ], [ -116.536815894867999, 43.562245339634167, 0.0 ], [ -116.536813163200719, 43.562299657915098, 0.0 ], [ -116.536812632657018, 43.562334313321024, 0.0 ], [ -116.536812429522683, 43.5623564629662, 0.0 ], [ -116.536810358568943, 43.562386127930459, 0.0 ], [ -116.536806235063466, 43.562409019248165, 0.0 ], [ -116.536801171906234, 43.562435132245753, 0.0 ], [ -116.536793169861127, 43.562461980160641, 0.0 ], [ -116.53678268432428, 43.562486701090712, 0.0 ], [ -116.536770233332945, 43.562511436445931, 0.0 ], [ -116.536757239816211, 43.562532244728068, 0.0 ], [ -116.536741304001353, 43.562553431502579, 0.0 ], [ -116.536705017165588, 43.562596191873119, 0.0 ], [ -116.536687583983209, 43.562615603114331, 0.0 ], [ -116.536664743583884, 43.562634693313882, 0.0 ], [ -116.53664335744331, 43.562652345018805, 0.0 ], [ -116.536609794345168, 43.562677939413703, 0.0 ], [ -116.536580105143912, 43.562699220794634, 0.0 ], [ -116.536565474768395, 43.562707537709905, 0.0 ], [ -116.536546897351599, 43.562714453295257, 0.0 ], [ -116.536522892896727, 43.562719619484774, 0.0 ], [ -116.536498364543263, 43.562722288752092, 0.0 ], [ -116.536476269788068, 43.562723155443202, 0.0 ], [ -116.53644971215131, 43.562720837617647, 0.0 ], [ -116.536431448261766, 43.562714175483151, 0.0 ], [ -116.536415594749215, 43.562703925106291, 0.0 ], [ -116.536404649004226, 43.562693282722243, 0.0 ], [ -116.536392660143349, 43.562678004715707, 0.0 ], [ -116.536369683738769, 43.562648869394714, 0.0 ], [ -116.536346289092478, 43.562625452680216, 0.0 ], [ -116.536319471325612, 43.562603131542701, 0.0 ], [ -116.536304101745301, 43.562590875064309, 0.0 ] ] } },
{ "type": "Feature", "properties": { "OBJECTID": 361, "UNIQID": "BPP367", "OWNER": "Nampa", "MANAGER": "Nampa", "STATUS": "Active", "INSTALLED": "2008-09-30T07:00:00Z", "FTR_FUNCTN": "Pathway", "FTR_TYP": "Pathway", "OVPATHNAME": "Amity Dog Park Pathway", "SGPATHLMT": "Amity Dog Park Only", "SRFMATRL": "Dirt" }, "geometry": { "type": "LineString", "coordinates": [ [ -116.535704031836417, 43.56287564592629, 0.0 ], [ -116.535667588928717, 43.562868751259245, 0.0 ], [ -116.535609009429876, 43.562859508178526, 0.0 ], [ -116.53555240347788, 43.562850967098953, 0.0 ], [ -116.535510075955159, 43.562844827507988, 0.0 ], [ -116.53546874850764, 43.56284011041398, 0.0 ], [ -116.535432375258054, 43.562838573581729, 0.0 ], [ -116.535387156482528, 43.562836741059513, 0.0 ], [ -116.53534831248686, 43.562834150036416, 0.0 ], [ -116.535321249548659, 43.562830763382131, 0.0 ], [ -116.535294650143413, 43.562825230362058, 0.0 ], [ -116.535269004403304, 43.562817547609903, 0.0 ], [ -116.535247767049469, 43.562808762534964, 0.0 ], [ -116.535224990649496, 43.562794986984208, 0.0 ], [ -116.535176396888602, 43.562760311636126, 0.0 ], [ -116.535148601396855, 43.562738354285067, 0.0 ], [ -116.535126213107972, 43.562716716239017, 0.0 ], [ -116.535110220649401, 43.562695749857973, 0.0 ], [ -116.535097652593535, 43.562673687020492, 0.0 ], [ -116.535088991057705, 43.562649812425398, 0.0 ], [ -116.535082299619546, 43.562626280746407, 0.0 ], [ -116.535081576315278, 43.562608423817757, 0.0 ], [ -116.535086210401559, 43.562586957539892, 0.0 ], [ -116.535097248316205, 43.562566876668868, 0.0 ], [ -116.535109806710039, 43.562550357914233, 0.0 ], [ -116.53526500350749, 43.562396038313985, 0.0 ], [ -116.535289693718767, 43.56236800473863, 0.0 ], [ -116.535310990767954, 43.562343567025323, 0.0 ], [ -116.535329832210763, 43.562319145276099, 0.0 ], [ -116.535349628525594, 43.562292573788696, 0.0 ], [ -116.535369832668025, 43.562259569969399, 0.0 ], [ -116.535393419395092, 43.562222255657275, 0.0 ], [ -116.535408317182501, 43.562196788949102, 0.0 ], [ -116.535420801165046, 43.562174554935538, 0.0 ], [ -116.535433238728373, 43.562148748680045, 0.0 ], [ -116.535447612647431, 43.56212078594406, 0.0 ], [ -116.5354566118978, 43.562095003308045, 0.0 ], [ -116.535463650327301, 43.562069590588848, 0.0 ], [ -116.535464946821691, 43.56205600703543, 0.0 ], [ -116.535471026971621, 43.562032387629259, 0.0 ], [ -116.535481035537273, 43.562008742132193, 0.0 ], [ -116.535492142831572, 43.561994019133742, 0.0 ], [ -116.535506240053607, 43.561982490804525, 0.0 ], [ -116.535525739756991, 43.561970925353158, 0.0 ], [ -116.535547226857972, 43.561961132072362, 0.0 ], [ -116.535565782195974, 43.56195243097067, 0.0 ], [ -116.535579442489322, 43.561945191986005, 0.0 ], [ -116.535592533759853, 43.561931884728679, 0.0 ], [ -116.535600198089327, 43.56191682803221, 0.0 ], [ -116.535607769586733, 43.561894627754079, 0.0 ], [ -116.535611467136206, 43.561876740447687, 0.0 ], [ -116.535615864259853, 43.561837057430381, 0.0 ], [ -116.535623962323911, 43.561779844428216, 0.0 ], [ -116.535628549737012, 43.561754805886551, 0.0 ] ] } },
{ "type": "Feature", "properties": { "OBJECTID": 362, "UNIQID": "BPP368", "OWNER": "Nampa", "MANAGER": "Nampa", "STATUS": "Active", "INSTALLED": "2008-09-30T07:00:00Z", "FTR_FUNCTN": "Pathway", "FTR_TYP": "Pathway", "OVPATHNAME": "Amity Dog Park Pathway", "SGPATHLMT": "Amity Dog Park Only", "SRFMATRL": "Dirt" }, "geometry": { "type": "LineString", "coordinates": [ [ -116.535720933430412, 43.562277869154762, 0.0 ], [ -116.535709885097333, 43.562262175058684, 0.0 ], [ -116.535695343428429, 43.562239412057465, 0.0 ], [ -116.535685263336177, 43.562219833606051, 0.0 ], [ -116.535679067722086, 43.562196655898838, 0.0 ], [ -116.535675299834253, 43.562171318331536, 0.0 ], [ -116.53567341259712, 43.562139537412662, 0.0 ], [ -116.535674566366765, 43.562114879813642, 0.0 ], [ -116.535678189634481, 43.562091277281169, 0.0 ], [ -116.535683360031285, 43.562073380751265, 0.0 ], [ -116.535695843875686, 43.562051145808134, 0.0 ], [ -116.535705404003693, 43.562030717686859, 0.0 ], [ -116.53571731756081, 43.562002414479537, 0.0 ], [ -116.535725875152025, 43.561980564762806, 0.0 ], [ -116.535729595879189, 43.561964463123282, 0.0 ], [ -116.535731347769982, 43.561948018569176, 0.0 ], [ -116.53573063357284, 43.561930876272051, 0.0 ], [ -116.535728483674148, 43.56191660170974, 0.0 ], [ -116.535723872334628, 43.561901986718254, 0.0 ], [ -116.535714807504789, 43.561884901812313, 0.0 ], [ -116.535674768388134, 43.561828019627463, 0.0 ], [ -116.535651736958869, 43.561794598184044, 0.0 ], [ -116.535639720608586, 43.561777176208963, 0.0 ], [ -116.535628549737012, 43.561754805886551, 0.0 ] ] } },
{ "type": "Feature", "properties": { "OBJECTID": 363, "UNIQID": "BPP369", "OWNER": "Nampa", "MANAGER": "Nampa", "STATUS": "Active", "INSTALLED": "2008-09-30T07:00:00Z", "FTR_FUNCTN": "Pathway", "FTR_TYP": "Pathway", "OVPATHNAME": "Amity Dog Park Pathway", "SGPATHLMT": "Amity Dog Park Only", "SRFMATRL": "Asphalt" }, "geometry": { "type": "LineString", "coordinates": [ [ -116.535876243561418, 43.562518656437085, 0.0 ], [ -116.53586411099208, 43.562495262119036, 0.0 ], [ -116.535849828140059, 43.562469660194708, 0.0 ], [ -116.535832211058406, 43.562437994604579, 0.0 ], [ -116.535813167110831, 43.562403971514833, 0.0 ], [ -116.535798915069904, 43.562380736676239, 0.0 ], [ -116.535784871831098, 43.562362042384514, 0.0 ], [ -116.535763405833194, 43.562335754425717, 0.0 ], [ -116.535745421179229, 43.562312657749167, 0.0 ], [ -116.535720933430412, 43.562277869154762, 0.0 ] ] } },
{ "type": "Feature", "properties": { "OBJECTID": 364, "UNIQID": "BPP370", "OWNER": "Nampa", "MANAGER": "Nampa", "STATUS": "Active", "INSTALLED": "2005-05-31T07:00:00Z", "FTR_FUNCTN": "Pathway", "FTR_TYP": "Pathway", "OVPATHNAME": "Edwards Pathway", "SGPATHLMT": "Iowa Ave to Middleton Rd", "SRFMATRL": "Asphalt" }, "geometry": { "type": "LineString", "coordinates": [ [ -116.611568627472693, 43.554423179180809, 0.0 ], [ -116.611582782550713, 43.554497377084843, 0.0 ], [ -116.611593572667275, 43.554519206391603, 0.0 ], [ -116.611609479001459, 43.55453242263355, 0.0 ], [ -116.611635889242152, 43.554547466154162, 0.0 ], [ -116.611654428977971, 43.554561615765287, 0.0 ], [ -116.61166918893889, 43.554586273012596, 0.0 ], [ -116.611718509766476, 43.554738320614177, 0.0 ], [ -116.611726883769848, 43.554774457460255, 0.0 ], [ -116.611731260806835, 43.554805861019204, 0.0 ], [ -116.611739758175716, 43.55558599675804, 0.0 ], [ -116.611735056512231, 43.555899445335392, 0.0 ], [ -116.611734303754844, 43.555938508835162, 0.0 ], [ -116.611729498411094, 43.555969029278323, 0.0 ], [ -116.611722020128497, 43.555995758778181, 0.0 ], [ -116.611706737780068, 43.556026358190273, 0.0 ], [ -116.611531905378726, 43.556350614876607, 0.0 ], [ -116.611512761501274, 43.556386006773522, 0.0 ], [ -116.611501367445925, 43.556413718987748, 0.0 ], [ -116.611496603887929, 43.556447096071267, 0.0 ], [ -116.61149439112863, 43.556475691420403, 0.0 ], [ -116.611501374503746, 43.556506123016362, 0.0 ], [ -116.611508235745873, 43.556527981929726, 0.0 ], [ -116.61151819939144, 43.556545290781756, 0.0 ], [ -116.611532340325411, 43.556564952559945, 0.0 ], [ -116.611550947289217, 43.556583865088285, 0.0 ], [ -116.611734464885373, 43.556737429664295, 0.0 ], [ -116.611769757024888, 43.556771787489581, 0.0 ], [ -116.611800314732903, 43.556802041360996, 0.0 ], [ -116.61184822581869, 43.556855027342763, 0.0 ], [ -116.612008290320091, 43.557048583988305, 0.0 ] ] } },
{ "type": "Feature", "properties": { "OBJECTID": 365, "UNIQID": "BPP371", "OWNER": "Nampa", "MANAGER": "Nampa", "STATUS": "Active", "INSTALLED": null, "FTR_FUNCTN": "Pathway", "FTR_TYP": "Pathway", "OVPATHNAME": "Edwards Pathway", "SGPATHLMT": "Midland Blvd to Good property", "SRFMATRL": "Asphalt" }, "geometry": { "type": "LineString", "coordinates": [ [ -116.600174006100019, 43.550451801939637, 0.0 ], [ -116.599463743537314, 43.550457509105655, 0.0 ], [ -116.599398305338951, 43.550461305036386, 0.0 ], [ -116.599331595429987, 43.550467516389503, 0.0 ], [ -116.599240615518539, 43.550481553582529, 0.0 ], [ -116.599064923141455, 43.550534968999521, 0.0 ], [ -116.598331744493748, 43.550757869183911, 0.0 ], [ -116.598259955158852, 43.550775549085657, 0.0 ], [ -116.598190373066458, 43.550787367208223, 0.0 ], [ -116.59813707853472, 43.550792655627014, 0.0 ], [ -116.598065075384042, 43.550795094415008, 0.0 ], [ -116.597994275834324, 43.550789903841405, 0.0 ], [ -116.597770483657442, 43.550766344098299, 0.0 ], [ -116.597336665520558, 43.550745744922601, 0.0 ], [ -116.597247016534737, 43.550750696587173, 0.0 ], [ -116.597220181674246, 43.550755499549943, 0.0 ], [ -116.597191639534742, 43.550760607695899, 0.0 ], [ -116.597155520256223, 43.550772287027158, 0.0 ], [ -116.597143397538574, 43.550776206853143, 0.0 ], [ -116.59711608233448, 43.550789746283932, 0.0 ], [ -116.597091452230273, 43.550808028330948, 0.0 ], [ -116.597073465256329, 43.55083293011711, 0.0 ], [ -116.597052240158519, 43.550871217225605, 0.0 ], [ -116.596969425144124, 43.551220923963896, 0.0 ], [ -116.596951398214486, 43.551282044921926, 0.0 ], [ -116.596927141362912, 43.551326998225818, 0.0 ], [ -116.596901443099085, 43.551362435366713, 0.0 ], [ -116.596874327650639, 43.551390262611555, 0.0 ], [ -116.596841826102263, 43.551407650587777, 0.0 ], [ -116.596817711477158, 43.551415926659089, 0.0 ], [ -116.596775884076692, 43.551421952211335, 0.0 ], [ -116.596738429752065, 43.551420781330869, 0.0 ], [ -116.596695753126269, 43.551412999952596, 0.0 ], [ -116.596574091890773, 43.551376748595359, 0.0 ], [ -116.595900562202146, 43.551167392865636, 0.0 ], [ -116.595816418835938, 43.551144676288565, 0.0 ], [ -116.59573424724887, 43.551122421224768, 0.0 ], [ -116.595657373742782, 43.551104413268426, 0.0 ], [ -116.595596924917572, 43.551090094872414, 0.0 ], [ -116.595523379038212, 43.551075873307695, 0.0 ], [ -116.595441327489155, 43.551062190757399, 0.0 ], [ -116.595352863229323, 43.551050480015228, 0.0 ], [ -116.595262312716429, 43.551037813403219, 0.0 ], [ -116.595182291642445, 43.551028878172417, 0.0 ], [ -116.595104944739646, 43.551023734212329, 0.0 ], [ -116.595057783705457, 43.55102313049769, 0.0 ], [ -116.595001510178548, 43.551026404310399, 0.0 ], [ -116.594950461428851, 43.551028687157029, 0.0 ], [ -116.594895550326143, 43.551035761042613, 0.0 ], [ -116.594837964845595, 43.551046645956717, 0.0 ], [ -116.594792307160958, 43.551059843315173, 0.0 ], [ -116.594748647790027, 43.551075408499003, 0.0 ], [ -116.594690080469221, 43.551102038235108, 0.0 ], [ -116.594611425691909, 43.551144058921871, 0.0 ], [ -116.594349296522921, 43.551311294414489, 0.0 ], [ -116.594291832783881, 43.551342538794884, 0.0 ], [ -116.594224395069531, 43.55137127976424, 0.0 ], [ -116.594151915587929, 43.551394181958941, 0.0 ], [ -116.594090575137983, 43.551409877442325, 0.0 ], [ -116.594031133253651, 43.551420795458476, 0.0 ], [ -116.593969787677892, 43.551428412367166, 0.0 ], [ -116.593897150131994, 43.551432282598789, 0.0 ], [ -116.593832950655028, 43.551430850923992, 0.0 ], [ -116.593747704430271, 43.551422906479907, 0.0 ], [ -116.593661582747515, 43.551406852080014, 0.0 ], [ -116.593325995305094, 43.551339309762625, 0.0 ], [ -116.59328402688854, 43.551335332080178, 0.0 ], [ -116.593234293659577, 43.551338080618763, 0.0 ], [ -116.593017855115704, 43.551361587448092, 0.0 ], [ -116.59287476298887, 43.55136718628583, 0.0 ] ] } },
{ "type": "Feature", "properties": { "OBJECTID": 366, "UNIQID": "BPP372", "OWNER": "Nampa", "MANAGER": "Nampa", "STATUS": "Active", "INSTALLED": null, "FTR_FUNCTN": "Pathway", "FTR_TYP": "Pathway", "OVPATHNAME": "Edwards Pathway", "SGPATHLMT": "Good property to Iowa Ave", "SRFMATRL": "Asphalt" }, "geometry": { "type": "LineString", "coordinates": [ [ -116.611316733887335, 43.553843023436812, 0.0 ], [ -116.611269069801651, 43.553818299889109, 0.0 ], [ -116.61123392578429, 43.553730327155307, 0.0 ], [ -116.610985644669967, 43.553472488519333, 0.0 ], [ -116.61085969735494, 43.553343046129697, 0.0 ], [ -116.610827763609052, 43.553308039833134, 0.0 ], [ -116.610793196584737, 43.553272100131267, 0.0 ], [ -116.610766570203296, 43.5532418172711, 0.0 ], [ -116.610746504898117, 43.553212436429575, 0.0 ], [ -116.610716796634989, 43.553149786977279, 0.0 ], [ -116.61025205503347, 43.552142311154867, 0.0 ], [ -116.610090835850016, 43.551788790059597, 0.0 ], [ -116.610062515641161, 43.551731488371672, 0.0 ], [ -116.610043415565997, 43.551700910183023, 0.0 ], [ -116.610021881960463, 43.551671778782385, 0.0 ], [ -116.609997942837452, 43.55164623803519, 0.0 ], [ -116.609964377607497, 43.55162346644078, 0.0 ], [ -116.609935984158696, 43.55160669391676, 0.0 ], [ -116.609908477135605, 43.551595426131719, 0.0 ], [ -116.609883459110463, 43.55158608837155, 0.0 ], [ -116.609840092285651, 43.551575935385401, 0.0 ], [ -116.609795972322303, 43.5515704335482, 0.0 ], [ -116.609733082919618, 43.551569000951417, 0.0 ], [ -116.608721799381513, 43.551570451803322, 0.0 ], [ -116.608378942041469, 43.551568739311477, 0.0 ] ] } },
{ "type": "Feature", "properties": { "OBJECTID": 367, "UNIQID": "BPP373", "OWNER": "Nampa", "MANAGER": "Nampa", "STATUS": "Active", "INSTALLED": null, "FTR_FUNCTN": "Multiuse", "FTR_TYP": "Pathway", "OVPATHNAME": "Edwards Pathway", "SGPATHLMT": "Good property to Iowa Ave", "SRFMATRL": "Concrete" }, "geometry": { "type": "LineString", "coordinates": [ [ -116.61120323717752, 43.554243027750942, 0.0 ], [ -116.611199138787597, 43.554139223031314, 0.0 ], [ -116.611203441123592, 43.55407345964322, 0.0 ], [ -116.611209420221641, 43.554033404441327, 0.0 ], [ -116.611224580245761, 43.553994232400818, 0.0 ], [ -116.611238430980464, 43.553955070221342, 0.0 ], [ -116.61125512080892, 43.553923554741218, 0.0 ], [ -116.611275530381633, 43.553892869946353, 0.0 ], [ -116.611316733887335, 43.553843023436812, 0.0 ] ] } },
{ "type": "Feature", "properties": { "OBJECTID": 368, "UNIQID": "BPP374", "OWNER": "Private", "MANAGER": "Private", "STATUS": "Active", "INSTALLED": null, "FTR_FUNCTN": "Pathway", "FTR_TYP": "Connector", "OVPATHNAME": "Creekside Pathway", "SGPATHLMT": null, "SRFMATRL": "Asphalt" }, "geometry": { "type": "LineString", "coordinates": [ [ -116.606540259163992, 43.563073457690564, 0.0 ], [ -116.606867217338348, 43.562901190104867, 0.0 ] ] } },
{ "type": "Feature", "properties": { "OBJECTID": 369, "UNIQID": "BPP194", "OWNER": "Federal", "MANAGER": "Federal", "STATUS": "Active", "INSTALLED": null, "FTR_FUNCTN": "Pathway", "FTR_TYP": "Trail", "OVPATHNAME": "East Dike Trail", "SGPATHLMT": null, "SRFMATRL": "Dirt" }, "geometry": { "type": "LineString", "coordinates": [ [ -116.587774939557306, 43.521680649194749, 0.0 ], [ -116.587657635916642, 43.521680600467072, 0.0 ], [ -116.587593986532852, 43.521680158559228, 0.0 ], [ -116.587540294596835, 43.521677828127643, 0.0 ], [ -116.587491568188995, 43.521673643952695, 0.0 ], [ -116.587439047641553, 43.52166585645805, 0.0 ], [ -116.587377743516697, 43.521654500381594, 0.0 ], [ -116.587213731129339, 43.521615746022526, 0.0 ], [ -116.586492185555201, 43.521416707936957, 0.0 ], [ -116.585700418789855, 43.52119275375432, 0.0 ], [ -116.585159238717736, 43.521041425538805, 0.0 ], [ -116.584641868980157, 43.520897185818775, 0.0 ], [ -116.584194665116868, 43.520773318245055, 0.0 ], [ -116.583951597953103, 43.520702445357749, 0.0 ], [ -116.583787440205882, 43.520652789360376, 0.0 ], [ -116.583674603962166, 43.520614564911057, 0.0 ], [ -116.583585512760251, 43.520578890996717, 0.0 ], [ -116.583502672691282, 43.520544079663416, 0.0 ], [ -116.583399556728139, 43.520486714101004, 0.0 ], [ -116.583345328563027, 43.520445337428967, 0.0 ], [ -116.583312449389311, 43.520413794679762, 0.0 ], [ -116.583297064053838, 43.520383939965178, 0.0 ], [ -116.583285258882398, 43.520342254059379, 0.0 ], [ -116.583282599171611, 43.520264673054207, 0.0 ], [ -116.583296244160806, 43.519966861050698, 0.0 ], [ -116.583294212112463, 43.519819218090468, 0.0 ], [ -116.583277684874034, 43.518975070187324, 0.0 ], [ -116.583258394954569, 43.518167855397081, 0.0 ], [ -116.583230843668773, 43.517473826247063, 0.0 ], [ -116.583221737736025, 43.513612361148759, 0.0 ] ] } },
{ "type": "Feature", "properties": { "OBJECTID": 370, "UNIQID": "BPP193", "OWNER": "Federal", "MANAGER": "Federal", "STATUS": "Active", "INSTALLED": null, "FTR_FUNCTN": "Pathway", "FTR_TYP": "Trail", "OVPATHNAME": "Kingfisher Trail", "SGPATHLMT": null, "SRFMATRL": "Dirt" }, "geometry": { "type": "LineString", "coordinates": [ [ -116.633421081284226, 43.546419959967551, 0.0 ], [ -116.633485198109426, 43.546180586944452, 0.0 ], [ -116.633472586822379, 43.546143799404412, 0.0 ], [ -116.633447015906555, 43.546127624776219, 0.0 ], [ -116.633377755554363, 43.54609886385154, 0.0 ], [ -116.633276065804907, 43.546080328534941, 0.0 ], [ -116.633212982294111, 43.546059738756902, 0.0 ], [ -116.633169110913428, 43.546031974217428, 0.0 ], [ -116.633120206413736, 43.545990197712136, 0.0 ], [ -116.63307595177686, 43.545936089669659, 0.0 ], [ -116.633042073854327, 43.545843532169123, 0.0 ], [ -116.633027121474825, 43.545750277610168, 0.0 ], [ -116.632937610204635, 43.545274869969056, 0.0 ], [ -116.632922830615357, 43.545228106906841, 0.0 ], [ -116.632906100842547, 43.545185753275298, 0.0 ], [ -116.632887486267336, 43.545152203841141, 0.0 ], [ -116.63285670389142, 43.545112888604386, 0.0 ], [ -116.632805634757233, 43.545063475876283, 0.0 ], [ -116.632274590411583, 43.54463497801634, 0.0 ], [ -116.632180212899627, 43.544573160754133, 0.0 ], [ -116.632103072865178, 43.544531273130765, 0.0 ], [ -116.632013874589958, 43.544490943874663, 0.0 ], [ -116.631936991040249, 43.544466633451286, 0.0 ], [ -116.631860194203369, 43.544448182071079, 0.0 ], [ -116.631779455427576, 43.544435620806752, 0.0 ], [ -116.631678665112133, 43.544429072987683, 0.0 ], [ -116.630874572235669, 43.544391323966167, 0.0 ], [ -116.630773868625482, 43.54439063444508, 0.0 ], [ -116.630713564410001, 43.54439842417095, 0.0 ], [ -116.630659429817825, 43.544414955086204, 0.0 ], [ -116.630611400880341, 43.544435834219435, 0.0 ], [ -116.630569497659138, 43.544462525014602, 0.0 ], [ -116.630520030001193, 43.544522968147326, 0.0 ], [ -116.630264434047007, 43.54494976298831, 0.0 ], [ -116.630220836943366, 43.544998441259096, 0.0 ], [ -116.630192964623802, 43.545020629513743, 0.0 ], [ -116.630154939066216, 43.545037036164679, 0.0 ], [ -116.630114771281015, 43.545044669649322, 0.0 ], [ -116.630070470740918, 43.545045010679239, 0.0 ], [ -116.630030047235522, 43.545035067712405, 0.0 ], [ -116.62998748279324, 43.545016351565216, 0.0 ], [ -116.629950896212804, 43.54499319411881, 0.0 ], [ -116.629891732065857, 43.544940912509816, 0.0 ], [ -116.629412545063985, 43.544395255179268, 0.0 ], [ -116.628980339258931, 43.543894646409477, 0.0 ], [ -116.628906720112354, 43.543817570963107, 0.0 ], [ -116.628849572319282, 43.543765273301254, 0.0 ], [ -116.628800712144397, 43.543729025808837, 0.0 ], [ -116.628756008278387, 43.543701535995723, 0.0 ], [ -116.628709353998815, 43.543678456429546, 0.0 ], [ -116.627949199105501, 43.543337110301998, 0.0 ], [ -116.627794909317558, 43.543251864850014, 0.0 ], [ -116.627742172873582, 43.543225900802398, 0.0 ], [ -116.627675361514534, 43.54320151017469, 0.0 ], [ -116.627606622169893, 43.543182994073163, 0.0 ], [ -116.627548120500805, 43.543176117979122, 0.0 ], [ -116.627481712953013, 43.543179557574611, 0.0 ], [ -116.627403394652589, 43.543194808072847, 0.0 ], [ -116.627325117560346, 43.54321298808393, 0.0 ], [ -116.627114599794552, 43.543277594503643, 0.0 ], [ -116.625361595289988, 43.54390776189782, 0.0 ], [ -116.625251438037822, 43.543949622739866, 0.0 ], [ -116.625187234510179, 43.54396622815036, 0.0 ], [ -116.625134963489955, 43.543972488046933, 0.0 ], [ -116.625088608231735, 43.543969912991273, 0.0 ], [ -116.625044158870736, 43.543959999073131, 0.0 ], [ -116.624999626012823, 43.543944226011774, 0.0 ], [ -116.624956979125614, 43.543919648851897, 0.0 ], [ -116.624910177800075, 43.543886313821368, 0.0 ], [ -116.624871346511497, 43.543847058016709, 0.0 ], [ -116.624725814282101, 43.543670915949527, 0.0 ], [ -116.624373031143691, 43.543228279616862, 0.0 ], [ -116.624096408241968, 43.542899322630625, 0.0 ], [ -116.623598383678456, 43.54229958230831, 0.0 ], [ -116.623551330550612, 43.542248669334214, 0.0 ], [ -116.623496201855687, 43.542196353549073, 0.0 ], [ -116.62344719934039, 43.542149850700291, 0.0 ], [ -116.623322931009653, 43.542051184895392, 0.0 ], [ -116.622395249317961, 43.541400518100218, 0.0 ], [ -116.621371812013848, 43.540671468477704, 0.0 ], [ -116.620979169708875, 43.540394660519134, 0.0 ], [ -116.6208976161778, 43.540324965463554, 0.0 ], [ -116.620809810698518, 43.540240668546453, 0.0 ], [ -116.620621403738426, 43.540022365711813, 0.0 ], [ -116.620041529456046, 43.539328012905983, 0.0 ], [ -116.619996599867662, 43.539284406540339, 0.0 ], [ -116.619943701721638, 43.539246721461843, 0.0 ], [ -116.619882854820119, 43.539216421101187, 0.0 ], [ -116.619824189354901, 43.539197823651513, 0.0 ], [ -116.619757532979037, 43.539183681341186, 0.0 ], [ -116.61967692995151, 43.539179900131572, 0.0 ], [ -116.619550079567929, 43.539180864999942, 0.0 ], [ -116.61933872538124, 43.539186866698728, 0.0 ], [ -116.617909120149065, 43.539196263907556, 0.0 ], [ -116.617822560020556, 43.539198385483267, 0.0 ], [ -116.617738077062768, 43.539204886505658, 0.0 ], [ -116.617661690216551, 43.53921425590751, 0.0 ], [ -116.61758337445076, 43.539229499666369, 0.0 ], [ -116.617495158374595, 43.539256537134222, 0.0 ], [ -116.616298591499444, 43.53964941975098, 0.0 ], [ -116.616232502882525, 43.539674824081253, 0.0 ], [ -116.616156408773477, 43.539704699453949, 0.0 ], [ -116.616094492666434, 43.539740326240093, 0.0 ], [ -116.616044720690482, 43.539780256277247, 0.0 ], [ -116.616010973189631, 43.539814205140885, 0.0 ], [ -116.615981399508541, 43.539858376526638, 0.0 ], [ -116.615940503830473, 43.539942641215859, 0.0 ], [ -116.615296923936143, 43.541280138034111, 0.0 ], [ -116.615265439552459, 43.541331647946336, 0.0 ], [ -116.615221811907219, 43.541378856273774, 0.0 ], [ -116.615177994423277, 43.541412881092072, 0.0 ], [ -116.615132059164935, 43.541439596758615, 0.0 ], [ -116.615081929105145, 43.5414546255112, 0.0 ], [ -116.615021584995119, 43.541459476479339, 0.0 ], [ -116.614965163381797, 43.541456973478866, 0.0 ], [ -116.614916690259193, 43.541447086057936, 0.0 ], [ -116.614866121643004, 43.541431354700187, 0.0 ], [ -116.614819390569181, 43.541402409362355, 0.0 ], [ -116.614693177941319, 43.541301584973603, 0.0 ], [ -116.613604460020511, 43.540230866814191, 0.0 ], [ -116.613567757118986, 43.540198916221527, 0.0 ], [ -116.613508779000227, 43.540158344208237, 0.0 ], [ -116.613462174990019, 43.540138187002803, 0.0 ], [ -116.613405587433135, 43.540123964944712, 0.0 ], [ -116.613359171612018, 43.540116991207896, 0.0 ], [ -116.613298806550134, 43.540120376932506, 0.0 ], [ -116.613238505410521, 43.54012815651987, 0.0 ], [ -116.613146070838738, 43.540142038450107, 0.0 ], [ -116.612367199516854, 43.540314917743544, 0.0 ], [ -116.611863512658246, 43.540438839406704, 0.0 ], [ -116.611598663325594, 43.540506756741586, 0.0 ], [ -116.610611665724292, 43.540772016997948, 0.0 ], [ -116.609955418636972, 43.540930771786684, 0.0 ], [ -116.609881145389139, 43.540947444352391, 0.0 ], [ -116.609808803054634, 43.54095824347911, 0.0 ], [ -116.609740404603613, 43.540963152232784, 0.0 ], [ -116.609669825432292, 43.540956358704946, 0.0 ], [ -116.609611286189477, 43.540946543822727, 0.0 ], [ -116.609550588335409, 43.540926491893678, 0.0 ], [ -116.609493855267189, 43.54090201484869, 0.0 ], [ -116.609447085525389, 43.540870137715501, 0.0 ], [ -116.608345633535777, 43.540024363199116, 0.0 ], [ -116.607640998551631, 43.539468586793241, 0.0 ], [ -116.607578061511433, 43.53943243578734, 0.0 ], [ -116.607513233711927, 43.539405088584566, 0.0 ], [ -116.607454613283181, 43.539389414331815, 0.0 ], [ -116.607394125258963, 43.539384008204067, 0.0 ], [ -116.607341857458195, 43.539390259943119, 0.0 ], [ -116.607269703274596, 43.539414239188204, 0.0 ], [ -116.605826558117428, 43.540032993976098, 0.0 ], [ -116.605706306148761, 43.540073447089462, 0.0 ], [ -116.605644051986374, 43.540085632566992, 0.0 ], [ -116.605587714827763, 43.540088984074295, 0.0 ], [ -116.605529280626726, 43.540086491475904, 0.0 ], [ -116.605464723507737, 43.540078184892614, 0.0 ], [ -116.605373844487943, 43.540059821062549, 0.0 ], [ -116.605266671883527, 43.54002839411752, 0.0 ], [ -116.60511486978271, 43.539973862705658, 0.0 ], [ -116.605007407672275, 43.539921929385152, 0.0 ], [ -116.6048915189604, 43.539843690005576, 0.0 ], [ -116.604553197658831, 43.539557629659392, 0.0 ], [ -116.6042695741627, 43.539294598685075, 0.0 ], [ -116.604240889511445, 43.539259655288667, 0.0 ], [ -116.604210066642878, 43.539215937303531, 0.0 ], [ -116.604183186947097, 43.539166330977579, 0.0 ], [ -116.604158115895189, 43.539102061703424, 0.0 ], [ -116.604018132341338, 43.538600639674719, 0.0 ], [ -116.603681062832209, 43.537403386154921, 0.0 ], [ -116.603261950354366, 43.535956241506582, 0.0 ], [ -116.603234392572816, 43.535858297296237, 0.0 ], [ -116.603217355761117, 43.535792503323606, 0.0 ], [ -116.603210200823952, 43.535713450657731, 0.0 ], [ -116.603203365168284, 43.535514272917297, 0.0 ], [ -116.603151510580531, 43.533264538168751, 0.0 ], [ -116.603146534000388, 43.533197188763872, 0.0 ], [ -116.603135518045974, 43.533129884424703, 0.0 ], [ -116.60311644878611, 43.533062640177334, 0.0 ], [ -116.603087147121585, 43.53298375362214, 0.0 ], [ -116.602738871644689, 43.532130835898336, 0.0 ], [ -116.602705442379204, 43.532044654844626, 0.0 ], [ -116.602672404087414, 43.531986304363208, 0.0 ], [ -116.602641462322438, 43.531933798015054, 0.0 ], [ -116.602598482121266, 43.53188431132363, 0.0 ], [ -116.602089102764651, 43.531457421370675, 0.0 ], [ -116.601092634391293, 43.530612258281892, 0.0 ], [ -116.600083991107624, 43.52975838721477, 0.0 ], [ -116.599949927692123, 43.529674418020463, 0.0 ], [ -116.599751050900508, 43.529563096897405, 0.0 ], [ -116.599594883525313, 43.529482222358908, 0.0 ], [ -116.599523723799223, 43.5294329429884, 0.0 ], [ -116.599464683355393, 43.529386504318857, 0.0 ], [ -116.599407595166966, 43.529335656727945, 0.0 ], [ -116.599350341380429, 43.529273089874508, 0.0 ], [ -116.599307242447651, 43.529214813128434, 0.0 ], [ -116.599272299179702, 43.529163800060573, 0.0 ], [ -116.598725888214389, 43.528246420812437, 0.0 ], [ -116.598094492849839, 43.527153877517584, 0.0 ], [ -116.597859491994768, 43.526740988106624, 0.0 ], [ -116.597801471917862, 43.526644792225675, 0.0 ], [ -116.597780745747812, 43.526602462927919, 0.0 ], [ -116.597761869223476, 43.526548400341603, 0.0 ], [ -116.597706615221426, 43.52634079127909, 0.0 ], [ -116.59759298145255, 43.525270773729055, 0.0 ], [ -116.597491508255104, 43.52435008759258, 0.0 ], [ -116.597419139082291, 43.523638670663992, 0.0 ], [ -116.597406261279744, 43.523581633633874, 0.0 ], [ -116.597389418983454, 43.523529021276431, 0.0 ], [ -116.597364710410147, 43.523489651289808, 0.0 ], [ -116.597334003207749, 43.523453255649009, 0.0 ], [ -116.597293209853589, 43.523415470250562, 0.0 ], [ -116.597246542118626, 43.523389447045169, 0.0 ], [ -116.597135008296689, 43.523331676531178, 0.0 ], [ -116.596124673955842, 43.522920189587907, 0.0 ], [ -116.596057776004514, 43.522886991323929, 0.0 ], [ -116.595980729408211, 43.522848008326399, 0.0 ], [ -116.595927881030292, 43.52281177613223, 0.0 ], [ -116.595876963224086, 43.522769669841409, 0.0 ], [ -116.595840218921154, 43.522733318459053, 0.0 ], [ -116.595813476376975, 43.522692498681202, 0.0 ], [ -116.595782484022138, 43.522635596366491, 0.0 ], [ -116.595759596044289, 43.522577158792615, 0.0 ], [ -116.595661566174954, 43.522194083043601, 0.0 ], [ -116.595644705328738, 43.522140005154796, 0.0 ], [ -116.595628069583597, 43.522102040468795, 0.0 ], [ -116.59560342411973, 43.522067064015594, 0.0 ], [ -116.595576806026997, 43.522035032940963, 0.0 ], [ -116.595550207177851, 43.522004466214902, 0.0 ], [ -116.595517571307113, 43.521973944128455, 0.0 ], [ -116.59544445112175, 43.52192760743808, 0.0 ], [ -116.594882595034008, 43.521625590853809, 0.0 ], [ -116.593942992649147, 43.521086112664356, 0.0 ], [ -116.593890269536118, 43.521058668276048, 0.0 ], [ -116.593833621446095, 43.521038578020253, 0.0 ], [ -116.593783136537212, 43.521027231036882, 0.0 ], [ -116.593726713042216, 43.521023252144268, 0.0 ], [ -116.593668379302642, 43.521026612508074, 0.0 ], [ -116.593616207452925, 43.52103871706138, 0.0 ], [ -116.59353611975655, 43.521070071426529, 0.0 ], [ -116.592891598590953, 43.521480609517539, 0.0 ], [ -116.592825620388481, 43.521513324759688, 0.0 ], [ -116.592763506123759, 43.521534291001316, 0.0 ], [ -116.592699356621921, 43.521553807712813, 0.0 ], [ -116.592641145869607, 43.521565956331237, 0.0 ], [ -116.592562783913607, 43.521576788928407, 0.0 ], [ -116.59248639472338, 43.521584676139753, 0.0 ], [ -116.592405898070439, 43.521586733774278, 0.0 ], [ -116.5920798243897, 43.521590601255781, 0.0 ], [ -116.591826175129754, 43.521591003770652, 0.0 ], [ -116.591425602190256, 43.521593952505611, 0.0 ], [ -116.590915744253991, 43.521604547312116, 0.0 ], [ -116.589529808719504, 43.52163572251029, 0.0 ], [ -116.588397457894018, 43.521667004605042, 0.0 ], [ -116.588216542640808, 43.521669239345478, 0.0 ] ] } },
{ "type": "Feature", "properties": { "OBJECTID": 374, "UNIQID": "BPP378", "OWNER": "Private", "MANAGER": "Nampa", "STATUS": "Active", "INSTALLED": null, "FTR_FUNCTN": "Pathway", "FTR_TYP": "Pathway", "OVPATHNAME": "Wilson Creek Pathway", "SGPATHLMT": "12th Ave Rd to Iowa Ave", "SRFMATRL": "Dirt" }, "geometry": { "type": "LineString", "coordinates": [ [ -116.576199027272935, 43.550713172585489, 0.0 ], [ -116.576227970373452, 43.550737648228989, 0.0 ], [ -116.576435979417951, 43.550920642658333, 0.0 ], [ -116.57649683167341, 43.55098085444002, 0.0 ], [ -116.576642440602853, 43.551149474650394, 0.0 ], [ -116.57666726805013, 43.551188173883659, 0.0 ], [ -116.576695154663923, 43.551237455268335, 0.0 ] ] } },
{ "type": "Feature", "properties": { "OBJECTID": 375, "UNIQID": "BPP192", "OWNER": "Federal", "MANAGER": "Federal", "STATUS": "Active", "INSTALLED": null, "FTR_FUNCTN": "Pathway", "FTR_TYP": "Trail", "OVPATHNAME": "Gotts Point Trail", "SGPATHLMT": null, "SRFMATRL": "Dirt" }, "geometry": { "type": "LineString", "coordinates": [ [ -116.633377755554363, 43.54609886385154, 0.0 ], [ -116.633466043441658, 43.546086633128105, 0.0 ], [ -116.633514795702439, 43.546061964019103, 0.0 ], [ -116.633543674573062, 43.546021730634173, 0.0 ], [ -116.63378794150195, 43.545395396252012, 0.0 ], [ -116.633935035633826, 43.544975580341486, 0.0 ], [ -116.634082230930915, 43.544562907661884, 0.0 ], [ -116.634101225660075, 43.544518463301522, 0.0 ], [ -116.634114473311399, 43.544484066385237, 0.0 ], [ -116.634131692356902, 43.544452496627294, 0.0 ], [ -116.6341587109019, 43.5444194225948, 0.0 ], [ -116.634187715114678, 43.544387761684995, 0.0 ], [ -116.634224595739227, 43.544357468336088, 0.0 ], [ -116.634281036014315, 43.544321307943186, 0.0 ], [ -116.634331791892819, 43.544299481754955, 0.0 ], [ -116.634396254709429, 43.544274690739037, 0.0 ], [ -116.634501842127193, 43.544241008809443, 0.0 ], [ -116.634928532024787, 43.544134822545466, 0.0 ], [ -116.635016628673185, 43.544114135500713, 0.0 ], [ -116.63507732987334, 43.544100805610064, 0.0 ], [ -116.635130238229706, 43.544091822379698, 0.0 ], [ -116.635181223574293, 43.544085711886623, 0.0 ], [ -116.635236158191518, 43.544080999277533, 0.0 ], [ -116.635289171059895, 43.544079160295937, 0.0 ], [ -116.635348117686647, 43.544080132311009, 0.0 ], [ -116.63539726366092, 43.544082609583526, 0.0 ], [ -116.63595986043876, 43.544135409523754, 0.0 ], [ -116.636117269122181, 43.544152765311566, 0.0 ], [ -116.636253007120814, 43.544166002516526, 0.0 ], [ -116.636449720776, 43.544184482534497, 0.0 ], [ -116.636581509590869, 43.544196321483703, 0.0 ], [ -116.636709350354081, 43.544206761515667, 0.0 ], [ -116.636803778282953, 43.544216031199809, 0.0 ], [ -116.636858859512529, 43.544221319677447, 0.0 ], [ -116.636913961705901, 43.544228037352184, 0.0 ], [ -116.636965220542109, 43.544240499662791, 0.0 ], [ -116.637010710671561, 43.544261581225101, 0.0 ], [ -116.637044437835684, 43.544284182523697, 0.0 ], [ -116.637068364365334, 43.544308288343046, 0.0 ], [ -116.6370904308652, 43.544339553720924, 0.0 ], [ -116.63710476755702, 43.544379453590778, 0.0 ], [ -116.637111204308681, 43.544416555985883, 0.0 ], [ -116.637113986282728, 43.544472262459905, 0.0 ], [ -116.637109304108421, 43.544956709482143, 0.0 ], [ -116.6371157618768, 43.544995240196158, 0.0 ], [ -116.63712412165242, 43.545029470692818, 0.0 ], [ -116.637138332800745, 43.545060797011544, 0.0 ], [ -116.637162280640837, 43.54508633202844, 0.0 ], [ -116.637194001573405, 43.545106090975473, 0.0 ], [ -116.637221626432023, 43.545114450213092, 0.0 ], [ -116.637247202629908, 43.545117109599033, 0.0 ], [ -116.637270773311002, 43.545116926671845, 0.0 ], [ -116.637298168880804, 43.545109568924303, 0.0 ], [ -116.637335278916183, 43.545094991542193, 0.0 ], [ -116.637372201542647, 43.545067555628535, 0.0 ], [ -116.637564122229989, 43.544893164110505, 0.0 ], [ -116.637688114002827, 43.544775027780496, 0.0 ], [ -116.637827629012037, 43.544643911690478, 0.0 ], [ -116.637926420047492, 43.544548833776069, 0.0 ], [ -116.638027111452743, 43.544449455555586, 0.0 ], [ -116.638062047571566, 43.544420605460644, 0.0 ], [ -116.638095081760426, 43.544396056487749, 0.0 ], [ -116.63813210849446, 43.544375763748086, 0.0 ], [ -116.638171119767492, 43.544356884965239, 0.0 ], [ -116.638210172960186, 43.544340862815581, 0.0 ], [ -116.638272754537752, 43.544321799975251, 0.0 ], [ -116.638380387328311, 43.544293814317911, 0.0 ], [ -116.639142235283728, 43.544136424532688, 0.0 ], [ -116.639622117776781, 43.544041238538888, 0.0 ], [ -116.639761197413762, 43.544014435360673, 0.0 ], [ -116.639812140159165, 43.544005465261442, 0.0 ], [ -116.639855289204988, 43.544000843060694, 0.0 ], [ -116.639900422822635, 43.543997633882178, 0.0 ], [ -116.639947626330027, 43.544001552804296, 0.0 ], [ -116.639990985566683, 43.544011218278378, 0.0 ], [ -116.640028473891306, 43.54402235792741, 0.0 ], [ -116.640060132110477, 43.544037829311868, 0.0 ], [ -116.640089889852192, 43.544057602742484, 0.0 ], [ -116.640119751500606, 43.544084520487331, 0.0 ], [ -116.640141778673538, 43.544112927709847, 0.0 ], [ -116.64041844429633, 43.544625191162062, 0.0 ], [ -116.640531426621948, 43.544827220968884, 0.0 ], [ -116.640559809044078, 43.544887015194981, 0.0 ], [ -116.640588233593732, 43.544949666957137, 0.0 ], [ -116.640604599422872, 43.544993836032674, 0.0 ], [ -116.640623097179414, 43.545049420885114, 0.0 ], [ -116.640645650871122, 43.545113547752258, 0.0 ], [ -116.640678824539805, 43.545231891442349, 0.0 ], [ -116.640770552499433, 43.54559126861696, 0.0 ], [ -116.64081629066628, 43.545762385433797, 0.0 ], [ -116.640837048298351, 43.545837956835641, 0.0 ], [ -116.640861671371042, 43.545909212654976, 0.0 ], [ -116.640888133099239, 43.54597187962581, 0.0 ], [ -116.640912566875414, 43.546030275136005, 0.0 ], [ -116.64094073981228, 43.546075781529886, 0.0 ], [ -116.640974952259072, 43.546131243848606, 0.0 ], [ -116.641011130881395, 43.546186690832918, 0.0 ], [ -116.641069293395475, 43.546267686403304, 0.0 ], [ -116.641155399026601, 43.546378473130808, 0.0 ], [ -116.641249529204501, 43.546500627818823, 0.0 ], [ -116.641297576873882, 43.546561697022284, 0.0 ], [ -116.641317745904885, 43.54659726361907, 0.0 ], [ -116.641331717942094, 43.546625542574127, 0.0 ], [ -116.641340229268224, 43.546647625391891, 0.0 ], [ -116.641345093077533, 43.546666639344892, 0.0 ] ] } },
{ "type": "Feature", "properties": { "OBJECTID": 376, "UNIQID": "BPP379", "OWNER": "Nampa", "MANAGER": "Nampa", "STATUS": "Active", "INSTALLED": null, "FTR_FUNCTN": "Pathway", "FTR_TYP": "Connector", "OVPATHNAME": "Wilson Creek Pathway", "SGPATHLMT": "Powerline to Stoddard Path", "SRFMATRL": "Concrete" }, "geometry": { "type": "LineString", "coordinates": [ [ -116.540583925696765, 43.537059051419568, 0.0 ], [ -116.540566833112379, 43.537091665730308, 0.0 ], [ -116.540974274193218, 43.537232098949495, 0.0 ], [ -116.54096914817066, 43.537253210712564, 0.0 ], [ -116.540966875728913, 43.537267159384605, 0.0 ], [ -116.540968512626037, 43.537279650720549, 0.0 ], [ -116.540998765240232, 43.537377681365463, 0.0 ] ] } },
{ "type": "Feature", "properties": { "OBJECTID": 377, "UNIQID": "BPP380", "OWNER": "Nampa", "MANAGER": "Nampa", "STATUS": "Active", "INSTALLED": "2014-09-30T07:00:00Z", "FTR_FUNCTN": "Pathway", "FTR_TYP": "Pathway", "OVPATHNAME": "Wilson Creek Pathway", "SGPATHLMT": "Stoddard Pathway to Powerline Rd", "SRFMATRL": "Asphalt" }, "geometry": { "type": "LineString", "coordinates": [ [ -116.538863268863622, 43.535882525832342, 0.0 ], [ -116.538884483838416, 43.535881932089467, 0.0 ], [ -116.538933325946502, 43.535880322294538, 0.0 ], [ -116.538963378509877, 43.535875351478332, 0.0 ], [ -116.538983585754693, 43.535868543943323, 0.0 ], [ -116.539003749514762, 43.535858401761011, 0.0 ], [ -116.539036247222313, 43.535840077876493, 0.0 ], [ -116.539057670185983, 43.535826116787227, 0.0 ], [ -116.539074605149665, 43.535819331820058, 0.0 ], [ -116.53909221815816, 43.535814446824048, 0.0 ], [ -116.539115736123847, 43.535810474295644, 0.0 ], [ -116.539148457373827, 43.535809296118373, 0.0 ], [ -116.53917794115155, 43.535810997259169, 0.0 ], [ -116.539204177539489, 43.535814627262525, 0.0 ], [ -116.539225842708817, 43.535819240242041, 0.0 ], [ -116.539241635228606, 43.535825323148011, 0.0 ], [ -116.539250919289159, 43.535834309762279, 0.0 ], [ -116.539262732467023, 43.535861616156609, 0.0 ], [ -116.539274714616084, 43.535901781394436, 0.0 ], [ -116.539289594613649, 43.535938354949799, 0.0 ], [ -116.539313580978757, 43.535981291589415, 0.0 ], [ -116.539403586341976, 43.536131388922946, 0.0 ], [ -116.539463837793818, 43.536221035273037, 0.0 ], [ -116.539510346817934, 43.536273109180172, 0.0 ], [ -116.539553459344219, 43.536315679656887, 0.0 ], [ -116.539619687321604, 43.536373570730483, 0.0 ], [ -116.539720533587015, 43.536450275480966, 0.0 ], [ -116.539899002521778, 43.536580028898818, 0.0 ], [ -116.540147869539723, 43.536757820073937, 0.0 ], [ -116.540191950287365, 43.536792422055996, 0.0 ], [ -116.540273243149727, 43.536857976655085, 0.0 ], [ -116.540318110054258, 43.536896962136943, 0.0 ], [ -116.540394455270814, 43.536964503209077, 0.0 ], [ -116.54042009563031, 43.536985164615224, 0.0 ], [ -116.540456399004114, 43.537007538130752, 0.0 ], [ -116.540492631183028, 43.537024554615108, 0.0 ], [ -116.540583925696765, 43.537059051419568, 0.0 ], [ -116.540889522915705, 43.537146841757831, 0.0 ], [ -116.541219710450989, 43.537237438697041, 0.0 ], [ -116.541397796424604, 43.537290565227252, 0.0 ], [ -116.541920536821337, 43.53746080005844, 0.0 ], [ -116.542282182716036, 43.537578563951001, 0.0 ], [ -116.542456390072431, 43.537632132460864, 0.0 ], [ -116.542510556497987, 43.537643665581712, 0.0 ], [ -116.542551536237355, 43.537648144041746, 0.0 ], [ -116.542590863602953, 43.537651443984309, 0.0 ], [ -116.542627681022125, 43.537650533453281, 0.0 ], [ -116.542660289910259, 43.537648641254684, 0.0 ], [ -116.542687262393301, 43.537645953715511, 0.0 ] ] } },
{ "type": "Feature", "properties": { "OBJECTID": 378, "UNIQID": "BPP381", "OWNER": "Nampa", "MANAGER": "Nampa", "STATUS": "Active", "INSTALLED": null, "FTR_FUNCTN": "Pathway", "FTR_TYP": "Connector", "OVPATHNAME": "Wilson Creek Pathway", "SGPATHLMT": "Powerline to Stoddard Path", "SRFMATRL": "Concrete" }, "geometry": { "type": "LineString", "coordinates": [ [ -116.539909983557067, 43.536854148377813, 0.0 ], [ -116.540036943297423, 43.536749435132222, 0.0 ], [ -116.540285942474952, 43.536915376813013, 0.0 ], [ -116.540318110054258, 43.536896962136943, 0.0 ] ] } },
{ "type": "Feature", "properties": { "OBJECTID": 381, "UNIQID": "BPP384", "OWNER": "Private", "MANAGER": "Nampa", "STATUS": "Active", "INSTALLED": "2014-09-30T07:00:00Z", "FTR_FUNCTN": "Pathway", "FTR_TYP": "Pathway", "OVPATHNAME": "Wilson Creek Pathway", "SGPATHLMT": "Stoddard Pathway to Powerline Rd", "SRFMATRL": "Asphalt" }, "geometry": { "type": "LineString", "coordinates": [ [ -116.542809652968089, 43.537620344583203, 0.0 ], [ -116.54283022053103, 43.537613168423029, 0.0 ], [ -116.542849748472122, 43.537604459364331, 0.0 ], [ -116.542869022828128, 43.537593489160493, 0.0 ], [ -116.542900837251679, 43.537573084244805, 0.0 ], [ -116.542949486020845, 43.537538214659378, 0.0 ], [ -116.542994813089251, 43.537499794618299, 0.0 ], [ -116.543030290643557, 43.537459062063327, 0.0 ], [ -116.543067122787932, 43.537396885554955, 0.0 ], [ -116.543102193223817, 43.537325195290265, 0.0 ], [ -116.543177866450137, 43.537104375065056, 0.0 ], [ -116.543217534738716, 43.537008836599618, 0.0 ], [ -116.543249630787798, 43.536952468954276, 0.0 ], [ -116.543281407944576, 43.53691057023395, 0.0 ], [ -116.54331050569543, 43.536882683355572, 0.0 ], [ -116.543326680949789, 43.536867983779224, 0.0 ], [ -116.543344535898314, 43.536856547180008, 0.0 ], [ -116.54337219585706, 43.536843851679691, 0.0 ], [ -116.543402333768015, 43.536832925714016, 0.0 ], [ -116.543433305048723, 43.536823184815113, 0.0 ], [ -116.543463481968189, 43.536815235258061, 0.0 ], [ -116.543497759226142, 43.53680785221394, 0.0 ], [ -116.543533687636298, 43.536801649457594, 0.0 ], [ -116.543573715148156, 43.53679601321673, 0.0 ], [ -116.543617040849725, 43.536792139904755, 0.0 ], [ -116.543661215548397, 43.536790642399168, 0.0 ], [ -116.543704579044729, 43.536789745487177, 0.0 ], [ -116.543747163828897, 43.53679183156067, 0.0 ], [ -116.543786498512716, 43.536795726921099, 0.0 ], [ -116.543823417700651, 43.536802614834926, 0.0 ], [ -116.543861185907829, 43.53681187855797, 0.0 ], [ -116.543900364364191, 43.536824705950536, 0.0 ], [ -116.543936559557494, 43.536838744004413, 0.0 ], [ -116.543972800391813, 43.536856353404325, 0.0 ], [ -116.54400742011191, 43.536875165809519, 0.0 ], [ -116.544037146398395, 43.536895203048225, 0.0 ], [ -116.544091648399089, 43.536932334291755, 0.0 ], [ -116.544171013393168, 43.536993108167863, 0.0 ], [ -116.544211534496114, 43.537024978057161, 0.0 ], [ -116.544235515957212, 43.53704386429299, 0.0 ], [ -116.544269466566817, 43.537073993068638, 0.0 ], [ -116.544303440662787, 43.53710590840808, 0.0 ], [ -116.544346533683097, 43.537146690466237, 0.0 ], [ -116.544446802670933, 43.537241257013932, 0.0 ], [ -116.544547828439889, 43.537331054780175, 0.0 ], [ -116.54462650174267, 43.537401360006804, 0.0 ], [ -116.544655440745473, 43.537423783370485, 0.0 ], [ -116.544679383401089, 43.537439692186112, 0.0 ], [ -116.544703311679214, 43.537454411138683, 0.0 ], [ -116.544728033041764, 43.537467337836098, 0.0 ], [ -116.544749411701304, 43.537474929353493, 0.0 ], [ -116.544768320161936, 43.537481347180638, 0.0 ], [ -116.544792145580956, 43.537488326702146, 0.0 ], [ -116.544820063583643, 43.537495276866871, 0.0 ], [ -116.544842213114578, 43.537499290433551, 0.0 ], [ -116.54486597721673, 43.537501506933722, 0.0 ], [ -116.544890543453533, 43.537502526993912, 0.0 ], [ -116.544917509509844, 43.537499362810053, 0.0 ], [ -116.54494444427543, 43.537493817121273, 0.0 ], [ -116.544971371207893, 43.53748767560154, 0.0 ], [ -116.544998235566879, 43.537476771978433, 0.0 ], [ -116.545024274312169, 43.537465278211073, 0.0 ], [ -116.545047016009846, 43.537452021528523, 0.0 ], [ -116.545068891746538, 43.537435198289295, 0.0 ], [ -116.54508424503841, 43.537420207142539, 0.0 ], [ -116.545098523949477, 43.537404337747866, 0.0 ] ] } },
{ "type": "Feature", "properties": { "OBJECTID": 384, "UNIQID": "BPP387", "OWNER": "Nampa", "MANAGER": "Nampa", "STATUS": "Active", "INSTALLED": "2014-09-30T07:00:00Z", "FTR_FUNCTN": "Pathway", "FTR_TYP": "Pathway", "OVPATHNAME": "Wilson Creek Pathway", "SGPATHLMT": "Stoddard Pathway to Powerline Rd", "SRFMATRL": "Asphalt" }, "geometry": { "type": "LineString", "coordinates": [ [ -116.545098523949477, 43.537404337747866, 0.0 ], [ -116.545113482090272, 43.537384228565422, 0.0 ], [ -116.54512364694709, 43.537366943087299, 0.0 ], [ -116.545130794045249, 43.537350222268174, 0.0 ], [ -116.545136240527953, 43.537328749843653, 0.0 ], [ -116.545138421269797, 43.537307896010574, 0.0 ], [ -116.545138131807036, 43.537285868499154, 0.0 ], [ -116.545128924290793, 43.537207936280062, 0.0 ], [ -116.545123630608657, 43.537178798422389, 0.0 ], [ -116.545116739276324, 43.537152649270801, 0.0 ], [ -116.545103814748629, 43.537103321693287, 0.0 ], [ -116.545064184406172, 43.536952367312054, 0.0 ], [ -116.54506151866218, 43.536936310614934, 0.0 ], [ -116.545059678504558, 43.536920843155507, 0.0 ], [ -116.545059490766334, 43.536906555063069, 0.0 ], [ -116.545061718459166, 43.536889273477982, 0.0 ], [ -116.545066222004408, 43.536858281647071, 0.0 ], [ -116.545073234837645, 43.536831439919254, 0.0 ], [ -116.545081939202291, 43.536808754881214, 0.0 ], [ -116.545091486015679, 43.536787848920802, 0.0 ], [ -116.545105887146121, 43.536762742546628, 0.0 ], [ -116.545121115084854, 43.536738225399425, 0.0 ], [ -116.54514118949875, 43.536708912010987, 0.0 ], [ -116.545162909714819, 43.536680182151393, 0.0 ], [ -116.545187902204546, 43.536651429528128, 0.0 ], [ -116.545212933786431, 43.536625653322872, 0.0 ], [ -116.545237973177592, 43.536600472936897, 0.0 ], [ -116.545275185925703, 43.536567466839429, 0.0 ], [ -116.545301925868415, 43.536547038043182, 0.0 ], [ -116.545327059083704, 43.536529001234143, 0.0 ], [ -116.545353042586271, 43.53651334022085, 0.0 ], [ -116.5453831486642, 43.536500032237683, 0.0 ], [ -116.545413301674699, 43.536490295594689, 0.0 ], [ -116.545444335061774, 43.536485317151651, 0.0 ], [ -116.545477847666575, 43.536482106387609, 0.0 ], [ -116.545516284979414, 43.536480053105535, 0.0 ], [ -116.545555573836324, 43.536480375601634, 0.0 ], [ -116.545663655245974, 43.536484386003508, 0.0 ], [ -116.545743104279353, 43.536489191470146, 0.0 ], [ -116.545825841270357, 43.536495164852923, 0.0 ], [ -116.545896296597817, 43.536500628695443, 0.0 ], [ -116.545970063375904, 43.536509046135528, 0.0 ], [ -116.546044975457505, 43.536517336737766, 0.0 ], [ -116.546093520386222, 43.536524619134369, 0.0 ], [ -116.546138149885522, 43.536532882002369, 0.0 ], [ -116.546193342170596, 43.536547740279914, 0.0 ], [ -116.546247225555234, 43.536562606746507, 0.0 ], [ -116.546310323999691, 43.536581220110897, 0.0 ], [ -116.546411606543771, 43.536615761509871, 0.0 ], [ -116.546808843032281, 43.536751125140803, 0.0 ], [ -116.546849596206386, 43.53676322495231, 0.0 ], [ -116.546886382529209, 43.53677249451907, 0.0 ], [ -116.546946763176521, 43.536783505162191, 0.0 ], [ -116.547003139332062, 43.536788827930096, 0.0 ], [ -116.547060788012431, 43.536791283919008, 0.0 ], [ -116.54711186453379, 43.536791881047662, 0.0 ], [ -116.547175996308653, 43.536789528345025, 0.0 ], [ -116.547241375492092, 43.53678240437538, 0.0 ], [ -116.547326319319197, 43.536769427267892, 0.0 ], [ -116.547406062627942, 43.53675934514888, 0.0 ], [ -116.54745836139702, 43.536753264612216, 0.0 ], [ -116.547523765607039, 43.536748044959502, 0.0 ], [ -116.547637689998538, 43.53674820342944, 0.0 ], [ -116.547687495226171, 43.536751666149762, 0.0 ], [ -116.547746515607372, 43.536758875655075, 0.0 ], [ -116.54781078547164, 43.536767000824597, 0.0 ], [ -116.547877661860653, 43.536774154541014, 0.0 ], [ -116.547960300502268, 43.536785009312936, 0.0 ], [ -116.548036380777503, 43.536794957477269, 0.0 ], [ -116.548136103208833, 43.536810456305716, 0.0 ], [ -116.548220089798036, 43.536824159359121, 0.0 ], [ -116.548280519754513, 43.536838979159143, 0.0 ], [ -116.548314688506068, 43.536848267442693, 0.0 ], [ -116.548343619097452, 43.53685759139335, 0.0 ], [ -116.54836999469893, 43.536871696610881, 0.0 ], [ -116.548390515588906, 43.536884870578355, 0.0 ], [ -116.548409069777549, 43.536901650653441, 0.0 ], [ -116.548422970940209, 43.53691705273291, 0.0 ] ] } },
{ "type": "Feature", "properties": { "OBJECTID": 388, "UNIQID": "BPP391", "OWNER": "Private", "MANAGER": "Nampa", "STATUS": "Active", "INSTALLED": "2014-09-30T07:00:00Z", "FTR_FUNCTN": "Pathway", "FTR_TYP": "Pathway", "OVPATHNAME": "Wilson Creek Pathway", "SGPATHLMT": "Stoddard Pathway to Powerline Rd", "SRFMATRL": "Asphalt" }, "geometry": { "type": "LineString", "coordinates": [ [ -116.548422970940209, 43.53691705273291, 0.0 ], [ -116.548448238779017, 43.536946408292195, 0.0 ], [ -116.548875224844252, 43.537549296833738, 0.0 ], [ -116.548913888078658, 43.537601420818156, 0.0 ], [ -116.54893795946515, 43.537639358263263, 0.0 ], [ -116.548955395663839, 43.537670673086723, 0.0 ], [ -116.548975476156031, 43.537703874980764, 0.0 ], [ -116.548990244193021, 43.537731397339172, 0.0 ], [ -116.549002456033122, 43.537763701891755, 0.0 ], [ -116.549164094405612, 43.538203638727644, 0.0 ], [ -116.549178875242603, 43.538232114196013, 0.0 ], [ -116.549193642278865, 43.538259637432596, 0.0 ], [ -116.54921626675079, 43.538287105739975, 0.0 ], [ -116.549234887643976, 43.538308885372821, 0.0 ], [ -116.549257447999153, 43.538331590688749, 0.0 ], [ -116.549286632347062, 43.538359965448606, 0.0 ], [ -116.549401805655691, 43.538454423423921, 0.0 ], [ -116.549507663097501, 43.538537514013449, 0.0 ], [ -116.549626563791918, 43.538616703973887, 0.0 ], [ -116.549658164937355, 43.538629819114774, 0.0 ], [ -116.549694965413821, 43.538640040900802, 0.0 ], [ -116.549735644886312, 43.538646424436429, 0.0 ], [ -116.549777595565814, 43.538649942086501, 0.0 ], [ -116.549921737392239, 43.538657387583328, 0.0 ], [ -116.550225112568327, 43.538680688430048, 0.0 ], [ -116.550341429500421, 43.53868820933409, 0.0 ], [ -116.550486405935914, 43.53869672121828, 0.0 ], [ -116.550673943852743, 43.538705528936134, 0.0 ], [ -116.55088936167958, 43.538718309498954, 0.0 ], [ -116.551119557028215, 43.538734558681412, 0.0 ], [ -116.551233419562635, 43.538742096776033, 0.0 ], [ -116.551371847707316, 43.538750652528108, 0.0 ], [ -116.55151514815752, 43.538756197260575, 0.0 ], [ -116.551768147595993, 43.538763949259682, 0.0 ], [ -116.551811551795993, 43.538766026580518, 0.0 ], [ -116.551844326407291, 43.538768773414752, 0.0 ], [ -116.551877123461722, 43.53877330681874, 0.0 ], [ -116.551906656002004, 43.538778458089588, 0.0 ], [ -116.551950964805698, 43.538787078279753, 0.0 ], [ -116.552014994391413, 43.53880151440174, 0.0 ], [ -116.552064270168472, 43.538814267256342, 0.0 ], [ -116.552107840143833, 43.53882884595707, 0.0 ], [ -116.552149798240649, 43.538845222686902, 0.0 ], [ -116.552186844654912, 43.538861633864187, 0.0 ], [ -116.552223090321348, 43.538879241505775, 0.0 ], [ -116.552295610809594, 43.538916837364823, 0.0 ], [ -116.552556345041154, 43.539075763258118, 0.0 ] ] } },
{ "type": "Feature", "properties": { "OBJECTID": 392, "UNIQID": "BPP395", "OWNER": "State", "MANAGER": "State", "STATUS": "Active", "INSTALLED": null, "FTR_FUNCTN": "Pathway", "FTR_TYP": "Pathway", "OVPATHNAME": "Wilson Creek Pathway", "SGPATHLMT": "Powerline Rd to Sunny Ridge Rd", "SRFMATRL": "Asphalt" }, "geometry": { "type": "LineString", "coordinates": [ [ -116.555687510104406, 43.538885443371719, 0.0 ], [ -116.555814435312328, 43.538940877398908, 0.0 ], [ -116.555867819542271, 43.538962056274649, 0.0 ], [ -116.555916167819817, 43.538978862741196, 0.0 ], [ -116.555963470619901, 43.538992978000245, 0.0 ], [ -116.556005578424944, 43.539003044223392, 0.0 ], [ -116.556048189102185, 43.539010083385548, 0.0 ], [ -116.55610005311722, 43.539016426305871, 0.0 ], [ -116.556158329115704, 43.539020738327686, 0.0 ], [ -116.556211378566587, 43.539021792740066, 0.0 ], [ -116.556266343876473, 43.539019261944226, 0.0 ], [ -116.556338918506512, 43.539011604966142, 0.0 ], [ -116.556411427718359, 43.538998948241755, 0.0 ], [ -116.556494615140807, 43.538976926916725, 0.0 ], [ -116.556593362636477, 43.538943364242485, 0.0 ], [ -116.556735958840761, 43.538883772078393, 0.0 ], [ -116.556868771939889, 43.538827105758372, 0.0 ], [ -116.55698217289806, 43.538787724474368, 0.0 ] ] } },
{ "type": "Feature", "properties": { "OBJECTID": 393, "UNIQID": "BPP396", "OWNER": "Private", "MANAGER": "Private", "STATUS": "Active", "INSTALLED": null, "FTR_FUNCTN": "Multiuse", "FTR_TYP": "Pathway", "OVPATHNAME": "Wilson Creek Pathway", "SGPATHLMT": "Powerline Rd to Sunny Ridge Rd", "SRFMATRL": "Asphalt" }, "geometry": { "type": "LineString", "coordinates": [ [ -116.555523104577944, 43.539021859138543, 0.0 ], [ -116.555471839110737, 43.53900721624175, 0.0 ], [ -116.555426571103894, 43.539000390911042, 0.0 ], [ -116.555372634425183, 43.539006486629816, 0.0 ], [ -116.555334487578222, 43.539018186856531, 0.0 ], [ -116.555252662325984, 43.539068776525042, 0.0 ], [ -116.555224240060554, 43.539073263075728, 0.0 ], [ -116.553014242542133, 43.539043374263137, 0.0 ], [ -116.552992090688448, 43.539039362298134, 0.0 ], [ -116.552976447869952, 43.539032327019321, 0.0 ], [ -116.552964045878198, 43.539022888162009, 0.0 ], [ -116.552955703732991, 43.539011039074921, 0.0 ] ] } },
{ "type": "Feature", "properties": { "OBJECTID": 398, "UNIQID": "BPP401", "OWNER": "Nampa", "MANAGER": "Nampa", "STATUS": "Active", "INSTALLED": null, "FTR_FUNCTN": "Pathway", "FTR_TYP": "Trail", "OVPATHNAME": "Lakeview Park Pathway", "SGPATHLMT": "Lakeview Park Only", "SRFMATRL": "Other" }, "geometry": { "type": "LineString", "coordinates": [ [ -116.546991598175381, 43.583765146954214, 0.0 ], [ -116.546902289380569, 43.583803951403397, 0.0 ] ] } },
{ "type": "Feature", "properties": { "OBJECTID": 399, "UNIQID": "BPP402", "OWNER": "Nampa", "MANAGER": "Nampa", "STATUS": "Active", "INSTALLED": null, "FTR_FUNCTN": "Pathway", "FTR_TYP": "Pathway", "OVPATHNAME": "Lakeview Park Pathway", "SGPATHLMT": "Lakeview Park Only", "SRFMATRL": "Concrete" }, "geometry": { "type": "LineString", "coordinates": [ [ -116.547043502341126, 43.583742594621491, 0.0 ], [ -116.546991598175381, 43.583765146954214, 0.0 ] ] } },
{ "type": "Feature", "properties": { "OBJECTID": 400, "UNIQID": "BPP403", "OWNER": "Nampa", "MANAGER": "Nampa", "STATUS": "Active", "INSTALLED": null, "FTR_FUNCTN": "Pathway", "FTR_TYP": "Pathway", "OVPATHNAME": "Osborne Park Pathway", "SGPATHLMT": "Osborne Park Only", "SRFMATRL": "Asphalt" }, "geometry": { "type": "LineString", "coordinates": [ [ -116.520048827086512, 43.538342521619718, 0.0 ], [ -116.519998367478564, 43.538397158652067, 0.0 ], [ -116.51994488475367, 43.538448840133057, 0.0 ], [ -116.519888551740053, 43.538497399055153, 0.0 ], [ -116.519823048771556, 43.538565797359212, 0.0 ], [ -116.519580113964949, 43.538772874364604, 0.0 ], [ -116.519533433318912, 43.538810207791428, 0.0 ], [ -116.519514753594706, 43.538797956876429, 0.0 ] ] } },
{ "type": "Feature", "properties": { "OBJECTID": 401, "UNIQID": "BPP404", "OWNER": "Nampa", "MANAGER": "Nampa", "STATUS": "Active", "INSTALLED": null, "FTR_FUNCTN": "Pathway", "FTR_TYP": "Pathway", "OVPATHNAME": "Osborne Park Pathway", "SGPATHLMT": "Osborne Park Only", "SRFMATRL": "Asphalt" }, "geometry": { "type": "LineString", "coordinates": [ [ -116.520725086487161, 43.538062189721543, 0.0 ], [ -116.520700044909276, 43.538096109417225, 0.0 ], [ -116.520694362656386, 43.538112580305736, 0.0 ], [ -116.520695562147196, 43.538129719499246, 0.0 ], [ -116.520700891174414, 43.538162548744516, 0.0 ], [ -116.520703228941727, 43.538191826478986, 0.0 ], [ -116.520697609150432, 43.538213298911124, 0.0 ], [ -116.520688970769285, 43.538229075031353, 0.0 ], [ -116.520671495060824, 43.538244911622002, 0.0 ], [ -116.520619838452774, 43.538275981800034, 0.0 ], [ -116.520568109017333, 43.538301337585963, 0.0 ], [ -116.520520207577576, 43.538318807705281, 0.0 ], [ -116.520484954550881, 43.538326904231099, 0.0 ], [ -116.520446728444426, 43.538332877596382, 0.0 ], [ -116.520406528551092, 43.538338149554235, 0.0 ], [ -116.520370274971228, 43.538344824297084, 0.0 ], [ -116.520338004074304, 43.538355758563227, 0.0 ], [ -116.520309708006366, 43.538370238614164, 0.0 ], [ -116.520279518764667, 43.538390447172603, 0.0 ], [ -116.520253328407932, 43.538412690055921, 0.0 ] ] } },
{ "type": "Feature", "properties": { "OBJECTID": 402, "UNIQID": "BPP405", "OWNER": "Nampa", "MANAGER": "Nampa", "STATUS": "Active", "INSTALLED": null, "FTR_FUNCTN": "Pathway", "FTR_TYP": "Pathway", "OVPATHNAME": "Osborne Park Pathway", "SGPATHLMT": "Osborne Park Only", "SRFMATRL": "Asphalt" }, "geometry": { "type": "LineString", "coordinates": [ [ -116.520253328407932, 43.538412690055921, 0.0 ], [ -116.52032375278371, 43.538431665359681, 0.0 ], [ -116.520435263807585, 43.538474382546717, 0.0 ], [ -116.520586555397017, 43.538512690958072, 0.0 ], [ -116.520686634186333, 43.538551345302459, 0.0 ], [ -116.520809342190304, 43.538579496519809, 0.0 ], [ -116.520926518612995, 43.53862010475477, 0.0 ], [ -116.521037819399993, 43.538646263270159, 0.0 ], [ -116.521134975208582, 43.538678727008488, 0.0 ], [ -116.521274754715421, 43.538706762579167, 0.0 ], [ -116.521420382621201, 43.538747178367075, 0.0 ], [ -116.521560240369794, 43.538781423884991, 0.0 ], [ -116.521665932194239, 43.538813828664544, 0.0 ], [ -116.521798717014008, 43.538835118501993, 0.0 ] ] } },
{ "type": "Feature", "properties": { "OBJECTID": 403, "UNIQID": "BPP406", "OWNER": "Nampa", "MANAGER": "Nampa", "STATUS": "Active", "INSTALLED": null, "FTR_FUNCTN": "Pathway", "FTR_TYP": "Pathway", "OVPATHNAME": "Osborne Park Pathway", "SGPATHLMT": "Osborne Park Only", "SRFMATRL": "Asphalt" }, "geometry": { "type": "LineString", "coordinates": [ [ -116.520048827086512, 43.538342521619718, 0.0 ], [ -116.520203836932467, 43.53839935425988, 0.0 ], [ -116.520253328407932, 43.538412690055921, 0.0 ] ] } },
{ "type": "Feature", "properties": { "OBJECTID": 404, "UNIQID": "BPP407", "OWNER": "Nampa", "MANAGER": "Nampa", "STATUS": "Active", "INSTALLED": null, "FTR_FUNCTN": "Pathway", "FTR_TYP": "Pathway", "OVPATHNAME": "Elijah Pathway", "SGPATHLMT": "Happy Valley Rd to Greenhusrt Rd", "SRFMATRL": "Asphalt" }, "geometry": { "type": "LineString", "coordinates": [ [ -116.52059184250254, 43.53794503088168, 0.0 ], [ -116.520688593575315, 43.538033739009229, 0.0 ], [ -116.520725430333641, 43.538061888563853, 0.0 ], [ -116.521017618392776, 43.538238305082913, 0.0 ], [ -116.521411514973465, 43.538482833479122, 0.0 ], [ -116.521439510349268, 43.538498107672552, 0.0 ], [ -116.521465619101889, 43.538516420921518, 0.0 ], [ -116.521490793383322, 43.538539313912807, 0.0 ], [ -116.521532283748485, 43.538571042642864, 0.0 ], [ -116.521576634957796, 43.53859863128082, 0.0 ], [ -116.521584302615693, 43.538603192646434, 0.0 ], [ -116.521617369373331, 43.538619262964879, 0.0 ], [ -116.521647272205257, 43.538640651892798, 0.0 ], [ -116.52166381404858, 43.53865670451362, 0.0 ], [ -116.521678039824664, 43.538674841396215, 0.0 ], [ -116.521748009462925, 43.538752590395653, 0.0 ], [ -116.521798717014008, 43.538835118501993, 0.0 ], [ -116.52188077417577, 43.538859603156894, 0.0 ], [ -116.521942068977893, 43.538875992221534, 0.0 ], [ -116.522002733989069, 43.538894577447557, 0.0 ], [ -116.522061004736884, 43.538914455329071, 0.0 ], [ -116.522121036729857, 43.538928121712743, 0.0 ], [ -116.522166498336318, 43.53893839198372, 0.0 ], [ -116.522204359449717, 43.538946945737479, 0.0 ], [ -116.522229060332748, 43.538956253067091, 0.0 ], [ -116.52225241447421, 43.538968555265427, 0.0 ], [ -116.522267323750441, 43.538978778481244, 0.0 ], [ -116.522281071561906, 43.538990517234971, 0.0 ], [ -116.522295786216262, 43.539001793548351, 0.0 ], [ -116.522306479841291, 43.539009988909797, 0.0 ], [ -116.52233330973354, 43.539027385917379, 0.0 ], [ -116.522361773143587, 43.53904195757751, 0.0 ], [ -116.52239534176492, 43.539055184565747, 0.0 ], [ -116.522430058436981, 43.539065010970887, 0.0 ], [ -116.522490517710153, 43.539085413700391, 0.0 ], [ -116.522549726367984, 43.539109202982083, 0.0 ], [ -116.522584757651316, 43.539123686266393, 0.0 ], [ -116.522618334902276, 43.539141279576306, 0.0 ], [ -116.522640846321863, 43.53915558066381, 0.0 ], [ -116.52268618595059, 43.539186175518608, 0.0 ], [ -116.522728048358687, 43.539221378726708, 0.0 ], [ -116.522770903450407, 43.539264700757222, 0.0 ], [ -116.522798673809135, 43.539292774099337, 0.0 ], [ -116.522830468372732, 43.539316905612814, 0.0 ], [ -116.522873728974702, 43.539341108126337, 0.0 ], [ -116.522968809461304, 43.539394302378767, 0.0 ], [ -116.523357351384718, 43.539631757369968, 0.0 ], [ -116.523793891967998, 43.539882108030461, 0.0 ], [ -116.524278401151122, 43.540166721943457, 0.0 ], [ -116.524352685507935, 43.540213377943431, 0.0 ], [ -116.52442960729347, 43.5402555441255, 0.0 ], [ -116.524764738850365, 43.540452405137906, 0.0 ], [ -116.524783598173286, 43.54046503022311, 0.0 ], [ -116.524838755388757, 43.540495463743277, 0.0 ], [ -116.524891104258245, 43.540530508192653, 0.0 ], [ -116.524940260296276, 43.540569906181112, 0.0 ], [ -116.524961326262314, 43.540584008677293, 0.0 ], [ -116.525085385712586, 43.540659994666413, 0.0 ], [ -116.52512975351938, 43.540688778135404, 0.0 ], [ -116.525176931667545, 43.540712678191973, 0.0 ], [ -116.525226384686846, 43.540731423571373, 0.0 ], [ -116.525258770393876, 43.54074091085532, 0.0 ], [ -116.525384371948249, 43.540775450874257, 0.0 ] ] } },
{ "type": "Feature", "properties": { "OBJECTID": 406, "UNIQID": "BPP409", "OWNER": "Nampa", "MANAGER": "Nampa", "STATUS": "Active", "INSTALLED": null, "FTR_FUNCTN": "Pathway", "FTR_TYP": "Trail", "OVPATHNAME": "West Park Fitness Trail", "SGPATHLMT": "West Park Only", "SRFMATRL": "Asphalt" }, "geometry": { "type": "LineString", "coordinates": [ [ -116.586186145978786, 43.573130083179713, 0.0 ], [ -116.586139126979745, 43.573151365522101, 0.0 ], [ -116.586071849411354, 43.573195231332583, 0.0 ], [ -116.586043961080321, 43.57322068976913, 0.0 ], [ -116.586024155385317, 43.573248088243417, 0.0 ], [ -116.586010165378894, 43.573278938425794, 0.0 ], [ -116.585999538656452, 43.573321392577242, 0.0 ], [ -116.585986385409441, 43.573366463830325, 0.0 ], [ -116.5859565973293, 43.573420435528362, 0.0 ], [ -116.5859227210304, 43.573457835419525, 0.0 ], [ -116.585889678127288, 43.573484512456545, 0.0 ], [ -116.585852625800911, 43.573505503078344, 0.0 ], [ -116.585819396335509, 43.573518605948365, 0.0 ], [ -116.585779189024336, 43.573524615622262, 0.0 ], [ -116.585710397464666, 43.573524403831193, 0.0 ] ] } },
{ "type": "Feature", "properties": { "OBJECTID": 407, "UNIQID": "BPP410", "OWNER": "Nampa", "MANAGER": "Nampa", "STATUS": "Active", "INSTALLED": null, "FTR_FUNCTN": "Pathway", "FTR_TYP": "Trail", "OVPATHNAME": "West Park Fitness Trail", "SGPATHLMT": "West Park Only", "SRFMATRL": "Asphalt" }, "geometry": { "type": "LineString", "coordinates": [ [ -116.586054840905035, 43.572709275528467, 0.0 ], [ -116.586066759745904, 43.572827343565606, 0.0 ], [ -116.586065829344577, 43.572886983790255, 0.0 ], [ -116.586064619885278, 43.572917952039418, 0.0 ], [ -116.586068282454903, 43.572945908882659, 0.0 ], [ -116.586078463010054, 43.572971436357001, 0.0 ], [ -116.586093596713681, 43.572999904280756, 0.0 ], [ -116.586186145978786, 43.573130083179713, 0.0 ], [ -116.586210854135359, 43.573129437094728, 0.0 ], [ -116.586237891394958, 43.573130429276226, 0.0 ], [ -116.586263332131082, 43.573134411605373, 0.0 ], [ -116.586294563222367, 43.573142518196157, 0.0 ], [ -116.586322567045855, 43.573154220937944, 0.0 ], [ -116.586431970801243, 43.573204562286072, 0.0 ] ] } },
{ "type": "Feature", "properties": { "OBJECTID": 408, "UNIQID": "BPP411", "OWNER": "Nampa", "MANAGER": "Nampa", "STATUS": "Active", "INSTALLED": "2000-01-01T07:00:00Z", "FTR_FUNCTN": "Pathway", "FTR_TYP": "Pathway", "OVPATHNAME": "Stoddard Pathway", "SGPATHLMT": "Greenhurst Rd to Locust Ln", "SRFMATRL": "Asphalt" }, "geometry": { "type": "LineString", "coordinates": [ [ -116.54197575471909, 43.546876572717551, 0.0 ], [ -116.541975596679507, 43.546867904775425, 0.0 ], [ -116.54197436241509, 43.546800289256197, 0.0 ], [ -116.541969534170292, 43.546712799722236, 0.0 ], [ -116.541963254749504, 43.546639610514006, 0.0 ], [ -116.54195765955356, 43.546597413931643, 0.0 ], [ -116.541949442954675, 43.54655367200214, 0.0 ], [ -116.541938021832578, 43.54650628428795, 0.0 ], [ -116.541928605664296, 43.546474793171974, 0.0 ], [ -116.541917571975361, 43.546444802954746, 0.0 ], [ -116.541896027756081, 43.546396518628256, 0.0 ], [ -116.541861592338677, 43.546337989329466, 0.0 ], [ -116.541821142759147, 43.546275291820763, 0.0 ], [ -116.541802024001669, 43.546247039908174, 0.0 ], [ -116.541782050259584, 43.546208868310629, 0.0 ], [ -116.541761844488278, 43.546155142474099, 0.0 ], [ -116.541749109239348, 43.546112847705878, 0.0 ], [ -116.541740340336261, 43.546070287837033, 0.0 ], [ -116.541734234447659, 43.546027347677999, 0.0 ], [ -116.541734554705613, 43.545978260215186, 0.0 ], [ -116.541736963215584, 43.545891877194826, 0.0 ], [ -116.541738211090873, 43.545830840538486, 0.0 ], [ -116.541736250695564, 43.545806144969411, 0.0 ], [ -116.541728833342034, 43.545771068321805, 0.0 ], [ -116.541722816107949, 43.545749080498084, 0.0 ], [ -116.541707090280639, 43.54570453543365, 0.0 ], [ -116.541685690096855, 43.545664197207536, 0.0 ], [ -116.541648493531383, 43.545605212594502, 0.0 ], [ -116.541592195510006, 43.545525224549806, 0.0 ], [ -116.541567966078404, 43.54548758554175, 0.0 ], [ -116.541554111139462, 43.545460888547609, 0.0 ], [ -116.541546066915515, 43.545440403542948, 0.0 ], [ -116.54154001082351, 43.54541543838603, 0.0 ], [ -116.541535587853716, 43.545390164882932, 0.0 ], [ -116.541533534083399, 43.545358325716016, 0.0 ], [ -116.541534719258763, 43.545323784472352, 0.0 ], [ -116.541538374908441, 43.545290417880949, 0.0 ], [ -116.541548333723199, 43.54520699347573, 0.0 ], [ -116.541554717461779, 43.54516318822553, 0.0 ], [ -116.541558728109578, 43.545125650726789, 0.0 ], [ -116.541557493454505, 43.545093805887639, 0.0 ], [ -116.541554227829707, 43.545063165966404, 0.0 ], [ -116.541549313519866, 43.545031643642126, 0.0 ], [ -116.541542695170449, 43.544997183427469, 0.0 ], [ -116.541532008791208, 43.544960316556597, 0.0 ], [ -116.541516349525679, 43.544920831464168, 0.0 ], [ -116.541497081984389, 43.544887027693434, 0.0 ], [ -116.541460793556325, 43.544834884824411, 0.0 ], [ -116.541421224659246, 43.5447821687737, 0.0 ], [ -116.541343996080457, 43.544666303643993, 0.0 ], [ -116.541326119386682, 43.544636929599754, 0.0 ], [ -116.541312131430161, 43.54460817582212, 0.0 ], [ -116.541295654530217, 43.544568696356095, 0.0 ], [ -116.541279064737978, 43.544520584632956, 0.0 ], [ -116.541260808917968, 43.54446354446128, 0.0 ], [ -116.541247431421525, 43.544417503275731, 0.0 ], [ -116.541237334724045, 43.544371204451707, 0.0 ], [ -116.541231600682849, 43.544333662390088, 0.0 ], [ -116.541218004116558, 43.544249770034462, 0.0 ], [ -116.541210163407357, 43.544196572387868, 0.0 ], [ -116.541203285366691, 43.544140058342478, 0.0 ], [ -116.541196353587878, 43.544048117804316, 0.0 ], [ -116.541181946142572, 43.543842514325306, 0.0 ], [ -116.541174598381346, 43.54379284532628, 0.0 ], [ -116.541166285891038, 43.54375182053996, 0.0 ], [ -116.541154872228077, 43.543709738871009, 0.0 ], [ -116.541142264123991, 43.543667441336531, 0.0 ], [ -116.541129184199747, 43.54362908868444, 0.0 ], [ -116.541107582511032, 43.543578553385828, 0.0 ], [ -116.541075070625084, 43.543509191984512, 0.0 ], [ -116.541032037585623, 43.543437787190285, 0.0 ], [ -116.540999343340957, 43.543388441164495, 0.0 ], [ -116.540954486945807, 43.543316405369801, 0.0 ], [ -116.540934577823947, 43.54327681276952, 0.0 ], [ -116.540918958793895, 43.543241665876572, 0.0 ], [ -116.540907107870552, 43.543210318418261, 0.0 ], [ -116.540882431048161, 43.543138447231556, 0.0 ], [ -116.54084443524286, 43.543018142774308, 0.0 ], [ -116.540831179449015, 43.542965837660532, 0.0 ], [ -116.54082428627774, 43.542930466572201, 0.0 ], [ -116.540785469840998, 43.542702397455265, 0.0 ], [ -116.540769406780825, 43.542600697031084, 0.0 ], [ -116.540747763803594, 43.542459950240151, 0.0 ], [ -116.540740029853396, 43.542419602801473, 0.0 ], [ -116.540731260993937, 43.542384616426162, 0.0 ], [ -116.540717022456249, 43.542332273084313, 0.0 ], [ -116.540689606213903, 43.542263587408868, 0.0 ], [ -116.540654812031676, 43.54219304989838, 0.0 ], [ -116.540597996212568, 43.542104431855044, 0.0 ], [ -116.540536685535031, 43.542017737812188, 0.0 ], [ -116.540503543293937, 43.541961761753726, 0.0 ], [ -116.540484551394783, 43.541920147357175, 0.0 ], [ -116.540475123918171, 43.54189146364434, 0.0 ], [ -116.540455299795724, 43.541827536549633, 0.0 ], [ -116.540441635159198, 43.541784048170051, 0.0 ], [ -116.540424080790004, 43.541743444558122, 0.0 ], [ -116.540373005614853, 43.541643057257616, 0.0 ], [ -116.540355525997114, 43.541608168872251, 0.0 ], [ -116.540341971609934, 43.541573015717908, 0.0 ], [ -116.540333001929909, 43.541538068499939, 0.0 ], [ -116.540327678731714, 43.541506431014263, 0.0 ], [ -116.540325954723627, 43.541474767747744, 0.0 ], [ -116.540324320294488, 43.541424765739194, 0.0 ], [ -116.540326995570268, 43.541379021204698, 0.0 ], [ -116.540329272660045, 43.541352808402543, 0.0 ], [ -116.540330278892924, 43.541315602231748, 0.0 ], [ -116.540331297506469, 43.541268261536047, 0.0 ], [ -116.540330905990146, 43.541206938238872, 0.0 ], [ -116.540328697600472, 43.541148708607906, 0.0 ], [ -116.540322495958904, 43.541081175047374, 0.0 ], [ -116.540316098652568, 43.541030015102287, 0.0 ], [ -116.540308253770249, 43.540993452491151, 0.0 ], [ -116.540296128023996, 43.540942333042608, 0.0 ], [ -116.540278152052409, 43.540882025111145, 0.0 ], [ -116.540256462957615, 43.540819361127042, 0.0 ], [ -116.540210071628977, 43.540713998807789, 0.0 ], [ -116.540189450859131, 43.540670499060376, 0.0 ], [ -116.540168585932349, 43.540627061304313, 0.0 ], [ -116.540149320577655, 43.540580753710998, 0.0 ], [ -116.540138749733458, 43.540548436884023, 0.0 ], [ -116.540128489993933, 43.540514927948394, 0.0 ], [ -116.540109499091159, 43.540433634423067, 0.0 ], [ -116.540091479490783, 43.540358968058662, 0.0 ], [ -116.5400743333783, 43.540299547272014, 0.0 ], [ -116.540055088968344, 43.540235973430796, 0.0 ], [ -116.540029499425415, 43.540156665243757, 0.0 ], [ -116.54000199960862, 43.540087790028686, 0.0 ], [ -116.539969638932675, 43.540007209939347, 0.0 ], [ -116.539920666709008, 43.539894193604511, 0.0 ], [ -116.539885197505782, 43.53981233969435, 0.0 ], [ -116.539839440696028, 43.539704289566231, 0.0 ], [ -116.539792734715121, 43.539606074376159, 0.0 ], [ -116.539775445060059, 43.539566898209223, 0.0 ], [ -116.539761861948222, 43.539529482271881, 0.0 ], [ -116.539748434786148, 43.539484295426263, 0.0 ], [ -116.539747330155024, 43.539479863668689, 0.0 ], [ -116.539734432002419, 43.539414819236981, 0.0 ], [ -116.539714832924162, 43.539218417180173, 0.0 ], [ -116.539686017541229, 43.538941936650168, 0.0 ], [ -116.539679536366279, 43.538896898940763, 0.0 ], [ -116.539667393221038, 43.538819343022006, 0.0 ], [ -116.539652650844104, 43.538743235343048, 0.0 ], [ -116.539641622216706, 43.538700919495113, 0.0 ], [ -116.539621796954535, 43.538636753695485, 0.0 ], [ -116.539593199973098, 43.538552643319456, 0.0 ], [ -116.539553168681934, 43.53844527270514, 0.0 ], [ -116.539456902061431, 43.538212555420515, 0.0 ], [ -116.539399745496993, 43.538077665729404, 0.0 ], [ -116.539357763875273, 43.537971260830041, 0.0 ], [ -116.539318406517936, 43.537865314858863, 0.0 ], [ -116.539283650472399, 43.537760765596168, 0.0 ], [ -116.539257867202011, 43.537679249645144, 0.0 ], [ -116.539156130952662, 43.537340793184541, 0.0 ], [ -116.539120569400822, 43.537204603018175, 0.0 ], [ -116.539084169757317, 43.537071591543459, 0.0 ], [ -116.539023870576287, 43.536800777357769, 0.0 ], [ -116.53899028763766, 43.53665297814112, 0.0 ], [ -116.538949745733376, 43.53645606329485, 0.0 ], [ -116.538917146983351, 43.536265762603854, 0.0 ], [ -116.538896374546965, 43.536128727691356, 0.0 ], [ -116.538865718516789, 43.535909754655762, 0.0 ], [ -116.538863268863622, 43.535882525832342, 0.0 ] ] } },
{ "type": "Feature", "properties": { "OBJECTID": 409, "UNIQID": "BPP412", "OWNER": "Nampa", "MANAGER": "Nampa", "STATUS": "Active", "INSTALLED": "2005-01-01T07:00:00Z", "FTR_FUNCTN": "Pathway", "FTR_TYP": "Pathway", "OVPATHNAME": "Stoddard Pathway", "SGPATHLMT": "Locust Ln to Lewis Ln", "SRFMATRL": "Asphalt" }, "geometry": { "type": "LineString", "coordinates": [ [ -116.539158557935295, 43.531818074044104, 0.0 ], [ -116.539185190087025, 43.531574392334399, 0.0 ], [ -116.539246167720293, 43.531016463777682, 0.0 ], [ -116.539340004341753, 43.53013023770751, 0.0 ], [ -116.539492922468057, 43.528685974994595, 0.0 ], [ -116.539575478552436, 43.527906235883449, 0.0 ], [ -116.539645130618254, 43.527241672521015, 0.0 ], [ -116.539718108090881, 43.526545371200569, 0.0 ], [ -116.539752641348159, 43.526159315490474, 0.0 ], [ -116.539758905651894, 43.52606524464867, 0.0 ], [ -116.539761666380087, 43.526023780393203, 0.0 ] ] } },
{ "type": "Feature", "properties": { "OBJECTID": 410, "UNIQID": "BPP413", "OWNER": "Nampa", "MANAGER": "Nampa", "STATUS": "Active", "INSTALLED": null, "FTR_FUNCTN": "Pathway", "FTR_TYP": "Connector", "OVPATHNAME": "Stoddard Pathway", "SGPATHLMT": null, "SRFMATRL": "Concrete" }, "geometry": { "type": "LineString", "coordinates": [ [ -116.546567099436473, 43.555619728007272, 0.0 ], [ -116.546423517374365, 43.555706407731272, 0.0 ], [ -116.546079965720082, 43.555944872273628, 0.0 ], [ -116.546061059270016, 43.555962091736212, 0.0 ], [ -116.546040880771386, 43.555984691948645, 0.0 ], [ -116.546025726986926, 43.55600652357645, 0.0 ] ] } },
{ "type": "Feature", "properties": { "OBJECTID": 411, "UNIQID": "BPP414", "OWNER": "Nampa", "MANAGER": "Nampa", "STATUS": "Active", "INSTALLED": "2016-06-13T07:00:00Z", "FTR_FUNCTN": "Pathway", "FTR_TYP": "Pathway", "OVPATHNAME": "Downtown Pathway", "SGPATHLMT": null, "SRFMATRL": "Asphalt" }, "geometry": { "type": "LineString", "coordinates": [ [ -116.55774515360757, 43.578796676483584, 0.0 ], [ -116.557727189372486, 43.578808339257137, 0.0 ], [ -116.557719453419026, 43.578811668525454, 0.0 ], [ -116.557711701546651, 43.578813807056356, 0.0 ], [ -116.557703934993839, 43.578814754841048, 0.0 ], [ -116.55769697359959, 43.578814804024624, 0.0 ], [ -116.557691639410422, 43.578813948799372, 0.0 ], [ -116.557683827849075, 43.578811622289869, 0.0 ], [ -116.557677642255484, 43.578808391380399, 0.0 ], [ -116.556686521384634, 43.578134205439738, 0.0 ], [ -116.556673633167847, 43.578125722805623, 0.0 ], [ -116.556664679160491, 43.57811756975471, 0.0 ], [ -116.556656693822546, 43.578108337833484, 0.0 ], [ -116.556650668434003, 43.578098734737431, 0.0 ], [ -116.556646113993338, 43.578088764817309, 0.0 ], [ -116.556643546871626, 43.578080566698929, 0.0 ], [ -116.556641448626365, 43.578070578547681, 0.0 ], [ -116.556630028298599, 43.577988138563462, 0.0 ], [ -116.556628435857036, 43.577979218877637, 0.0 ], [ -116.556625372484774, 43.577970666915242, 0.0 ], [ -116.556622315121416, 43.577962472255201, 0.0 ], [ -116.556618293851713, 43.577955712875585, 0.0 ], [ -116.556611802085143, 43.577947899792292, 0.0 ], [ -116.556604822364662, 43.577940447496275, 0.0 ], [ -116.556597858181547, 43.577934066224756, 0.0 ], [ -116.556587932003964, 43.577926633816382, 0.0 ], [ -116.555752840485354, 43.577344269079788, 0.0 ], [ -116.555744557148387, 43.577337183263332, 0.0 ], [ -116.555739977915252, 43.577331559226792, 0.0 ], [ -116.555735386777215, 43.577325042361693, 0.0 ], [ -116.555732437463305, 43.57731881096224, 0.0 ], [ -116.555730310446734, 43.577312872604836, 0.0 ], [ -116.55572939562758, 43.577305733954013, 0.0 ], [ -116.555729312276256, 43.577299483255473, 0.0 ], [ -116.555730454277281, 43.57729292598323, 0.0 ], [ -116.555732417324521, 43.577286660861759, 0.0 ], [ -116.555735199909066, 43.577280389064057, 0.0 ], [ -116.555738825866186, 43.57727589804685, 0.0 ], [ -116.556064511915125, 43.577017297611263, 0.0 ] ] } },
{ "type": "Feature", "properties": { "OBJECTID": 413, "UNIQID": "BPP416", "OWNER": "Nampa", "MANAGER": "Nampa", "STATUS": "Active", "INSTALLED": "2008-07-24T07:00:00Z", "FTR_FUNCTN": "Pathway", "FTR_TYP": "Pathway", "OVPATHNAME": "Orr Pathway", "SGPATHLMT": "Wilson Pathway to Roosevelt Ave", "SRFMATRL": "Asphalt" }, "geometry": { "type": "LineString", "coordinates": [ [ -116.610368938578944, 43.571034463018535, 0.0 ], [ -116.610371245829384, 43.571472719903944, 0.0 ], [ -116.610381674903806, 43.571929185232825, 0.0 ], [ -116.610371694863943, 43.572276895814838, 0.0 ] ] } },
{ "type": "Feature", "properties": { "OBJECTID": 414, "UNIQID": "BPP417", "OWNER": "Private", "MANAGER": "Nampa", "STATUS": "Active", "INSTALLED": "2006-05-26T07:00:00Z", "FTR_FUNCTN": "Pathway", "FTR_TYP": "Pathway", "OVPATHNAME": "Orr Pathway", "SGPATHLMT": "Lake Lowell Ave to Iowa Ave", "SRFMATRL": "Concrete" }, "geometry": { "type": "LineString", "coordinates": [ [ -116.602951623210544, 43.554509618644047, 0.0 ], [ -116.602940790988171, 43.554606987613248, 0.0 ], [ -116.602933745418582, 43.554643863928696, 0.0 ], [ -116.602912328088834, 43.554734600598273, 0.0 ], [ -116.602907100255834, 43.554776542705362, 0.0 ], [ -116.602904163122517, 43.554815927594845, 0.0 ], [ -116.602897616799751, 43.554846873817795, 0.0 ], [ -116.602889364885442, 43.554880795946566, 0.0 ], [ -116.602876983468391, 43.554915809217988, 0.0 ], [ -116.602863054357485, 43.554954639724471, 0.0 ], [ -116.60285999780416, 43.554985559910818, 0.0 ], [ -116.602864411949255, 43.555009652792421, 0.0 ], [ -116.602881913525593, 43.555053964559676, 0.0 ], [ -116.602900093500409, 43.555105042835912, 0.0 ], [ -116.602906924997143, 43.555135467099689, 0.0 ], [ -116.602908002073789, 43.555170588793423, 0.0 ], [ -116.602902702569992, 43.555207452077063, 0.0 ], [ -116.602876611536928, 43.555296954435207, 0.0 ], [ -116.602872266360166, 43.55531899648777, 0.0 ], [ -116.602871383623906, 43.555338895637156, 0.0 ], [ -116.60287577268636, 43.555361295585698, 0.0 ], [ -116.602891013492368, 43.555410280514536, 0.0 ], [ -116.602906140897261, 43.555451223750431, 0.0 ], [ -116.60291070680465, 43.55548019322466, 0.0 ], [ -116.60290928051289, 43.55550876274571, 0.0 ], [ -116.602892363265227, 43.555588461907917, 0.0 ], [ -116.602887633414014, 43.555624473929356, 0.0 ], [ -116.602885200275182, 43.555658352643796, 0.0 ], [ -116.602884533877756, 43.555680427558727, 0.0 ], [ -116.602885743481551, 43.555696865453761, 0.0 ], [ -116.602889444727694, 43.555711651950126, 0.0 ], [ -116.60291198728585, 43.555774021131192, 0.0 ], [ -116.602917964246117, 43.555794397470819, 0.0 ], [ -116.602919788576557, 43.555816597821867, 0.0 ], [ -116.602915099955766, 43.555838861164546, 0.0 ], [ -116.60289571751504, 43.555908843060372, 0.0 ], [ -116.60288854045335, 43.55593640864663, 0.0 ], [ -116.602886363835793, 43.555953814224267, 0.0 ], [ -116.602886839423533, 43.555980863660366, 0.0 ], [ -116.602891325281362, 43.556010034455745, 0.0 ], [ -116.602897550122449, 43.556038770123031, 0.0 ], [ -116.602904327993414, 43.556065384591449, 0.0 ], [ -116.602923042203031, 43.556113073533403, 0.0 ], [ -116.602929153638428, 43.556133767509003, 0.0 ], [ -116.602931204257033, 43.556155337889408, 0.0 ], [ -116.602928621893014, 43.556178636852728, 0.0 ], [ -116.602913234154457, 43.55625104536081, 0.0 ], [ -116.602905086396063, 43.556284203407365, 0.0 ], [ -116.602900792307608, 43.556307940894477, 0.0 ], [ -116.602900125827688, 43.556345189960901, 0.0 ], [ -116.602900192240654, 43.556432380088125, 0.0 ], [ -116.602903440445246, 43.556461110956235, 0.0 ], [ -116.602908509548342, 43.556485649001608, 0.0 ], [ -116.602923601431868, 43.556524053265633, 0.0 ], [ -116.60294401895807, 43.556568766311237, 0.0 ], [ -116.602949554766624, 43.55658988763313, 0.0 ], [ -116.602952798570485, 43.556613566181746, 0.0 ], [ -116.602952065100595, 43.55664404597524, 0.0 ], [ -116.602947851200042, 43.556675398744304, 0.0 ], [ -116.602938441746204, 43.556709752556692, 0.0 ], [ -116.602915207158603, 43.556795424299906, 0.0 ], [ -116.602912055046815, 43.556819573619755, 0.0 ], [ -116.60291030151798, 43.556860218828668, 0.0 ], [ -116.602912380780438, 43.556883906065323, 0.0 ], [ -116.602918595019176, 43.556911794797266, 0.0 ], [ -116.602924772212091, 43.556937144578491, 0.0 ], [ -116.602956814628271, 43.557021979960815, 0.0 ], [ -116.602963579470284, 43.557047748409509, 0.0 ], [ -116.602965209686985, 43.557080750692165, 0.0 ], [ -116.602963329589159, 43.557112509101486, 0.0 ], [ -116.602957922494681, 43.557141753698531, 0.0 ], [ -116.602940004096695, 43.557191832105772, 0.0 ], [ -116.602927121305058, 43.557227481891069, 0.0 ], [ -116.602923946535185, 43.557249938260824, 0.0 ], [ -116.602926578852106, 43.557271504297361, 0.0 ], [ -116.602931525874624, 43.55729220785593, 0.0 ], [ -116.602949599134064, 43.557335668320881, 0.0 ], [ -116.602968962348598, 43.557388007800888, 0.0 ], [ -116.602973387424612, 43.557412946695337, 0.0 ], [ -116.602974303418918, 43.557436642607748, 0.0 ], [ -116.602969977275833, 43.557459953677125, 0.0 ], [ -116.602960543850372, 43.557492615448155, 0.0 ], [ -116.602935804164417, 43.557554172613195, 0.0 ], [ -116.602929166801601, 43.557578770987028, 0.0 ], [ -116.602929507089982, 43.557602894248618, 0.0 ], [ -116.602932798696102, 43.557629957772022, 0.0 ], [ -116.602940164411464, 43.557656991799639, 0.0 ], [ -116.602952797385129, 43.557686101800478, 0.0 ], [ -116.602968416299319, 43.55772069282888, 0.0 ], [ -116.602974576923671, 43.557744772664279, 0.0 ], [ -116.602979334152906, 43.557768512825049, 0.0 ], [ -116.602979931207017, 43.557794253477979, 0.0 ], [ -116.602965881636081, 43.557910743252961, 0.0 ], [ -116.602963529336691, 43.557934561660531, 0.0 ], [ -116.6029638190725, 43.557955100137214, 0.0 ], [ -116.602967454839757, 43.557980674999335, 0.0 ], [ -116.602975511758714, 43.558004936910578, 0.0 ], [ -116.602986131792619, 43.558027869129134, 0.0 ], [ -116.603000008295197, 43.558053962558454, 0.0 ], [ -116.603044285754294, 43.558116743789796, 0.0 ], [ -116.603089396912083, 43.558180709635039, 0.0 ], [ -116.603104456219, 43.558203519604348, 0.0 ], [ -116.603116239648458, 43.558226354017059, 0.0 ], [ -116.60312312914661, 43.558250415801595, 0.0 ], [ -116.603122170262523, 43.55826947570327, 0.0 ], [ -116.603116711990225, 43.55828886621876, 0.0 ], [ -116.603103975801474, 43.55831456324578, 0.0 ], [ -116.60305305893408, 43.558398544116351, 0.0 ], [ -116.603045144753665, 43.558415110388388, 0.0 ], [ -116.603041914996894, 43.558433757878198, 0.0 ], [ -116.603043354226173, 43.55845321663832, 0.0 ], [ -116.603049430130426, 43.558471371638134, 0.0 ], [ -116.603058373812118, 43.55848654205861, 0.0 ], [ -116.60311158589704, 43.558545401395698, 0.0 ], [ -116.603125233202576, 43.558563922945716, 0.0 ], [ -116.603134710175695, 43.558580307236632, 0.0 ], [ -116.603172148432137, 43.558671502988844, 0.0 ], [ -116.603182279415805, 43.558688358555877, 0.0 ], [ -116.603195886203807, 43.558703917219113, 0.0 ], [ -116.60321356468836, 43.558719445493161, 0.0 ], [ -116.603230003451614, 43.558729481510959, 0.0 ], [ -116.603283883525975, 43.55875320517243, 0.0 ], [ -116.603420152056557, 43.55880001565491, 0.0 ], [ -116.603451204539027, 43.558814597946608, 0.0 ], [ -116.603476467720284, 43.558831339621065, 0.0 ], [ -116.603497680640459, 43.558849804644773, 0.0 ], [ -116.603518359699407, 43.558871659884588, 0.0 ], [ -116.603552877473078, 43.558925579226475, 0.0 ], [ -116.603561912201911, 43.558947097440722, 0.0 ], [ -116.603565469805076, 43.558962729287437, 0.0 ], [ -116.603568322901268, 43.558988952651767, 0.0 ], [ -116.603572417624633, 43.559031671262375, 0.0 ], [ -116.603577366246228, 43.55905237387438, 0.0 ], [ -116.603583454317345, 43.559071374861446, 0.0 ], [ -116.603595998286892, 43.559094136934007, 0.0 ], [ -116.603616149567557, 43.559119805384235, 0.0 ], [ -116.603660387693424, 43.55916137723834, 0.0 ], [ -116.603687479769903, 43.559184031568407, 0.0 ], [ -116.603702837796789, 43.559200000147044, 0.0 ], [ -116.603714997940742, 43.559218628141743, 0.0 ], [ -116.603723150504948, 43.559237095237634, 0.0 ], [ -116.603730485664528, 43.559262013263293, 0.0 ], [ -116.60373684395897, 43.55930005866535, 0.0 ], [ -116.60373954838164, 43.55932670348794, 0.0 ], [ -116.603743854415796, 43.559343178547742, 0.0 ], [ -116.603752234659595, 43.559359623181848, 0.0 ], [ -116.60377601484268, 43.559394999250344, 0.0 ], [ -116.60382225057252, 43.559454333399998, 0.0 ], [ -116.603835384314536, 43.559473532883921, 0.0 ], [ -116.603844387409396, 43.559496917249085, 0.0 ], [ -116.603851451758672, 43.559543846009063, 0.0 ], [ -116.603857719276007, 43.559575543566872, 0.0 ], [ -116.603869084239079, 43.559605254302411, 0.0 ] ] } },
{ "type": "Feature", "properties": { "OBJECTID": 415, "UNIQID": "BPP418", "OWNER": "Private", "MANAGER": "Private", "STATUS": "Active", "INSTALLED": null, "FTR_FUNCTN": "Pathway", "FTR_TYP": "Connector", "OVPATHNAME": "Elijah Pathway", "SGPATHLMT": null, "SRFMATRL": "Concrete" }, "geometry": { "type": "LineString", "coordinates": [ [ -116.518594579927367, 43.536391809434896, 0.0 ], [ -116.518920633068859, 43.536242367320348, 0.0 ] ] } },
{ "type": "Feature", "properties": { "OBJECTID": 416, "UNIQID": "BPP419", "OWNER": "Private", "MANAGER": "Private", "STATUS": "Active", "INSTALLED": null, "FTR_FUNCTN": "Pathway", "FTR_TYP": "Connector", "OVPATHNAME": "Elijah Pathway", "SGPATHLMT": null, "SRFMATRL": "Concrete" }, "geometry": { "type": "LineString", "coordinates": [ [ -116.518117271771317, 43.533867573453662, 0.0 ], [ -116.518157005053823, 43.533851588601181, 0.0 ], [ -116.518196108058447, 43.533837512624366, 0.0 ], [ -116.518225470681088, 43.533829694011466, 0.0 ], [ -116.518258797405778, 43.533824706635819, 0.0 ], [ -116.518282970460675, 43.533820733989558, 0.0 ], [ -116.518302531013276, 43.533814410616031, 0.0 ], [ -116.518362448933274, 43.533789715502579, 0.0 ], [ -116.518380082455252, 43.533786262948539, 0.0 ], [ -116.518408183315429, 43.53378226387813, 0.0 ], [ -116.518440199897341, 43.533777285254992, 0.0 ], [ -116.518472835854666, 43.533769444577629, 0.0 ], [ -116.518522517679131, 43.533748607688466, 0.0 ] ] } },
{ "type": "Feature", "properties": { "OBJECTID": 417, "UNIQID": "BPP420", "OWNER": "Nampa", "MANAGER": "Nampa", "STATUS": "Active", "INSTALLED": null, "FTR_FUNCTN": "Pathway", "FTR_TYP": "Pathway", "OVPATHNAME": "Elijah Pathway", "SGPATHLMT": "Happy Valley Rd to Greenhusrt Rd", "SRFMATRL": "Asphalt" }, "geometry": { "type": "LineString", "coordinates": [ [ -116.52059184250254, 43.53794503088168, 0.0 ], [ -116.520434720491352, 43.537839735249761, 0.0 ], [ -116.520350402375669, 43.53777385747884, 0.0 ], [ -116.520202198443414, 43.537626960007906, 0.0 ], [ -116.520044993125879, 43.537467262957065, 0.0 ], [ -116.519846807695728, 43.537251398723569, 0.0 ], [ -116.519567809773363, 43.536936051408361, 0.0 ], [ -116.519346714992267, 43.536694618663191, 0.0 ], [ -116.518920633068859, 43.536242367320348, 0.0 ], [ -116.518728502555632, 43.536038605693264, 0.0 ], [ -116.518662720551717, 43.53596259898606, 0.0 ], [ -116.518657225815019, 43.535684706767668, 0.0 ], [ -116.518674732939445, 43.535516687868146, 0.0 ], [ -116.51866001333039, 43.535130972851967, 0.0 ], [ -116.518639842567552, 43.534548098821126, 0.0 ], [ -116.518621047020062, 43.533918775574925, 0.0 ], [ -116.518609792096711, 43.533883128163751, 0.0 ], [ -116.518592599437142, 43.533843947190469, 0.0 ], [ -116.518576470740783, 43.533811190421723, 0.0 ], [ -116.518558459178109, 43.533784875867305, 0.0 ], [ -116.518530583315112, 43.533755055040693, 0.0 ], [ -116.518464112128655, 43.533701916777126, 0.0 ], [ -116.518119754405603, 43.533419156410801, 0.0 ], [ -116.518070175653179, 43.533381622325528, 0.0 ], [ -116.518029608335937, 43.533357603299429, 0.0 ], [ -116.517981220466183, 43.53333649377354, 0.0 ], [ -116.517924040102741, 43.533319015862013, 0.0 ], [ -116.517867887357397, 43.533305103598074, 0.0 ], [ -116.517814717670063, 43.533294029155428, 0.0 ], [ -116.517747827280388, 43.533285190012357, 0.0 ], [ -116.517682936451223, 43.53327919618642, 0.0 ], [ -116.517597146586994, 43.533269776361294, 0.0 ], [ -116.517497133782229, 43.533256158376361, 0.0 ], [ -116.516281876501438, 43.533063067273268, 0.0 ], [ -116.516221292904802, 43.533061091590319, 0.0 ], [ -116.516175513569905, 43.533064970963764, 0.0 ], [ -116.516134734705545, 43.533075961066814, 0.0 ], [ -116.516058237705991, 43.533109815914486, 0.0 ], [ -116.515680554766206, 43.533270720307556, 0.0 ], [ -116.515649684941579, 43.533288789031445, 0.0 ], [ -116.515618936841136, 43.533316382906555, 0.0 ], [ -116.515326689121281, 43.533632707542267, 0.0 ], [ -116.515302412192426, 43.533654303716268, 0.0 ], [ -116.515271542059367, 43.53367237233914, 0.0 ], [ -116.515133274532644, 43.533739981369607, 0.0 ], [ -116.514996357418966, 43.53378495667075, 0.0 ], [ -116.514874048782517, 43.533820308103444, 0.0 ], [ -116.514810371637594, 43.53383264178045, 0.0 ], [ -116.514769516773555, 43.53383767850783, 0.0 ], [ -116.514733511817184, 43.533837919343618, 0.0 ], [ -116.514694188317421, 43.533834609786254, 0.0 ], [ -116.514651486109642, 43.533822987697796, 0.0 ], [ -116.514212723567994, 43.533684218083884, 0.0 ], [ -116.514176553297432, 43.533671360396866, 0.0 ], [ -116.514145248047782, 43.533654899404652, 0.0 ], [ -116.513930821441292, 43.533524155073501, 0.0 ], [ -116.51388463578175, 43.533495883942493, 0.0 ], [ -116.513841828768278, 43.533475927135541, 0.0 ], [ -116.513804052077717, 43.533465462681349, 0.0 ], [ -116.513764743894839, 43.533463343560868, 0.0 ], [ -116.513725480796865, 43.533464796703747, 0.0 ], [ -116.513684641100269, 43.533471022901544, 0.0 ], [ -116.513619413521937, 43.533488919115129, 0.0 ], [ -116.513578447684466, 43.533509075481312, 0.0 ], [ -116.513552509714401, 43.533528896539181, 0.0 ], [ -116.513537262197616, 43.533552813754781, 0.0 ], [ -116.513529455627094, 43.53358489847529, 0.0 ], [ -116.513533150450698, 43.533748011624823, 0.0 ], [ -116.513515118704134, 43.533875545887156, 0.0 ] ] } },
{ "type": "Feature", "properties": { "OBJECTID": 418, "UNIQID": "BPP421", "OWNER": "Nampa", "MANAGER": "Nampa", "STATUS": "Active", "INSTALLED": null, "FTR_FUNCTN": "Multiuse", "FTR_TYP": "Pathway", "OVPATHNAME": "Elijah Pathway", "SGPATHLMT": "Happy Valley Rd to Avondale Ave", "SRFMATRL": "Concrete" }, "geometry": { "type": "LineString", "coordinates": [ [ -116.513515118704134, 43.533875545887156, 0.0 ], [ -116.513484834050502, 43.533875153148948, 0.0 ], [ -116.513436456770648, 43.533867736061218, 0.0 ], [ -116.51335280213172, 43.53385340934009, 0.0 ], [ -116.51331105429486, 43.533852497212067, 0.0 ], [ -116.513103755240124, 43.53385215459658, 0.0 ], [ -116.513066462842701, 43.533826435026953, 0.0 ], [ -116.513067107613267, 43.533472335949675, 0.0 ] ] } },
{ "type": "Feature", "properties": { "OBJECTID": 419, "UNIQID": "BPP422", "OWNER": "Private", "MANAGER": "Nampa", "STATUS": "Active", "INSTALLED": "2018-05-30T07:00:00Z", "FTR_FUNCTN": "Pathway", "FTR_TYP": "Pathway", "OVPATHNAME": "Joseph Pathway", "SGPATHLMT": "Smith Ave to Lone Star Rd", "SRFMATRL": "Asphalt" }, "geometry": { "type": "LineString", "coordinates": [ [ -116.600464724027091, 43.583126823211188, 0.0 ], [ -116.60046477659219, 43.583058874283523, 0.0 ], [ -116.600456320867579, 43.583018598679594, 0.0 ], [ -116.60043402286901, 43.58297065718488, 0.0 ], [ -116.600392236965462, 43.582888089333942, 0.0 ], [ -116.600322532427597, 43.58277715148224, 0.0 ], [ -116.600177967968037, 43.582561505853739, 0.0 ], [ -116.599984733925012, 43.582239528047474, 0.0 ], [ -116.599844354185791, 43.581993219151748, 0.0 ], [ -116.59978524327245, 43.581891875704187, 0.0 ], [ -116.599641779656906, 43.581660978682038, 0.0 ], [ -116.599509689159504, 43.581446668831759, 0.0 ], [ -116.599295818488883, 43.581101027076649, 0.0 ], [ -116.598946660313359, 43.580546337659293, 0.0 ], [ -116.598745023318884, 43.58023156512661, 0.0 ], [ -116.59866939471722, 43.580118288496124, 0.0 ], [ -116.598612160418654, 43.580053310311875, 0.0 ], [ -116.598508736693262, 43.579966913821416, 0.0 ], [ -116.598385599334819, 43.579876376300405, 0.0 ], [ -116.598304396511367, 43.579832681663191, 0.0 ], [ -116.598173845798286, 43.579780520302627, 0.0 ] ] } },
{ "type": "Feature", "properties": { "OBJECTID": 420, "UNIQID": "BPP423", "OWNER": "Private", "MANAGER": "Private", "STATUS": "Active", "INSTALLED": null, "FTR_FUNCTN": "Pathway", "FTR_TYP": "Connector", "OVPATHNAME": "Wilson Creek Pathway", "SGPATHLMT": "Brookside Apts to Wilson Creek Pathway", "SRFMATRL": "Asphalt" }, "geometry": { "type": "LineString", "coordinates": [ [ -116.567950495742934, 43.546054025402114, 0.0 ], [ -116.568005706897409, 43.546073448276914, 0.0 ], [ -116.568073639316282, 43.546101018876783, 0.0 ], [ -116.568349479782711, 43.546220395940509, 0.0 ] ] } },
{ "type": "Feature", "properties": { "OBJECTID": 421, "UNIQID": "BPP424", "OWNER": "Private", "MANAGER": "Private", "STATUS": "Active", "INSTALLED": null, "FTR_FUNCTN": "Pathway", "FTR_TYP": "Connector", "OVPATHNAME": "Wilson Creek Pathway", "SGPATHLMT": "Brookside Apts to Wilson Creek Pathway", "SRFMATRL": "Dirt" }, "geometry": { "type": "LineString", "coordinates": [ [ -116.56805354527458, 43.545544588251126, 0.0 ], [ -116.56798025904051, 43.54548169570743, 0.0 ], [ -116.567896324950681, 43.545466049073333, 0.0 ] ] } },
{ "type": "Feature", "properties": { "OBJECTID": 422, "UNIQID": "BPP425", "OWNER": "Private", "MANAGER": "Private", "STATUS": "Active", "INSTALLED": null, "FTR_FUNCTN": "Pathway", "FTR_TYP": "Connector", "OVPATHNAME": "Wilson Creek Pathway", "SGPATHLMT": "Brookside Apts to Wilson Creek Pathway", "SRFMATRL": "Concrete" }, "geometry": { "type": "LineString", "coordinates": [ [ -116.568460726419374, 43.545719522894274, 0.0 ], [ -116.568314305502454, 43.545641979022193, 0.0 ], [ -116.56820762515197, 43.545646076590614, 0.0 ], [ -116.568113985554831, 43.5455976866768, 0.0 ], [ -116.56805354527458, 43.545544588251126, 0.0 ] ] } },
{ "type": "Feature", "properties": { "OBJECTID": 423, "UNIQID": "BPP426", "OWNER": "Nampa", "MANAGER": "Nampa", "STATUS": "Active", "INSTALLED": "2019-01-01T07:00:00Z", "FTR_FUNCTN": "Pathway", "FTR_TYP": "Pathway", "OVPATHNAME": "Indian Creek Pathway", "SGPATHLMT": "Idaho Arts Charter School to Broadmore Way", "SRFMATRL": "Asphalt" }, "geometry": { "type": "LineString", "coordinates": [ [ -116.573199464294419, 43.594708440262771, 0.0 ], [ -116.573457996287843, 43.594667492801108, 0.0 ], [ -116.57350735231951, 43.5946634648177, 0.0 ], [ -116.573552325427485, 43.594664431595994, 0.0 ], [ -116.573671757741565, 43.594675954853976, 0.0 ], [ -116.573815559052761, 43.594696352986837, 0.0 ], [ -116.574000137455471, 43.594727411367764, 0.0 ], [ -116.574326538227254, 43.59477792889038, 0.0 ], [ -116.574413925675444, 43.594794445821421, 0.0 ], [ -116.574502034524912, 43.594815720865959, 0.0 ], [ -116.574567902159515, 43.594840014119256, 0.0 ], [ -116.574657658260406, 43.594886044595398, 0.0 ], [ -116.574727717957742, 43.594929359248859, 0.0 ], [ -116.575033366064829, 43.595139587901222, 0.0 ], [ -116.575150315647051, 43.595209237743745, 0.0 ], [ -116.575226851332047, 43.595246789644563, 0.0 ], [ -116.575324466826146, 43.595292287599861, 0.0 ], [ -116.575477407269602, 43.595357866194966, 0.0 ], [ -116.57554218428514, 43.59537976706536, 0.0 ], [ -116.575614872287133, 43.595394025537011, 0.0 ], [ -116.575689041148465, 43.595400012955686, 0.0 ], [ -116.575747313004371, 43.595398308500336, 0.0 ], [ -116.575851257587601, 43.595389007487427, 0.0 ], [ -116.575992789237773, 43.59537748246516, 0.0 ], [ -116.576060940878875, 43.595376990021059, 0.0 ], [ -116.576105572287062, 43.595381907046487, 0.0 ], [ -116.576329646349691, 43.595411773430648, 0.0 ], [ -116.576579759687277, 43.595456118394416, 0.0 ], [ -116.576628095267893, 43.595468618863542, 0.0 ], [ -116.576750199924277, 43.595507279500659, 0.0 ], [ -116.576806340384294, 43.595516516356405, 0.0 ], [ -116.577094462369246, 43.595550199816977, 0.0 ], [ -116.577206453979983, 43.595563993783216, 0.0 ], [ -116.57727482765911, 43.595579693789453, 0.0 ], [ -116.577362354073216, 43.595606209480181, 0.0 ], [ -116.577455221692233, 43.595639832417106, 0.0 ], [ -116.577535618096476, 43.595672115282113, 0.0 ], [ -116.577616883374489, 43.595710587257628, 0.0 ], [ -116.577965868955573, 43.595935256978478, 0.0 ], [ -116.578025316358577, 43.595969120596628, 0.0 ], [ -116.578065558616018, 43.595988357893923, 0.0 ], [ -116.578107666971164, 43.596000436585719, 0.0 ], [ -116.578289080520889, 43.59603913218627, 0.0 ], [ -116.578345592976348, 43.596050154107878, 0.0 ], [ -116.578376608050007, 43.596065647989462, 0.0 ], [ -116.578399150134473, 43.596084537269611, 0.0 ], [ -116.57842251721047, 43.596115804280238, 0.0 ], [ -116.578443917778898, 43.59614708553697, 0.0 ], [ -116.578487840914434, 43.596195826818516, 0.0 ], [ -116.57858573341116, 43.596306708459892, 0.0 ], [ -116.578637892869793, 43.596384786675451, 0.0 ], [ -116.578678892543223, 43.596459269713996, 0.0 ], [ -116.578716043970545, 43.596529938964601, 0.0 ], [ -116.5788010395854, 43.59671606768346, 0.0 ], [ -116.578835740522152, 43.596776917356792, 0.0 ], [ -116.578882956146515, 43.596858842363062, 0.0 ], [ -116.57894858204358, 43.596960772910002, 0.0 ], [ -116.579008069021512, 43.597045124684989, 0.0 ], [ -116.57906004015004, 43.597107144302989, 0.0 ], [ -116.579129849396807, 43.597179513598952, 0.0 ] ] } },
{ "type": "Feature", "properties": { "OBJECTID": 424, "UNIQID": "BPP427", "OWNER": "Private", "MANAGER": "Private", "STATUS": "Active", "INSTALLED": null, "FTR_FUNCTN": "Pathway", "FTR_TYP": "Trail", "OVPATHNAME": "Private Pathway", "SGPATHLMT": "Carriage Hill North Sub Only", "SRFMATRL": "Asphalt" }, "geometry": { "type": "LineString", "coordinates": [ [ -116.619361295265989, 43.557357003168477, 0.0 ], [ -116.618830470929154, 43.557498229625679, 0.0 ] ] } },
{ "type": "Feature", "properties": { "OBJECTID": 425, "UNIQID": "BPP428", "OWNER": "Private", "MANAGER": "Private", "STATUS": "Active", "INSTALLED": null, "FTR_FUNCTN": "Pathway", "FTR_TYP": "Trail", "OVPATHNAME": "Private Pathway", "SGPATHLMT": "Carriage Hill North Sub Only", "SRFMATRL": "Asphalt" }, "geometry": { "type": "LineString", "coordinates": [ [ -116.61873065368242, 43.557525423658028, 0.0 ], [ -116.61868857852987, 43.557537174840022, 0.0 ] ] } },
{ "type": "Feature", "properties": { "OBJECTID": 426, "UNIQID": "BPP429", "OWNER": "Private", "MANAGER": "Private", "STATUS": "Active", "INSTALLED": null, "FTR_FUNCTN": "Pathway", "FTR_TYP": "Trail", "OVPATHNAME": "Private Pathway", "SGPATHLMT": "Carriage Hill North Sub Only", "SRFMATRL": "Asphalt" }, "geometry": { "type": "LineString", "coordinates": [ [ -116.618779090807152, 43.557682952937469, 0.0 ], [ -116.61868857852987, 43.557537174840022, 0.0 ], [ -116.618674702294385, 43.557528706677601, 0.0 ], [ -116.618658872311855, 43.557520968050191, 0.0 ], [ -116.61864507942596, 43.557518214984185, 0.0 ], [ -116.618627407349123, 43.557519063948845, 0.0 ], [ -116.618470739238489, 43.557555262390224, 0.0 ], [ -116.618449158401191, 43.55755757040388, 0.0 ], [ -116.618433441302045, 43.557557689796106, 0.0 ], [ -116.618419668931821, 43.557556365030329, 0.0 ], [ -116.618405844033262, 43.557551469003691, 0.0 ], [ -116.61822831456989, 43.557366341353543, 0.0 ], [ -116.618212330808987, 43.557347886156371, 0.0 ], [ -116.618204246622184, 43.557332229732715, 0.0 ], [ -116.618199037261391, 43.557311549534496, 0.0 ], [ -116.618192588837459, 43.557273016852989, 0.0 ], [ -116.618192976527453, 43.557231575289883, 0.0 ], [ -116.618197373999152, 43.556853587867977, 0.0 ], [ -116.618196073404008, 43.556831449500471, 0.0 ], [ -116.618190853831223, 43.556810054685826, 0.0 ], [ -116.618182636376019, 43.556785110978254, 0.0 ], [ -116.618169548117848, 43.556763062125725, 0.0 ], [ -116.618153544029781, 43.556743178589151, 0.0 ], [ -116.618129640470997, 43.556720496268646, 0.0 ], [ -116.618104836379686, 43.556703537415437, 0.0 ], [ -116.618080095082561, 43.556690865330708, 0.0 ], [ -116.617658812336614, 43.556497584376473, 0.0 ], [ -116.617635103833649, 43.556488476015417, 0.0 ], [ -116.617607476385743, 43.556480112082269, 0.0 ], [ -116.617570988668589, 43.556470386897118, 0.0 ], [ -116.617539471793876, 43.556464910330355, 0.0 ], [ -116.617506995281289, 43.556460869520315, 0.0 ], [ -116.617471570954422, 43.556456851968726, 0.0 ], [ -116.617422404037697, 43.556453652469173, 0.0 ], [ -116.617350654762959, 43.55645133896973, 0.0 ], [ -116.617161950517769, 43.556445626251673, 0.0 ], [ -116.617095092578936, 43.55644184610663, 0.0 ], [ -116.617031160760405, 43.556436615247307, 0.0 ], [ -116.616956403474219, 43.556430037962137, 0.0 ], [ -116.616816639625711, 43.55641180647158, 0.0 ], [ -116.616673898565594, 43.556391455104468, 0.0 ], [ -116.616559685544701, 43.556373744291477, 0.0 ], [ -116.616404113027883, 43.556349202595889, 0.0 ], [ -116.616265199092581, 43.556321676595623, 0.0 ], [ -116.616177446684347, 43.556299478546919, 0.0 ], [ -116.616095465960043, 43.556268663103651, 0.0 ] ] } },
{ "type": "Feature", "properties": { "OBJECTID": 427, "UNIQID": "BPP430", "OWNER": "Private", "MANAGER": "Private", "STATUS": "Active", "INSTALLED": null, "FTR_FUNCTN": "Pathway", "FTR_TYP": "Trail", "OVPATHNAME": "Private Pathway", "SGPATHLMT": "Carriage Hill North Sub Only", "SRFMATRL": "Asphalt" }, "geometry": { "type": "LineString", "coordinates": [ [ -116.616095465960043, 43.556268663103651, 0.0 ], [ -116.61600259726292, 43.556232214343154, 0.0 ] ] } },
{ "type": "Feature", "properties": { "OBJECTID": 428, "UNIQID": "BPP431", "OWNER": "Private", "MANAGER": "Private", "STATUS": "Active", "INSTALLED": null, "FTR_FUNCTN": "Pathway", "FTR_TYP": "Trail", "OVPATHNAME": "Private Pathway", "SGPATHLMT": "Carriage Hill North Sub Only", "SRFMATRL": "Asphalt" }, "geometry": { "type": "LineString", "coordinates": [ [ -116.61600259726292, 43.556232214343154, 0.0 ], [ -116.615946268362933, 43.556209063388003, 0.0 ], [ -116.615642012818242, 43.556092051819284, 0.0 ], [ -116.615555110629316, 43.556060558559317, 0.0 ], [ -116.61546124974052, 43.556023402177175, 0.0 ], [ -116.615361516274987, 43.555987719553272, 0.0 ], [ -116.615252953425994, 43.555952817458611, 0.0 ], [ -116.615179844005056, 43.555924077389683, 0.0 ], [ -116.615112588144356, 43.555892435111353, 0.0 ], [ -116.615052208101304, 43.555860741666592, 0.0 ], [ -116.61499970687278, 43.555830416161008, 0.0 ], [ -116.614934171164947, 43.555781613555936, 0.0 ], [ -116.614873495005256, 43.555729202490461, 0.0 ], [ -116.614830562070537, 43.555680943522702, 0.0 ], [ -116.61479440273898, 43.55562548818088, 0.0 ], [ -116.614769211790559, 43.555581381331933, 0.0 ], [ -116.61474587247163, 43.555529402460088, 0.0 ], [ -116.614705969927329, 43.555418246529058, 0.0 ], [ -116.614680472675872, 43.555352708416464, 0.0 ], [ -116.614665187111726, 43.555314243259538, 0.0 ], [ -116.61465618281153, 43.555302879889368, 0.0 ], [ -116.614644323900478, 43.555297967635951, 0.0 ], [ -116.614626592361489, 43.555294530079799, 0.0 ], [ -116.614529212641983, 43.555285978218002, 0.0 ] ] } },
{ "type": "Feature", "properties": { "OBJECTID": 429, "UNIQID": "BPP432", "OWNER": "Private", "MANAGER": "Private", "STATUS": "Active", "INSTALLED": null, "FTR_FUNCTN": "Pathway", "FTR_TYP": "Trail", "OVPATHNAME": "Private Pathway", "SGPATHLMT": "Carriage Hill North Sub Only", "SRFMATRL": "Asphalt" }, "geometry": { "type": "LineString", "coordinates": [ [ -116.61499970687278, 43.555830416161008, 0.0 ], [ -116.614842095230827, 43.556075242010522, 0.0 ] ] } },
{ "type": "Feature", "properties": { "OBJECTID": 430, "UNIQID": "BPP433", "OWNER": "Private", "MANAGER": "Private", "STATUS": "Active", "INSTALLED": null, "FTR_FUNCTN": "Pathway", "FTR_TYP": "Trail", "OVPATHNAME": "Private Pathway", "SGPATHLMT": "Carriage Hill North Sub Only", "SRFMATRL": "Asphalt" }, "geometry": { "type": "LineString", "coordinates": [ [ -116.618830470929154, 43.557498229625679, 0.0 ], [ -116.61873065368242, 43.557525423658028, 0.0 ] ] } },
{ "type": "Feature", "properties": { "OBJECTID": 431, "UNIQID": "BPP434", "OWNER": "Private", "MANAGER": "Private", "STATUS": "Active", "INSTALLED": null, "FTR_FUNCTN": "Pathway", "FTR_TYP": "Trail", "OVPATHNAME": "Private Pathway", "SGPATHLMT": "Carriage Hill Sub Only", "SRFMATRL": "Asphalt" }, "geometry": { "type": "LineString", "coordinates": [ [ -116.617200624756421, 43.552447873714364, 0.0 ], [ -116.617087805242278, 43.552755237032443, 0.0 ] ] } },
{ "type": "Feature", "properties": { "OBJECTID": 432, "UNIQID": "BPP435", "OWNER": "Private", "MANAGER": "Private", "STATUS": "Active", "INSTALLED": null, "FTR_FUNCTN": "Pathway", "FTR_TYP": "Trail", "OVPATHNAME": "Private Pathway", "SGPATHLMT": "Carriage Hill Sub Only", "SRFMATRL": "Asphalt" }, "geometry": { "type": "LineString", "coordinates": [ [ -116.617423072959852, 43.552546926251516, 0.0 ], [ -116.61775430642642, 43.552680780198749, 0.0 ], [ -116.617821449538454, 43.552697648189927, 0.0 ], [ -116.617857461633633, 43.552697240704809, 0.0 ], [ -116.617900577657437, 43.552689768273417, 0.0 ], [ -116.617940654143581, 43.552679365620193, 0.0 ], [ -116.617964105703606, 43.552667137720057, 0.0 ], [ -116.617983258336466, 43.55265123757524, 0.0 ], [ -116.618003844634799, 43.552629683713391, 0.0 ], [ -116.618039377694032, 43.552572970335234, 0.0 ], [ -116.618093008886532, 43.552476824948101, 0.0 ] ] } },
{ "type": "Feature", "properties": { "OBJECTID": 433, "UNIQID": "BPP436", "OWNER": "Private", "MANAGER": "Private", "STATUS": "Active", "INSTALLED": null, "FTR_FUNCTN": "Multiuse", "FTR_TYP": "Trail", "OVPATHNAME": "Private Pathway", "SGPATHLMT": "Carriage Hill Sub Only", "SRFMATRL": "Asphalt" }, "geometry": { "type": "LineString", "coordinates": [ [ -116.617338026143955, 43.552507561331787, 0.0 ], [ -116.617423072959852, 43.552546926251516, 0.0 ] ] } },
{ "type": "Feature", "properties": { "OBJECTID": 434, "UNIQID": "BPP437", "OWNER": "Private", "MANAGER": "Private", "STATUS": "Active", "INSTALLED": null, "FTR_FUNCTN": "Multiuse", "FTR_TYP": "Trail", "OVPATHNAME": "Private Pathway", "SGPATHLMT": "Carriage Hill Sub Only", "SRFMATRL": "Asphalt" }, "geometry": { "type": "LineString", "coordinates": [ [ -116.618667266627952, 43.553045387019836, 0.0 ], [ -116.618873679057913, 43.553052033821331, 0.0 ] ] } },
{ "type": "Feature", "properties": { "OBJECTID": 435, "UNIQID": "BPP195", "OWNER": "Private", "MANAGER": "Private", "STATUS": "Active", "INSTALLED": null, "FTR_FUNCTN": "Pathway", "FTR_TYP": "Trail", "OVPATHNAME": "Private Pathway", "SGPATHLMT": "Carriage Hill Sub Only", "SRFMATRL": "Asphalt" }, "geometry": { "type": "LineString", "coordinates": [ [ -116.621786693904426, 43.551421870135542, 0.0 ], [ -116.621829840070291, 43.551429548551056, 0.0 ], [ -116.622381534996563, 43.551415269550915, 0.0 ], [ -116.622441163570798, 43.551416877593169, 0.0 ], [ -116.622480496403682, 43.551424782889008, 0.0 ], [ -116.622508579688926, 43.551444784279354, 0.0 ], [ -116.622525896152183, 43.551462818270458, 0.0 ], [ -116.622534059460278, 43.551480248829577, 0.0 ], [ -116.62253772350553, 43.551519506444322, 0.0 ], [ -116.622566250236389, 43.552720484889463, 0.0 ], [ -116.62256833289608, 43.552843383457621, 0.0 ], [ -116.622575097243953, 43.552868572886815, 0.0 ], [ -116.62258453824154, 43.552888509510737, 0.0 ], [ -116.622604561039651, 43.55291455366519, 0.0 ], [ -116.622629519906297, 43.55294234597001, 0.0 ], [ -116.623554632789606, 43.55395025179152, 0.0 ], [ -116.623623022412417, 43.554042142311573, 0.0 ], [ -116.623715079224382, 43.554061975857692, 0.0 ], [ -116.623747472440158, 43.554105367712339, 0.0 ] ] } },
{ "type": "Feature", "properties": { "OBJECTID": 436, "UNIQID": "BPP438", "OWNER": "Private", "MANAGER": "Private", "STATUS": "Active", "INSTALLED": null, "FTR_FUNCTN": "Multiuse", "FTR_TYP": "Trail", "OVPATHNAME": "Private Pathway", "SGPATHLMT": "Carriage Hill Sub Only", "SRFMATRL": "Asphalt" }, "geometry": { "type": "LineString", "coordinates": [ [ -116.621694809929352, 43.551365793219212, 0.0 ], [ -116.621786693904426, 43.551421870135542, 0.0 ] ] } },
{ "type": "Feature", "properties": { "OBJECTID": 437, "UNIQID": "BPP439", "OWNER": "Private", "MANAGER": "Private", "STATUS": "Active", "INSTALLED": null, "FTR_FUNCTN": "Pathway", "FTR_TYP": "Trail", "OVPATHNAME": "Private Pathway", "SGPATHLMT": "Carriage Hill Sub Only", "SRFMATRL": "Asphalt" }, "geometry": { "type": "LineString", "coordinates": [ [ -116.621179554092038, 43.551377727270378, 0.0 ], [ -116.621694809929352, 43.551365793219212, 0.0 ] ] } },
{ "type": "Feature", "properties": { "OBJECTID": 438, "UNIQID": "BPP196", "OWNER": "Private", "MANAGER": "Private", "STATUS": "Active", "INSTALLED": null, "FTR_FUNCTN": "Pathway", "FTR_TYP": "Trail", "OVPATHNAME": "Private Pathway", "SGPATHLMT": "Carriage Hill Sub Only", "SRFMATRL": "Asphalt" }, "geometry": { "type": "LineString", "coordinates": [ [ -116.618873679057913, 43.553052033821331, 0.0 ], [ -116.618970556591236, 43.553044966088812, 0.0 ], [ -116.619058892084325, 43.553034709288298, 0.0 ], [ -116.619106456401383, 43.553022602994155, 0.0 ], [ -116.619151227798696, 43.553004064980499, 0.0 ], [ -116.619191892555165, 43.552978278031752, 0.0 ], [ -116.61922727212594, 43.552948060375492, 0.0 ], [ -116.619263921488653, 43.55290639437677, 0.0 ], [ -116.619294494645487, 43.55286906722219, 0.0 ], [ -116.61953153699416, 43.552515646768732, 0.0 ], [ -116.619750189511265, 43.552200248005192, 0.0 ], [ -116.619873009723619, 43.552041353047912, 0.0 ], [ -116.619896661036861, 43.552015696195383, 0.0 ], [ -116.619927269724414, 43.551985628934517, 0.0 ], [ -116.619982027888554, 43.551941829345708, 0.0 ], [ -116.620054006796977, 43.551891479045857, 0.0 ], [ -116.620187848700283, 43.551803109491225, 0.0 ], [ -116.620686697897725, 43.551485575834043, 0.0 ], [ -116.620716457492207, 43.551467150630984, 0.0 ], [ -116.620743330313232, 43.551456754842391, 0.0 ], [ -116.620790248947685, 43.551448390946867, 0.0 ], [ -116.6208451430727, 43.551436026471286, 0.0 ], [ -116.620895937064148, 43.551420652609899, 0.0 ], [ -116.620952653178037, 43.551397654629902, 0.0 ] ] } },
{ "type": "Feature", "properties": { "OBJECTID": 439, "UNIQID": "BPP197", "OWNER": "Private", "MANAGER": "Private", "STATUS": "Active", "INSTALLED": null, "FTR_FUNCTN": "Multiuse", "FTR_TYP": "Trail", "OVPATHNAME": "Private Pathway", "SGPATHLMT": "Carriage Hill Sub Only", "SRFMATRL": "Asphalt" }, "geometry": { "type": "LineString", "coordinates": [ [ -116.620952653178037, 43.551397654629902, 0.0 ], [ -116.621179554092038, 43.551377727270378, 0.0 ] ] } },
{ "type": "Feature", "properties": { "OBJECTID": 440, "UNIQID": "BPP440", "OWNER": "Private", "MANAGER": "Private", "STATUS": "Active", "INSTALLED": null, "FTR_FUNCTN": "Pathway", "FTR_TYP": "Trail", "OVPATHNAME": "Private Pathway", "SGPATHLMT": "Carriage Hill Sub Only", "SRFMATRL": "Asphalt" }, "geometry": { "type": "LineString", "coordinates": [ [ -116.617091937629368, 43.550803169169818, 0.0 ], [ -116.617036381804397, 43.550833962248383, 0.0 ], [ -116.616981787176996, 43.55086878953388, 0.0 ], [ -116.616911582710813, 43.550928284039585, 0.0 ], [ -116.616826657672846, 43.551008272354224, 0.0 ], [ -116.616769409879453, 43.55106402846053, 0.0 ], [ -116.61670572931213, 43.551159869586883, 0.0 ] ] } },
{ "type": "Feature", "properties": { "OBJECTID": 441, "UNIQID": "BPP441", "OWNER": "Private", "MANAGER": "Private", "STATUS": "Active", "INSTALLED": null, "FTR_FUNCTN": "Pathway", "FTR_TYP": "Trail", "OVPATHNAME": "Private Pathway", "SGPATHLMT": "Carriage Hill Sub Only", "SRFMATRL": "Asphalt" }, "geometry": { "type": "LineString", "coordinates": [ [ -116.616667391506738, 43.551226603220655, 0.0 ], [ -116.616643275995131, 43.55125750880709, 0.0 ], [ -116.616597797961802, 43.551305722639491, 0.0 ], [ -116.616519343478103, 43.551383479791319, 0.0 ], [ -116.616496189880451, 43.551412948670269, 0.0 ], [ -116.616484751242012, 43.551437326808653, 0.0 ], [ -116.616480074224015, 43.551463570947071, 0.0 ], [ -116.616482599323092, 43.551488737967468, 0.0 ], [ -116.61649180054718, 43.551518008425646, 0.0 ], [ -116.616710994783219, 43.551938598707508, 0.0 ], [ -116.616787016547519, 43.552102349395518, 0.0 ], [ -116.616822448990106, 43.55217567156074, 0.0 ], [ -116.616865638212772, 43.552241789775245, 0.0 ], [ -116.616922205658213, 43.552304781235755, 0.0 ], [ -116.616970266953999, 43.552345308162231, 0.0 ], [ -116.617009967254873, 43.55237358668527, 0.0 ], [ -116.617200624756421, 43.552447873714364, 0.0 ], [ -116.617338026143955, 43.552507561331787, 0.0 ] ] } },
{ "type": "Feature", "properties": { "OBJECTID": 442, "UNIQID": "BPP442", "OWNER": "Private", "MANAGER": "Private", "STATUS": "Active", "INSTALLED": null, "FTR_FUNCTN": "Multiuse", "FTR_TYP": "Trail", "OVPATHNAME": "Private Pathway", "SGPATHLMT": "Carriage Hill Sub Only", "SRFMATRL": "Asphalt" }, "geometry": { "type": "LineString", "coordinates": [ [ -116.61670572931213, 43.551159869586883, 0.0 ], [ -116.616667391506738, 43.551226603220655, 0.0 ] ] } },
{ "type": "Feature", "properties": { "OBJECTID": 443, "UNIQID": "BPP443", "OWNER": "Private", "MANAGER": "Private", "STATUS": "Active", "INSTALLED": null, "FTR_FUNCTN": "Pathway", "FTR_TYP": "Trail", "OVPATHNAME": "Private Pathway", "SGPATHLMT": "Carriage Hill Sub Only", "SRFMATRL": "Asphalt" }, "geometry": { "type": "LineString", "coordinates": [ [ -116.614875563474683, 43.551183920656335, 0.0 ], [ -116.614756710910157, 43.551083007540328, 0.0 ], [ -116.61470438112795, 43.551041086172688, 0.0 ], [ -116.614675935235439, 43.551011456156978, 0.0 ], [ -116.614647155554422, 43.550970249559178, 0.0 ], [ -116.614623878752425, 43.550940512927141, 0.0 ], [ -116.614588395392531, 43.550908752429365, 0.0 ], [ -116.614562972445682, 43.550880555912194, 0.0 ], [ -116.614559457376259, 43.550863734112298, 0.0 ], [ -116.614562441798881, 43.550843435517351, 0.0 ], [ -116.614576552739663, 43.550825098744255, 0.0 ], [ -116.614595048907105, 43.550814071956786, 0.0 ], [ -116.614625666061599, 43.550804191157916, 0.0 ], [ -116.61466083536024, 43.550795376764867, 0.0 ], [ -116.61473481525465, 43.550789721658575, 0.0 ], [ -116.615321062730459, 43.550774071335113, 0.0 ], [ -116.615836341477547, 43.550762284136482, 0.0 ], [ -116.616205505551505, 43.550753838562507, 0.0 ], [ -116.616430728093619, 43.550756499266775, 0.0 ], [ -116.616921086791692, 43.550753510151587, 0.0 ], [ -116.616960162041309, 43.550755354316756, 0.0 ], [ -116.617003302104322, 43.550763805101923, 0.0 ], [ -116.617049564007317, 43.550779469131676, 0.0 ], [ -116.617091937629368, 43.550803169169818, 0.0 ], [ -116.617128277208153, 43.550824731276265, 0.0 ], [ -116.617171124670676, 43.550856788873361, 0.0 ], [ -116.617214390981644, 43.550897598710499, 0.0 ], [ -116.61728760144905, 43.550977843208194, 0.0 ], [ -116.617373309067688, 43.551079486725698, 0.0 ], [ -116.617425735270373, 43.551137231986225, 0.0 ], [ -116.617563597524963, 43.551310594260883, 0.0 ], [ -116.617607526225058, 43.551372863095921, 0.0 ], [ -116.617647431000094, 43.551433706063776, 0.0 ], [ -116.61784081951707, 43.551778410386675, 0.0 ], [ -116.617953204986975, 43.551985487694971, 0.0 ], [ -116.617983494556981, 43.55204625141694, 0.0 ], [ -116.618008388591093, 43.552107208215396, 0.0 ], [ -116.618030005464689, 43.552172298921185, 0.0 ], [ -116.618048088382238, 43.552223374640391, 0.0 ], [ -116.618060912809909, 43.552280055702859, 0.0 ], [ -116.618075363984786, 43.552380399854151, 0.0 ], [ -116.618093008886532, 43.552476824948101, 0.0 ], [ -116.618125940596613, 43.552626782687341, 0.0 ], [ -116.618138659453706, 43.552676184398479, 0.0 ], [ -116.618161281261948, 43.552718232567145, 0.0 ], [ -116.618191816724178, 43.552753669588391, 0.0 ], [ -116.618240572570386, 43.552803525807526, 0.0 ], [ -116.618293903998506, 43.552853128525726, 0.0 ], [ -116.618348021267252, 43.55289806804852, 0.0 ], [ -116.618418742217727, 43.552944118183376, 0.0 ], [ -116.618479374887002, 43.552982195172035, 0.0 ], [ -116.618554866474497, 43.553014420101285, 0.0 ], [ -116.618614959215208, 43.553034196356762, 0.0 ], [ -116.618667266627952, 43.553045387019836, 0.0 ] ] } },
{ "type": "Feature", "properties": { "OBJECTID": 444, "UNIQID": "BPP444", "OWNER": "Private", "MANAGER": "Private", "STATUS": "Active", "INSTALLED": null, "FTR_FUNCTN": "Multiuse", "FTR_TYP": "Trail", "OVPATHNAME": "Private Pathway", "SGPATHLMT": "Carriage Hill Sub Only", "SRFMATRL": "Asphalt" }, "geometry": { "type": "LineString", "coordinates": [ [ -116.615014537214776, 43.551244015042862, 0.0 ], [ -116.614875563474683, 43.551183920656335, 0.0 ] ] } },
{ "type": "Feature", "properties": { "OBJECTID": 445, "UNIQID": "BPP445", "OWNER": "Private", "MANAGER": "Private", "STATUS": "Active", "INSTALLED": null, "FTR_FUNCTN": "Pathway", "FTR_TYP": "Trail", "OVPATHNAME": "Private Pathway", "SGPATHLMT": "Carriage Hill Sub Only", "SRFMATRL": "Asphalt" }, "geometry": { "type": "LineString", "coordinates": [ [ -116.616502154246888, 43.55420486872751, 0.0 ], [ -116.616500892371306, 43.554186679745776, 0.0 ], [ -116.616491395684349, 43.554152539213369, 0.0 ], [ -116.61646763777054, 43.55410103641465, 0.0 ], [ -116.616447468641084, 43.554050543345447, 0.0 ], [ -116.61641679540098, 43.553975491001843, 0.0 ], [ -116.616391130442992, 43.553930553682981, 0.0 ], [ -116.61636728832805, 43.553874025251197, 0.0 ], [ -116.616330405925936, 43.553813818744352, 0.0 ], [ -116.616285538147451, 43.553755923924136, 0.0 ], [ -116.616223158283177, 43.553663222866774, 0.0 ], [ -116.616203580063242, 43.55362406313585, 0.0 ] ] } },
{ "type": "Feature", "properties": { "OBJECTID": 446, "UNIQID": "BPP446", "OWNER": "Private", "MANAGER": "Private", "STATUS": "Active", "INSTALLED": null, "FTR_FUNCTN": "Pathway", "FTR_TYP": "Trail", "OVPATHNAME": "Private Pathway", "SGPATHLMT": "Carriage Hill Sub Only", "SRFMATRL": "Asphalt" }, "geometry": { "type": "LineString", "coordinates": [ [ -116.616175506586345, 43.55355075525155, 0.0 ], [ -116.616121945854502, 43.553444883426401, 0.0 ], [ -116.61607277302349, 43.553365912509399, 0.0 ], [ -116.616048129325264, 43.553322423759759, 0.0 ], [ -116.615985135330078, 43.553186779073364, 0.0 ], [ -116.615925074125187, 43.553063622850452, 0.0 ], [ -116.615862366669347, 43.552930750977929, 0.0 ], [ -116.61582038053254, 43.552849991890731, 0.0 ], [ -116.615789239814063, 43.552786448188506, 0.0 ], [ -116.615737473048284, 43.552666004101731, 0.0 ], [ -116.615692301081083, 43.552582782067248, 0.0 ], [ -116.615645719589125, 43.552478894114628, 0.0 ], [ -116.615621045315251, 43.552433221815065, 0.0 ], [ -116.615605544010791, 43.552399126662493, 0.0 ], [ -116.615582663661471, 43.55233888228986, 0.0 ], [ -116.615555905177828, 43.552287402002399, 0.0 ], [ -116.615531199802433, 43.552239546235036, 0.0 ], [ -116.615515211110406, 43.552193872061707, 0.0 ], [ -116.615498926709847, 43.55215243877236, 0.0 ], [ -116.615430169393761, 43.552033579546645, 0.0 ], [ -116.61541338723508, 43.551979840920325, 0.0 ], [ -116.61539369676656, 43.551932674452786, 0.0 ], [ -116.615368084299433, 43.551891376560484, 0.0 ], [ -116.615321875375557, 43.551809470986001, 0.0 ], [ -116.61529300060505, 43.551749999214323, 0.0 ], [ -116.615251472075755, 43.551645492265493, 0.0 ], [ -116.615216551727144, 43.551583155250988, 0.0 ], [ -116.615180807358769, 43.551533198361994, 0.0 ], [ -116.615159157939615, 43.55148895945181, 0.0 ], [ -116.615146721651413, 43.551459208401504, 0.0 ], [ -116.615095506088579, 43.551399101832217, 0.0 ], [ -116.615062277331631, 43.551363033568641, 0.0 ], [ -116.615039710237269, 43.551324623531642, 0.0 ], [ -116.615024473568099, 43.551296613778767, 0.0 ], [ -116.615014537214776, 43.551244015042862, 0.0 ] ] } },
{ "type": "Feature", "properties": { "OBJECTID": 447, "UNIQID": "BPP447", "OWNER": "Private", "MANAGER": "Private", "STATUS": "Active", "INSTALLED": null, "FTR_FUNCTN": "Multiuse", "FTR_TYP": "Trail", "OVPATHNAME": "Private Pathway", "SGPATHLMT": "Carriage Hill Sub Only", "SRFMATRL": "Asphalt" }, "geometry": { "type": "LineString", "coordinates": [ [ -116.616203580063242, 43.55362406313585, 0.0 ], [ -116.616175506586345, 43.55355075525155, 0.0 ] ] } },
{ "type": "Feature", "properties": { "OBJECTID": 448, "UNIQID": "BPP448", "OWNER": "Private", "MANAGER": "Private", "STATUS": "Active", "INSTALLED": null, "FTR_FUNCTN": "Pathway", "FTR_TYP": "Connector", "OVPATHNAME": "Wilson Creek Pathway", "SGPATHLMT": null, "SRFMATRL": "Asphalt" }, "geometry": { "type": "LineString", "coordinates": [ [ -116.562171760437224, 43.540636159249544, 0.0 ], [ -116.56241972968219, 43.540833298484692, 0.0 ], [ -116.562454429287314, 43.540857462223144, 0.0 ], [ -116.562484909452593, 43.540872130880359, 0.0 ], [ -116.562521078085155, 43.540883781509265, 0.0 ], [ -116.562560448518511, 43.540890050963846, 0.0 ], [ -116.562613675794466, 43.540892054365216, 0.0 ], [ -116.562614122328114, 43.540926957795932, 0.0 ] ] } },
{ "type": "Feature", "properties": { "OBJECTID": 449, "UNIQID": "BPP449", "OWNER": "Private", "MANAGER": "Private", "STATUS": "Active", "INSTALLED": null, "FTR_FUNCTN": "Pathway", "FTR_TYP": "Connector", "OVPATHNAME": "Wilson Creek Pathway", "SGPATHLMT": null, "SRFMATRL": "Asphalt" }, "geometry": { "type": "LineString", "coordinates": [ [ -116.56096674310777, 43.54053043769332, 0.0 ], [ -116.560841444228274, 43.540795362756157, 0.0 ] ] } },
{ "type": "Feature", "properties": { "OBJECTID": 450, "UNIQID": "BPP450", "OWNER": "Private", "MANAGER": "Private", "STATUS": "Active", "INSTALLED": null, "FTR_FUNCTN": "Pathway", "FTR_TYP": "Connector", "OVPATHNAME": "Wilson Creek Pathway", "SGPATHLMT": null, "SRFMATRL": "Asphalt" }, "geometry": { "type": "LineString", "coordinates": [ [ -116.559485936061009, 43.539817172448991, 0.0 ], [ -116.559177407495241, 43.540037428337776, 0.0 ] ] } },
{ "type": "Feature", "properties": { "OBJECTID": 451, "UNIQID": "BPP451", "OWNER": "Private", "MANAGER": "Private", "STATUS": "Active", "INSTALLED": null, "FTR_FUNCTN": "Pathway", "FTR_TYP": "Connector", "OVPATHNAME": "Wilson Creek Pathway", "SGPATHLMT": null, "SRFMATRL": "Asphalt" }, "geometry": { "type": "LineString", "coordinates": [ [ -116.558342540322641, 43.538774276196172, 0.0 ], [ -116.557908258831148, 43.538875371562192, 0.0 ] ] } },
{ "type": "Feature", "properties": { "OBJECTID": 452, "UNIQID": "BPP452", "OWNER": "Nampa", "MANAGER": "Nampa", "STATUS": "Active", "INSTALLED": null, "FTR_FUNCTN": "Pathway", "FTR_TYP": "Pathway", "OVPATHNAME": "Indian Creek Pathway", "SGPATHLMT": "Sugar St to Kings Rd", "SRFMATRL": "Asphalt" }, "geometry": { "type": "LineString", "coordinates": [ [ -116.540463221027764, 43.569955035828976, 0.0 ], [ -116.540456548779773, 43.569933291090948, 0.0 ], [ -116.540448473574784, 43.569916914434359, 0.0 ], [ -116.540434414056023, 43.569893719380481, 0.0 ], [ -116.540416949163159, 43.569873192405595, 0.0 ], [ -116.540380989550385, 43.569835555201131, 0.0 ], [ -116.540298783920505, 43.569761083032553, 0.0 ], [ -116.540217948765999, 43.569685125496576, 0.0 ], [ -116.540067993168208, 43.569537046573117, 0.0 ], [ -116.539915459545981, 43.569391624625077, 0.0 ], [ -116.539701928925354, 43.569186790847645, 0.0 ], [ -116.539468475604764, 43.568967395370244, 0.0 ], [ -116.539305251912367, 43.568808481120016, 0.0 ], [ -116.539180615868986, 43.568680608055097, 0.0 ], [ -116.538994819635292, 43.568489983308218, 0.0 ], [ -116.53889480749757, 43.568378823433271, 0.0 ], [ -116.538820165584781, 43.568281217869753, 0.0 ], [ -116.538781293349416, 43.568213850553626, 0.0 ], [ -116.538751515057214, 43.568140703852961, 0.0 ], [ -116.538715937872766, 43.568024729182682, 0.0 ], [ -116.538681250514998, 43.567922482312298, 0.0 ], [ -116.53866405220316, 43.567859489405478, 0.0 ], [ -116.538650062058665, 43.56779560125279, 0.0 ], [ -116.538641394180672, 43.567733740346391, 0.0 ], [ -116.538628038207776, 43.567613802162668, 0.0 ], [ -116.538620755774389, 43.56755764742514, 0.0 ], [ -116.538608394095988, 43.567513912404273, 0.0 ], [ -116.538589444732395, 43.56746736405799, 0.0 ], [ -116.538571992638552, 43.56743509560463, 0.0 ], [ -116.538546232164663, 43.567402194967705, 0.0 ], [ -116.538498678319044, 43.567349074136793, 0.0 ], [ -116.538319613603448, 43.567170101510108, 0.0 ], [ -116.538225597548546, 43.567093587405765, 0.0 ], [ -116.538151504818984, 43.567037893249328, 0.0 ], [ -116.538103935328436, 43.5670067846699, 0.0 ], [ -116.538043328494638, 43.566980528447132, 0.0 ], [ -116.537993003622759, 43.566967847065676, 0.0 ], [ -116.537915471745038, 43.566949804866411, 0.0 ], [ -116.537858306602672, 43.566936385667987, 0.0 ], [ -116.537824778377882, 43.566927090804946, 0.0 ], [ -116.537795715728492, 43.566908714503938, 0.0 ], [ -116.537772303399265, 43.566892850186761, 0.0 ], [ -116.537727365774288, 43.566862675635853, 0.0 ], [ -116.537681230335053, 43.566841082915289, 0.0 ], [ -116.537624640695896, 43.566821467743374, 0.0 ], [ -116.537568051093118, 43.566801852543108, 0.0 ], [ -116.537505009234934, 43.566789903034277, 0.0 ], [ -116.537457738089614, 43.566781655050512, 0.0 ], [ -116.537404029533093, 43.566782024980469, 0.0 ], [ -116.53733604597403, 43.566792972335584, 0.0 ], [ -116.537247177458411, 43.566809778298754, 0.0 ], [ -116.537142701948014, 43.566835266146853, 0.0 ], [ -116.537017363719059, 43.566868518796348, 0.0 ], [ -116.536924739891319, 43.566898687364699, 0.0 ], [ -116.536855632530859, 43.566923931495111, 0.0 ], [ -116.53674871478762, 43.566963248056609, 0.0 ], [ -116.536645579366223, 43.566991107932104, 0.0 ], [ -116.536492855908477, 43.567034074353643, 0.0 ], [ -116.536293014647725, 43.567080697772212, 0.0 ], [ -116.53621732391278, 43.567103771612139, 0.0 ], [ -116.536011900320275, 43.567174083450077, 0.0 ], [ -116.53569900765757, 43.567271524029493, 0.0 ], [ -116.535536961872268, 43.567323575093084, 0.0 ], [ -116.535464667015731, 43.567343574610845, 0.0 ], [ -116.535395290274025, 43.567360272216533, 0.0 ], [ -116.535283583056923, 43.567383902502058, 0.0 ], [ -116.535179092084661, 43.567408435438786, 0.0 ], [ -116.535083826292052, 43.567437192176584, 0.0 ], [ -116.535011857476391, 43.567463159631139, 0.0 ], [ -116.534921147179219, 43.567493930913741, 0.0 ], [ -116.534828853193346, 43.567526108174349, 0.0 ], [ -116.534730324195294, 43.567555839340606, 0.0 ], [ -116.534661859471484, 43.567568064770555, 0.0 ], [ -116.534485928991273, 43.567601813991175, 0.0 ], [ -116.534300377309393, 43.567639286113099, 0.0 ], [ -116.534231726286563, 43.567649283878922, 0.0 ], [ -116.534169525562817, 43.567651615186676, 0.0 ], [ -116.534112502664385, 43.567649148439472, 0.0 ], [ -116.533926197026162, 43.567628516406437, 0.0 ], [ -116.53375350089452, 43.567614647845048, 0.0 ], [ -116.533671771703951, 43.567608350140191, 0.0 ], [ -116.533596119103422, 43.567602314065667, 0.0 ], [ -116.533515664728426, 43.56759274909524, 0.0 ], [ -116.533397566866512, 43.567578316770181, 0.0 ], [ -116.533273069267864, 43.567556543627163, 0.0 ], [ -116.533164510744712, 43.567538950207975, 0.0 ], [ -116.533082518137419, 43.567530462106212, 0.0 ], [ -116.532998603115175, 43.567525321137929, 0.0 ] ] } },
{ "type": "Feature", "properties": { "OBJECTID": 453, "UNIQID": "BPP453", "OWNER": "Nampa", "MANAGER": "Nampa", "STATUS": "Active", "INSTALLED": null, "FTR_FUNCTN": "Pathway", "FTR_TYP": "Pathway", "OVPATHNAME": "Grimes Creek Pathway", "SGPATHLMT": "Franklin Blvd to Birch Ln", "SRFMATRL": "Asphalt" }, "geometry": { "type": "LineString", "coordinates": [ [ -116.548706968221197, 43.612365235904747, 0.0 ], [ -116.548702965733739, 43.612434328242173, 0.0 ], [ -116.548704139083668, 43.612461112653193, 0.0 ], [ -116.548708512516797, 43.612481920492307, 0.0 ], [ -116.548716130835459, 43.612500323974068, 0.0 ], [ -116.548731162635804, 43.612521653213392, 0.0 ], [ -116.548751134543764, 43.612544733746738, 0.0 ], [ -116.548820867523503, 43.612612714981061, 0.0 ], [ -116.548917189810666, 43.61270849470008, 0.0 ], [ -116.549006098879318, 43.612801348594672, 0.0 ], [ -116.549110033605402, 43.61291493577788, 0.0 ], [ -116.549208027209389, 43.613013085247935, 0.0 ], [ -116.549387155495452, 43.613196911117079, 0.0 ], [ -116.549409882253613, 43.61324583506196, 0.0 ], [ -116.549609392531039, 43.613459421416572, 0.0 ], [ -116.549945620326895, 43.613800010978473, 0.0 ], [ -116.550423987487008, 43.614279638594255, 0.0 ], [ -116.550774840782083, 43.614634888616862, 0.0 ], [ -116.551042004719861, 43.614907846620028, 0.0 ], [ -116.551414890147143, 43.615292470966814, 0.0 ], [ -116.551630862192582, 43.615511487460701, 0.0 ], [ -116.551935116159626, 43.615812285477908, 0.0 ], [ -116.552126432568727, 43.616000989142591, 0.0 ], [ -116.552706971335795, 43.616568960129115, 0.0 ], [ -116.552816534821105, 43.616673454656556, 0.0 ], [ -116.552849634159259, 43.616697514289427, 0.0 ], [ -116.552895870326907, 43.616723386272341, 0.0 ], [ -116.553001875593424, 43.616759312949725, 0.0 ], [ -116.553041370559342, 43.616769518157312, 0.0 ], [ -116.553077469010503, 43.616772599461989, 0.0 ] ] } },
{ "type": "Feature", "properties": { "OBJECTID": 454, "UNIQID": "BPP454", "OWNER": "Private", "MANAGER": "Private", "STATUS": "Active", "INSTALLED": null, "FTR_FUNCTN": "Pathway", "FTR_TYP": "Connector", "OVPATHNAME": "Grimes Creek Pathway", "SGPATHLMT": null, "SRFMATRL": "Asphalt" }, "geometry": { "type": "LineString", "coordinates": [ [ -116.548948065130617, 43.613305959443025, 0.0 ], [ -116.54905999092928, 43.613243256931021, 0.0 ], [ -116.549409882253613, 43.61324583506196, 0.0 ] ] } },
{ "type": "Feature", "properties": { "OBJECTID": 455, "UNIQID": "BPP455", "OWNER": "Private", "MANAGER": "Private", "STATUS": "Active", "INSTALLED": null, "FTR_FUNCTN": "Pathway", "FTR_TYP": "Connector", "OVPATHNAME": "Grimes Creek Pathway", "SGPATHLMT": null, "SRFMATRL": "Concrete" }, "geometry": { "type": "LineString", "coordinates": [ [ -116.551087395547185, 43.615546781182296, 0.0 ], [ -116.55146950243622, 43.615347853338037, 0.0 ] ] } },
{ "type": "Feature", "properties": { "OBJECTID": 456, "UNIQID": "BPP456", "OWNER": "Nampa", "MANAGER": "Nampa", "STATUS": "Active", "INSTALLED": null, "FTR_FUNCTN": "Pathway", "FTR_TYP": "Pathway", "OVPATHNAME": "Grimes Creek Pathway", "SGPATHLMT": "Birch Ln to RR Tracks", "SRFMATRL": "Asphalt" }, "geometry": { "type": "LineString", "coordinates": [ [ -116.547830885291532, 43.611748767021254, 0.0 ], [ -116.54774144615935, 43.611723145854072, 0.0 ], [ -116.54771404121675, 43.611715467450658, 0.0 ], [ -116.547666110547667, 43.611695804212005, 0.0 ], [ -116.54764115794228, 43.611681618000816, 0.0 ], [ -116.547500002046078, 43.611583979808806, 0.0 ], [ -116.547452505692576, 43.611557608545873, 0.0 ], [ -116.547411244980211, 43.61152566260283, 0.0 ], [ -116.547383486047565, 43.611496432603658, 0.0 ], [ -116.547382400366345, 43.611495364547558, 0.0 ], [ -116.547336015527819, 43.6114559735217, 0.0 ], [ -116.547282537473734, 43.611421656350679, 0.0 ], [ -116.547223006950134, 43.611393080847634, 0.0 ], [ -116.547187201026631, 43.611380179970944, 0.0 ], [ -116.547137477120231, 43.61135958750144, 0.0 ], [ -116.547110887385699, 43.611348050805937, 0.0 ], [ -116.5470522168592, 43.611314043365709, 0.0 ], [ -116.547002821757246, 43.611276597622769, 0.0 ], [ -116.546973723178354, 43.611251433649343, 0.0 ], [ -116.546909469133766, 43.611204354988395, 0.0 ], [ -116.546838478315564, 43.611162697794938, 0.0 ], [ -116.546761612173341, 43.611126968213867, 0.0 ], [ -116.546710035483585, 43.611107510005482, 0.0 ], [ -116.546681719467969, 43.61109544157538, 0.0 ], [ -116.546615619106475, 43.611061246259894, 0.0 ], [ -116.546555939184614, 43.611021300383207, 0.0 ], [ -116.546542381675565, 43.61101068716642, 0.0 ], [ -116.546439788431812, 43.61094631786964, 0.0 ], [ -116.546325665049707, 43.610884135052714, 0.0 ], [ -116.546241257362823, 43.610843678980089, 0.0 ], [ -116.546212421587441, 43.610827033403261, 0.0 ], [ -116.546152636063326, 43.610785711784253, 0.0 ], [ -116.546136239831824, 43.610772410763929, 0.0 ], [ -116.546130093305578, 43.61076661636946, 0.0 ], [ -116.546082978191151, 43.610729139044317, 0.0 ], [ -116.546028855673214, 43.610697044535904, 0.0 ], [ -116.545968879438647, 43.610671018784764, 0.0 ], [ -116.545959252350102, 43.610667604198731, 0.0 ], [ -116.545931450414216, 43.610657479836114, 0.0 ], [ -116.545866601571419, 43.610628032441817, 0.0 ], [ -116.54580773359713, 43.610592566656933, 0.0 ], [ -116.545755896674223, 43.610551716057152, 0.0 ], [ -116.545742770469019, 43.610539408438953, 0.0 ], [ -116.545703537050457, 43.610508986045609, 0.0 ], [ -116.545649724578141, 43.610477075520478, 0.0 ], [ -116.545645964403477, 43.610475443692444, 0.0 ], [ -116.54559009259134, 43.610451198391445, 0.0 ], [ -116.545525909427894, 43.61043190569044, 0.0 ], [ -116.545505303843314, 43.610427330716597, 0.0 ], [ -116.54545003098626, 43.610416377576556, 0.0 ], [ -116.545405070116018, 43.610405071825902, 0.0 ], [ -116.545359036917333, 43.610386185606551, 0.0 ], [ -116.545318755804558, 43.610361311435391, 0.0 ], [ -116.545285680550876, 43.610331346513718, 0.0 ], [ -116.545280004769822, 43.610324790907001, 0.0 ], [ -116.545246643470819, 43.610295865788515, 0.0 ], [ -116.54518622915522, 43.610252800023488, 0.0 ], [ -116.545123271118726, 43.610217400138396, 0.0 ], [ -116.545101725402105, 43.61020643096127, 0.0 ], [ -116.545052093293705, 43.610174906026707, 0.0 ], [ -116.545011854597661, 43.610140441698455, 0.0 ], [ -116.544979879517356, 43.610106986517081, 0.0 ], [ -116.544919347376151, 43.610053723202604, 0.0 ], [ -116.544851485462615, 43.610005348902284, 0.0 ], [ -116.54478403927439, 43.609966052862866, 0.0 ], [ -116.544537516303308, 43.609830074298095, 0.0 ], [ -116.544502179437856, 43.60980987393809, 0.0 ] ] } },
{ "type": "Feature", "properties": { "OBJECTID": 458, "UNIQID": "BPP458", "OWNER": "Nampa", "MANAGER": "Nampa", "STATUS": "Active", "INSTALLED": null, "FTR_FUNCTN": "Multiuse", "FTR_TYP": "Pathway", "OVPATHNAME": "Wilson Creek Pathway", "SGPATHLMT": "Greenhurst Rd", "SRFMATRL": "Asphalt" }, "geometry": { "type": "LineString", "coordinates": [ [ -116.572499048859029, 43.546975814234457, 0.0 ], [ -116.572548712006679, 43.547202249678755, 0.0 ] ] } },
{ "type": "Feature", "properties": { "OBJECTID": 459, "UNIQID": "BPP459", "OWNER": "Private", "MANAGER": "Private", "STATUS": "Active", "INSTALLED": null, "FTR_FUNCTN": "Pathway", "FTR_TYP": "Connector", "OVPATHNAME": "Wilson Creek Pathway", "SGPATHLMT": "Brookside Apts to Wilson Creek Pathway", "SRFMATRL": "Other" }, "geometry": { "type": "LineString", "coordinates": [ [ -116.567896324950681, 43.545466049073333, 0.0 ], [ -116.567777431040156, 43.545535215831428, 0.0 ] ] } },
{ "type": "Feature", "properties": { "OBJECTID": 460, "UNIQID": "BPP460", "OWNER": "State", "MANAGER": "State", "STATUS": "Active", "INSTALLED": null, "FTR_FUNCTN": "Pathway", "FTR_TYP": "Pathway", "OVPATHNAME": "Wilson Creek Pathway", "SGPATHLMT": "Powerline Rd to Sunny Ridge Rd", "SRFMATRL": "Other" }, "geometry": { "type": "LineString", "coordinates": [ [ -116.555687510104406, 43.538885443371719, 0.0 ], [ -116.555523104577944, 43.539021859138543, 0.0 ] ] } },
{ "type": "Feature", "properties": { "OBJECTID": 461, "UNIQID": "BPP461", "OWNER": "Nampa", "MANAGER": "Nampa", "STATUS": "Active", "INSTALLED": null, "FTR_FUNCTN": "Multiuse", "FTR_TYP": "Pathway", "OVPATHNAME": "Wilson Creek Pathway", "SGPATHLMT": "12th Ave Rd", "SRFMATRL": "Concrete" }, "geometry": { "type": "LineString", "coordinates": [ [ -116.572924596525738, 43.549503488031313, 0.0 ], [ -116.572904713132601, 43.549544609890198, 0.0 ], [ -116.572906326442833, 43.549595695235013, 0.0 ], [ -116.5729123462567, 43.549786278737024, 0.0 ] ] } },
{ "type": "Feature", "properties": { "OBJECTID": 462, "UNIQID": "BPP462", "OWNER": "Nampa", "MANAGER": "Nampa", "STATUS": "Active", "INSTALLED": null, "FTR_FUNCTN": "Multiuse", "FTR_TYP": "Pathway", "OVPATHNAME": "Wilson Creek Pathway", "SGPATHLMT": "12th Ave Rd", "SRFMATRL": "Asphalt" }, "geometry": { "type": "LineString", "coordinates": [ [ -116.572584037007161, 43.549308744785094, 0.0 ], [ -116.572913030902711, 43.549327335514747, 0.0 ], [ -116.572924596525738, 43.549503488031313, 0.0 ] ] } },
{ "type": "Feature", "properties": { "OBJECTID": 463, "UNIQID": "BPP463", "OWNER": "Nampa", "MANAGER": "Nampa", "STATUS": "Active", "INSTALLED": null, "FTR_FUNCTN": "Pathway", "FTR_TYP": "Pathway", "OVPATHNAME": "Wilson Creek Pathway", "SGPATHLMT": "Sunny Ridge Rd to Greenhurst Rd", "SRFMATRL": "Asphalt" }, "geometry": { "type": "LineString", "coordinates": [ [ -116.568656338945203, 43.546811598095886, 0.0 ], [ -116.5686673286462, 43.546819798684879, 0.0 ], [ -116.56870585660991, 43.546843491124235, 0.0 ], [ -116.568746077895852, 43.54686392289895, 0.0 ], [ -116.568835027172796, 43.546904249316725, 0.0 ], [ -116.568966854136008, 43.546958463380271, 0.0 ], [ -116.569039773746042, 43.546986393727195, 0.0 ] ] } },
{ "type": "Feature", "properties": { "OBJECTID": 464, "UNIQID": "BPP464", "OWNER": "Private", "MANAGER": "Nampa", "STATUS": "Active", "INSTALLED": null, "FTR_FUNCTN": "Pathway", "FTR_TYP": "Pathway", "OVPATHNAME": "Wilson Creek Pathway", "SGPATHLMT": "Iowa Ave to Lake Lowell Ave", "SRFMATRL": "Other" }, "geometry": { "type": "LineString", "coordinates": [ [ -116.578013487692488, 43.556074486261103, 0.0 ], [ -116.578239053533252, 43.555920518480441, 0.0 ] ] } },
{ "type": "Feature", "properties": { "OBJECTID": 465, "UNIQID": "BPP465", "OWNER": "Private", "MANAGER": "Nampa", "STATUS": "Active", "INSTALLED": null, "FTR_FUNCTN": "Pathway", "FTR_TYP": "Pathway", "OVPATHNAME": "Wilson Creek Pathway", "SGPATHLMT": "Iowa Ave to Lake Lowell Ave", "SRFMATRL": "Other" }, "geometry": { "type": "LineString", "coordinates": [ [ -116.585923528901318, 43.557962674057826, 0.0 ], [ -116.58621160262777, 43.557963499019337, 0.0 ] ] } },
{ "type": "Feature", "properties": { "OBJECTID": 466, "UNIQID": "BPP466", "OWNER": "Private", "MANAGER": "Private", "STATUS": "Active", "INSTALLED": null, "FTR_FUNCTN": "Pathway", "FTR_TYP": "Connector", "OVPATHNAME": "Wilson Creek Pathway", "SGPATHLMT": null, "SRFMATRL": "Asphalt" }, "geometry": { "type": "LineString", "coordinates": [ [ -116.596579064752873, 43.566062852562055, 0.0 ], [ -116.596613782054135, 43.566051084805842, 0.0 ], [ -116.596628901100274, 43.566043192251939, 0.0 ], [ -116.596642902906581, 43.566037372832525, 0.0 ], [ -116.596660189799138, 43.566032243773364, 0.0 ], [ -116.596740567041664, 43.566004989791537, 0.0 ], [ -116.596762540254844, 43.565997191372169, 0.0 ], [ -116.596786951986189, 43.565986293794772, 0.0 ], [ -116.596861853837439, 43.565951518422033, 0.0 ], [ -116.596905727502602, 43.565931352190319, 0.0 ], [ -116.596932444826763, 43.565921389822954, 0.0 ], [ -116.59697224451125, 43.565910139676603, 0.0 ], [ -116.597003579790467, 43.565902524782736, 0.0 ], [ -116.59702579590649, 43.56589854999951, 0.0 ], [ -116.5970460731683, 43.56589649421965, 0.0 ], [ -116.597066363785075, 43.565895391558435, 0.0 ], [ -116.597088967957788, 43.565895700232716, 0.0 ], [ -116.597137577769971, 43.565899394157256, 0.0 ] ] } },
{ "type": "Feature", "properties": { "OBJECTID": 468, "UNIQID": "BPP468", "OWNER": "Nampa", "MANAGER": "Nampa", "STATUS": "Active", "INSTALLED": null, "FTR_FUNCTN": "Multiuse", "FTR_TYP": "Pathway", "OVPATHNAME": "Indian Creek Pathway", "SGPATHLMT": null, "SRFMATRL": "Concrete" }, "geometry": { "type": "LineString", "coordinates": [ [ -116.542869401753464, 43.572584486158355, 0.0 ], [ -116.542876435085915, 43.572566666427598, 0.0 ], [ -116.54288068687373, 43.572538298648631, 0.0 ], [ -116.542881545388482, 43.572402367368738, 0.0 ] ] } },
{ "type": "Feature", "properties": { "OBJECTID": 469, "UNIQID": "BPP469", "OWNER": "Nampa", "MANAGER": "Nampa", "STATUS": "Active", "INSTALLED": null, "FTR_FUNCTN": "Multiuse", "FTR_TYP": "Pathway", "OVPATHNAME": "Indian Creek Pathway", "SGPATHLMT": null, "SRFMATRL": "Asphalt" }, "geometry": { "type": "LineString", "coordinates": [ [ -116.542881545388482, 43.572402367368738, 0.0 ], [ -116.542914377954475, 43.572409679910216, 0.0 ], [ -116.543036978353243, 43.572436985985561, 0.0 ], [ -116.543049156325054, 43.572439698162746, 0.0 ], [ -116.543055131076557, 43.572441028489941, 0.0 ], [ -116.543071171765092, 43.572451014694288, 0.0 ] ] } },
{ "type": "Feature", "properties": { "OBJECTID": 470, "UNIQID": "BPP470", "OWNER": "State", "MANAGER": "State", "STATUS": "Active", "INSTALLED": null, "FTR_FUNCTN": "Pathway", "FTR_TYP": "Trail", "OVPATHNAME": "Wilson Ponds Pathway", "SGPATHLMT": "Wilson Ponds Only", "SRFMATRL": "Dirt" }, "geometry": { "type": "LineString", "coordinates": [ [ -116.556501620437245, 43.53724595270198, 0.0 ], [ -116.556473303859832, 43.537258297760559, 0.0 ], [ -116.556458602672961, 43.537260545545742, 0.0 ], [ -116.556443833588887, 43.537257791844617, 0.0 ], [ -116.556411179572621, 43.537239445508426, 0.0 ], [ -116.556386430452619, 43.537224615982034, 0.0 ], [ -116.55636274810783, 43.537216209379096, 0.0 ], [ -116.556338188175175, 43.537215667903034, 0.0 ], [ -116.556315707120291, 43.53722368629743, 0.0 ], [ -116.556290317185073, 43.537234582180879, 0.0 ] ] } },
{ "type": "Feature", "properties": { "OBJECTID": 471, "UNIQID": "BPP471", "OWNER": "State", "MANAGER": "State", "STATUS": "Active", "INSTALLED": null, "FTR_FUNCTN": "Pathway", "FTR_TYP": "Trail", "OVPATHNAME": "Wilson Ponds Pathway", "SGPATHLMT": "Wilson Ponds Only", "SRFMATRL": "Other" }, "geometry": { "type": "LineString", "coordinates": [ [ -116.556290317185073, 43.537234582180879, 0.0 ], [ -116.556191020533589, 43.53727660059441, 0.0 ] ] } },
{ "type": "Feature", "properties": { "OBJECTID": 472, "UNIQID": "BPP472", "OWNER": "State", "MANAGER": "State", "STATUS": "Active", "INSTALLED": null, "FTR_FUNCTN": "Pathway", "FTR_TYP": "Trail", "OVPATHNAME": "Wilson Ponds Pathway", "SGPATHLMT": "Wilson Ponds Only", "SRFMATRL": "Dirt" }, "geometry": { "type": "LineString", "coordinates": [ [ -116.556191020533589, 43.53727660059441, 0.0 ], [ -116.556172862188589, 43.537277443331419, 0.0 ], [ -116.556155638564221, 43.537274706900824, 0.0 ], [ -116.556130573157162, 43.537260001065405, 0.0 ], [ -116.556114642168396, 43.537243679913821, 0.0 ], [ -116.556095870184222, 43.537235238633372, 0.0 ], [ -116.556052576337109, 43.537229113423003, 0.0 ] ] } },
{ "type": "Feature", "properties": { "OBJECTID": 473, "UNIQID": "BPP473", "OWNER": "State", "MANAGER": "State", "STATUS": "Active", "INSTALLED": null, "FTR_FUNCTN": "Pathway", "FTR_TYP": "Trail", "OVPATHNAME": "Wilson Ponds Pathway", "SGPATHLMT": "Wilson Ponds Only", "SRFMATRL": "Dirt" }, "geometry": { "type": "LineString", "coordinates": [ [ -116.556052576337109, 43.537229113423003, 0.0 ], [ -116.55612225484289, 43.53732055133959, 0.0 ], [ -116.556179973261621, 43.537377301937511, 0.0 ], [ -116.55625754013343, 43.537449631318474, 0.0 ], [ -116.556388842069268, 43.537574451961227, 0.0 ], [ -116.556480215342887, 43.53765097017574, 0.0 ], [ -116.556546036871183, 43.537726240087267, 0.0 ], [ -116.556648088495166, 43.537866985554288, 0.0 ], [ -116.556787456603303, 43.538007466700044, 0.0 ], [ -116.556851334547318, 43.538084179535247, 0.0 ], [ -116.556897536915159, 43.538161016183714, 0.0 ], [ -116.556951881391626, 43.538259228982987, 0.0 ], [ -116.556980292683036, 43.538327618431332, 0.0 ], [ -116.55700120991645, 43.538423209264394, 0.0 ], [ -116.557008359210784, 43.538517469687164, 0.0 ], [ -116.557001798879057, 43.538614683857915, 0.0 ], [ -116.55698217289806, 43.538787724474368, 0.0 ] ] } },
{ "type": "Feature", "properties": { "OBJECTID": 474, "UNIQID": "BPP474", "OWNER": "State", "MANAGER": "State", "STATUS": "Active", "INSTALLED": null, "FTR_FUNCTN": "Pathway", "FTR_TYP": "Trail", "OVPATHNAME": "Wilson Ponds Pathway", "SGPATHLMT": "Wilson Ponds Only", "SRFMATRL": "Dirt" }, "geometry": { "type": "LineString", "coordinates": [ [ -116.556052576337109, 43.537229113423003, 0.0 ], [ -116.5559870536337, 43.537148602418469, 0.0 ], [ -116.55593927995865, 43.537101069949692, 0.0 ], [ -116.555873706008583, 43.537044373698784, 0.0 ], [ -116.555824932410644, 43.536995419739839, 0.0 ], [ -116.555751217297271, 43.536917347154606, 0.0 ], [ -116.55558735408475, 43.536707017922872, 0.0 ], [ -116.555495583958006, 43.536600494493015, 0.0 ], [ -116.5554218792672, 43.536523136310798, 0.0 ], [ -116.555335352746411, 43.536441581128514, 0.0 ], [ -116.555267721663398, 43.536377755664482, 0.0 ], [ -116.555223875877061, 43.536330194323511, 0.0 ], [ -116.5551829307703, 43.536279040862468, 0.0 ], [ -116.555154769670395, 43.536229226746393, 0.0 ], [ -116.555128743067485, 43.536192257599417, 0.0 ], [ -116.555105758432475, 43.536162411273722, 0.0 ], [ -116.555080885267969, 43.536138294001098, 0.0 ], [ -116.555044180772441, 43.536110688358917, 0.0 ], [ -116.554988638316487, 43.536069640640626, 0.0 ], [ -116.554948969245416, 43.536040626451033, 0.0 ], [ -116.554882340313725, 43.535978222187943, 0.0 ], [ -116.554748825092005, 43.535834123990874, 0.0 ], [ -116.554672081669807, 43.535749642453275, 0.0 ], [ -116.554604148078951, 43.53566295477804, 0.0 ], [ -116.554571258019962, 43.535626748497158, 0.0 ], [ -116.55453245774811, 43.535589154406722, 0.0 ], [ -116.554497699409026, 43.53556010550092, 0.0 ], [ -116.554457086611691, 43.535533955658302, 0.0 ], [ -116.554408599047761, 43.535506432717447, 0.0 ], [ -116.55434736451285, 43.535480427925954, 0.0 ], [ -116.55417670377507, 43.535423041467816, 0.0 ], [ -116.554085953838694, 43.53539295776924, 0.0 ], [ -116.554018799853154, 43.53536485124777, 0.0 ] ] } },
{ "type": "Feature", "properties": { "OBJECTID": 475, "UNIQID": "BPP475", "OWNER": "State", "MANAGER": "State", "STATUS": "Active", "INSTALLED": null, "FTR_FUNCTN": "Pathway", "FTR_TYP": "Pathway", "OVPATHNAME": "Wilson Ponds Pathway", "SGPATHLMT": "Wilson Ponds Only", "SRFMATRL": "Asphalt" }, "geometry": { "type": "LineString", "coordinates": [ [ -116.554281006069246, 43.534779494466399, 0.0 ], [ -116.55418781478248, 43.53475118235243, 0.0 ], [ -116.554141065893646, 43.53473331255033, 0.0 ], [ -116.554101846188686, 43.53471334470288, 0.0 ], [ -116.554060251873238, 43.534687202518214, 0.0 ], [ -116.554014642367463, 43.534654418667124, 0.0 ], [ -116.553911306577959, 43.534563931681397, 0.0 ], [ -116.553866970085764, 43.534528519470619, 0.0 ], [ -116.553848828393612, 43.53451816873109, 0.0 ], [ -116.553831391737532, 43.534511622338783, 0.0 ], [ -116.553816949357355, 43.534508628367703, 0.0 ] ] } },
{ "type": "Feature", "properties": { "OBJECTID": 476, "UNIQID": "BPP476", "OWNER": "State", "MANAGER": "State", "STATUS": "Active", "INSTALLED": null, "FTR_FUNCTN": "Pathway", "FTR_TYP": "Pathway", "OVPATHNAME": "Wilson Ponds Pathway", "SGPATHLMT": "Wilson Ponds Only", "SRFMATRL": "Other" }, "geometry": { "type": "LineString", "coordinates": [ [ -116.553816949357355, 43.534508628367703, 0.0 ], [ -116.553704967507699, 43.534555855506298, 0.0 ] ] } },
{ "type": "Feature", "properties": { "OBJECTID": 477, "UNIQID": "BPP477", "OWNER": "Nampa", "MANAGER": "Nampa", "STATUS": "Active", "INSTALLED": null, "FTR_FUNCTN": "Multiuse", "FTR_TYP": "Pathway", "OVPATHNAME": "Edwards Pathway", "SGPATHLMT": "Miller Way to Iowa Ave", "SRFMATRL": "Asphalt" }, "geometry": { "type": "LineString", "coordinates": [ [ -116.611568627472693, 43.554423179180809, 0.0 ], [ -116.6115391154664, 43.554282412804284, 0.0 ], [ -116.61120323717752, 43.554243027750942, 0.0 ] ] } },
{ "type": "Feature", "properties": { "OBJECTID": 478, "UNIQID": "BPP478", "OWNER": "Nampa", "MANAGER": "Nampa", "STATUS": "Active", "INSTALLED": null, "FTR_FUNCTN": "Pathway", "FTR_TYP": "Pathway", "OVPATHNAME": "Edwards Pathway", "SGPATHLMT": "Good property to Iowa Ave", "SRFMATRL": "Asphalt" }, "geometry": { "type": "LineString", "coordinates": [ [ -116.608176034285393, 43.551564785398725, 0.0 ], [ -116.608002467221993, 43.551563545309662, 0.0 ], [ -116.607940860043485, 43.551560196557077, 0.0 ], [ -116.6078778490876, 43.551550191141757, 0.0 ], [ -116.607670543737925, 43.551481271013948, 0.0 ] ] } },
{ "type": "Feature", "properties": { "OBJECTID": 479, "UNIQID": "BPP479", "OWNER": "Nampa", "MANAGER": "Nampa", "STATUS": "Active", "INSTALLED": null, "FTR_FUNCTN": "Multiuse", "FTR_TYP": "Pathway", "OVPATHNAME": "Edwards Pathway", "SGPATHLMT": "Good property to Iowa Ave", "SRFMATRL": "Asphalt" }, "geometry": { "type": "LineString", "coordinates": [ [ -116.608378942041469, 43.551568739311477, 0.0 ], [ -116.608176034285393, 43.551564785398725, 0.0 ] ] } },
{ "type": "Feature", "properties": { "OBJECTID": 480, "UNIQID": "BPP480", "OWNER": "Nampa", "MANAGER": "Nampa", "STATUS": "Active", "INSTALLED": null, "FTR_FUNCTN": "Multiuse", "FTR_TYP": "Pathway", "OVPATHNAME": "Grimes Creek Pathway", "SGPATHLMT": null, "SRFMATRL": "Asphalt" }, "geometry": { "type": "LineString", "coordinates": [ [ -116.548706968221197, 43.612365235904747, 0.0 ], [ -116.54870714908418, 43.612316748532869, 0.0 ], [ -116.548707266364033, 43.612264018496525, 0.0 ], [ -116.5487057087838, 43.612254067885708, 0.0 ] ] } },
{ "type": "Feature", "properties": { "OBJECTID": 482, "UNIQID": "BPP482", "OWNER": "Nampa", "MANAGER": "Nampa", "STATUS": "Active", "INSTALLED": null, "FTR_FUNCTN": "Pathway", "FTR_TYP": "Pathway", "OVPATHNAME": "Grimes Creek Pathway", "SGPATHLMT": "Birch Ln to RR Tracks", "SRFMATRL": "Asphalt" }, "geometry": { "type": "LineString", "coordinates": [ [ -116.544377978907661, 43.609738548389714, 0.0 ], [ -116.54433411857508, 43.609718285691862, 0.0 ], [ -116.544249462391718, 43.609682912776222, 0.0 ], [ -116.544223986545887, 43.609673272294856, 0.0 ], [ -116.544143348504619, 43.609637386225252, 0.0 ], [ -116.544084389152331, 43.60960442788177, 0.0 ], [ -116.544033513552662, 43.609573218975719, 0.0 ], [ -116.543873314177688, 43.609471092779792, 0.0 ], [ -116.543751970296043, 43.609396270489384, 0.0 ], [ -116.543710445969296, 43.609373123585399, 0.0 ], [ -116.543678116025603, 43.609357154202925, 0.0 ], [ -116.543626034822552, 43.609334653031389, 0.0 ], [ -116.543587726931861, 43.609315031079682, 0.0 ], [ -116.543503819331434, 43.609268020311582, 0.0 ], [ -116.54345100510821, 43.609234414110425, 0.0 ], [ -116.543411296084358, 43.609205635120638, 0.0 ], [ -116.543389263383276, 43.609193001097395, 0.0 ], [ -116.543347928241943, 43.609172256937136, 0.0 ], [ -116.543306967321456, 43.609155760476689, 0.0 ], [ -116.543274054055814, 43.609137522253555, 0.0 ], [ -116.543230664170395, 43.609105488748021, 0.0 ], [ -116.543183992252011, 43.609068130454411, 0.0 ], [ -116.543151528833789, 43.609045186008025, 0.0 ], [ -116.543111984793967, 43.609022060249366, 0.0 ], [ -116.543051126435472, 43.608992973308389, 0.0 ], [ -116.542933862402563, 43.608939357196128, 0.0 ], [ -116.542851966951147, 43.608892770341548, 0.0 ], [ -116.542677117971479, 43.608782139020761, 0.0 ], [ -116.542618043121905, 43.608750070922966, 0.0 ], [ -116.542561366974184, 43.608717374090318, 0.0 ], [ -116.542530866262794, 43.608700663511101, 0.0 ], [ -116.542501127905766, 43.608682293239283, 0.0 ], [ -116.542482421561473, 43.608667955477145, 0.0 ], [ -116.542450700790127, 43.608635964991961, 0.0 ], [ -116.542413459781471, 43.608596584167778, 0.0 ], [ -116.542365806246281, 43.608539301238373, 0.0 ], [ -116.542344902493411, 43.608516191825295, 0.0 ], [ -116.542314359011741, 43.608486396606921, 0.0 ], [ -116.542264312218506, 43.608451749047916, 0.0 ], [ -116.542227002721134, 43.608423176239022, 0.0 ], [ -116.542192864187683, 43.608396188137213, 0.0 ], [ -116.542144078453475, 43.608347844735874, 0.0 ], [ -116.54210553089203, 43.608307798681487, 0.0 ], [ -116.542065030393331, 43.6082685465393, 0.0 ], [ -116.542023842212288, 43.608226916559673, 0.0 ], [ -116.541989946621598, 43.608191427888137, 0.0 ], [ -116.541957366559316, 43.608156407150162, 0.0 ], [ -116.541919561576989, 43.608117613338784, 0.0 ], [ -116.541877014975213, 43.608077420287557, 0.0 ], [ -116.541841895332382, 43.608048608954576, 0.0 ], [ -116.541794116406464, 43.608004166698059, 0.0 ], [ -116.541744889642132, 43.607949255384732, 0.0 ], [ -116.541693627329195, 43.607889119514745, 0.0 ] ] } },
{ "type": "Feature", "properties": { "OBJECTID": 483, "UNIQID": "BPP483", "OWNER": "Nampa", "MANAGER": "Nampa", "STATUS": "Active", "INSTALLED": null, "FTR_FUNCTN": "Multiuse", "FTR_TYP": "Pathway", "OVPATHNAME": "Grimes Creek Pathway", "SGPATHLMT": "Birch Ln to RR Tracks", "SRFMATRL": "Asphalt" }, "geometry": { "type": "LineString", "coordinates": [ [ -116.544502179437856, 43.60980987393809, 0.0 ], [ -116.544377978907661, 43.609738548389714, 0.0 ] ] } },
{ "type": "Feature", "properties": { "OBJECTID": 484, "UNIQID": "BPP484", "OWNER": "Nampa", "MANAGER": "Nampa", "STATUS": "Active", "INSTALLED": null, "FTR_FUNCTN": "Multiuse", "FTR_TYP": "Pathway", "OVPATHNAME": "Stoddard Pathway", "SGPATHLMT": null, "SRFMATRL": "Asphalt" }, "geometry": { "type": "LineString", "coordinates": [ [ -116.539149532080302, 43.531900663883995, 0.0 ], [ -116.539154023965139, 43.531859557684747, 0.0 ], [ -116.539158557935295, 43.531818074044104, 0.0 ] ] } },
{ "type": "Feature", "properties": { "OBJECTID": 485, "UNIQID": "BPP485", "OWNER": "Nampa", "MANAGER": "Nampa", "STATUS": "Active", "INSTALLED": "2003-01-01T07:00:00Z", "FTR_FUNCTN": "Pathway", "FTR_TYP": "Pathway", "OVPATHNAME": "Stoddard Pathway", "SGPATHLMT": "Iowa Ave to Greenhurst Rd", "SRFMATRL": "Asphalt" }, "geometry": { "type": "LineString", "coordinates": [ [ -116.545659911008372, 43.554096309420025, 0.0 ], [ -116.545628575181624, 43.554089708214171, 0.0 ], [ -116.545609903404483, 43.554083528335717, 0.0 ], [ -116.54559881665476, 43.554077128248245, 0.0 ], [ -116.545589261438479, 43.554067667905777, 0.0 ], [ -116.545578870568832, 43.554050850421511, 0.0 ], [ -116.545495252525939, 43.553911139156192, 0.0 ], [ -116.545335647501162, 43.553663895632404, 0.0 ], [ -116.545109654007007, 43.553301889630625, 0.0 ], [ -116.544846839424508, 43.552889599386248, 0.0 ], [ -116.544777222830916, 43.552771985307643, 0.0 ], [ -116.544669229330424, 43.552593783725563, 0.0 ], [ -116.544502877926107, 43.552345334707915, 0.0 ], [ -116.544340402720266, 43.552099611963314, 0.0 ], [ -116.54393376788282, 43.551458318026832, 0.0 ], [ -116.54382321604119, 43.551283966067324, 0.0 ], [ -116.543822270773745, 43.55128247573564, 0.0 ], [ -116.543759891664507, 43.551184096663128, 0.0 ], [ -116.543664307122285, 43.551033348815103, 0.0 ], [ -116.543536727020154, 43.550832139156029, 0.0 ], [ -116.54350027956599, 43.550779889181499, 0.0 ], [ -116.543464113163381, 43.55072547426203, 0.0 ], [ -116.543350448034545, 43.550546794960958, 0.0 ], [ -116.543235920218606, 43.550356260678235, 0.0 ], [ -116.543127773356304, 43.550165681106932, 0.0 ], [ -116.543111508714944, 43.550139578016726, 0.0 ], [ -116.543102421248562, 43.550121825932074, 0.0 ], [ -116.543024478597346, 43.549958318382657, 0.0 ], [ -116.543023740492714, 43.549956768099349, 0.0 ], [ -116.5429964023282, 43.549899418611147, 0.0 ], [ -116.54297280371064, 43.549851574523288, 0.0 ], [ -116.542925302772034, 43.549755272757643, 0.0 ], [ -116.542900101665907, 43.549697612283744, 0.0 ], [ -116.542849740389315, 43.549582381945463, 0.0 ], [ -116.542793876471407, 43.549434428158719, 0.0 ], [ -116.54278368806753, 43.549407443973138, 0.0 ], [ -116.542731321286993, 43.54924463106132, 0.0 ], [ -116.542608205537576, 43.548868701697188, 0.0 ], [ -116.542571997763304, 43.54874694895426, 0.0 ], [ -116.542516190517446, 43.548559289521165, 0.0 ], [ -116.542515712863946, 43.548557686122017, 0.0 ], [ -116.542437219033118, 43.548293737799042, 0.0 ], [ -116.54243622434214, 43.548289507838959, 0.0 ], [ -116.542397274811776, 43.548123913989542, 0.0 ], [ -116.542376762597868, 43.548074188727853, 0.0 ], [ -116.542350155518292, 43.548023316647239, 0.0 ], [ -116.542336326473631, 43.547996873414029, 0.0 ], [ -116.542321789757978, 43.547976678300991, 0.0 ], [ -116.542306689645002, 43.547955795799922, 0.0 ], [ -116.542262383411654, 43.547896385420188, 0.0 ], [ -116.542227168960537, 43.547833838119111, 0.0 ], [ -116.542201458087277, 43.547768889148244, 0.0 ], [ -116.542193607653743, 43.547741226214761, 0.0 ], [ -116.542181094129177, 43.547673863486452, 0.0 ], [ -116.542174968377523, 43.547591081580748, 0.0 ], [ -116.54217808962629, 43.547516361865888, 0.0 ], [ -116.542179408323165, 43.547497522261096, 0.0 ], [ -116.542178482213188, 43.547456195261709, 0.0 ], [ -116.542174014959286, 43.547436644149222, 0.0 ], [ -116.542162029285905, 43.547421485499932, 0.0 ], [ -116.542112122575119, 43.547389375734049, 0.0 ], [ -116.54207005204465, 43.547364661032972, 0.0 ], [ -116.542039479915246, 43.54734284334814, 0.0 ], [ -116.542017918796532, 43.54732155910844, 0.0 ], [ -116.542004566337383, 43.547302002933229, 0.0 ], [ -116.54199029341666, 43.547274713918341, 0.0 ], [ -116.541982482979193, 43.547240830875459, 0.0 ], [ -116.541976161496862, 43.547195624834472, 0.0 ], [ -116.541974962560118, 43.547032035790984, 0.0 ] ] } },
{ "type": "Feature", "properties": { "OBJECTID": 486, "UNIQID": "BPP486", "OWNER": "Nampa", "MANAGER": "Nampa", "STATUS": "Active", "INSTALLED": null, "FTR_FUNCTN": "Multiuse", "FTR_TYP": "Pathway", "OVPATHNAME": "Stoddard Pathway", "SGPATHLMT": null, "SRFMATRL": "Asphalt" }, "geometry": { "type": "LineString", "coordinates": [ [ -116.541974962560118, 43.547032035790984, 0.0 ], [ -116.54197575471909, 43.546876572717551, 0.0 ] ] } },
{ "type": "Feature", "properties": { "OBJECTID": 488, "UNIQID": "BPP488", "OWNER": "Nampa", "MANAGER": "Nampa", "STATUS": "Active", "INSTALLED": null, "FTR_FUNCTN": "Multiuse", "FTR_TYP": "Pathway", "OVPATHNAME": "Stoddard Pathway", "SGPATHLMT": null, "SRFMATRL": "Asphalt" }, "geometry": { "type": "LineString", "coordinates": [ [ -116.545625392307784, 43.554198004524167, 0.0 ], [ -116.545659911008372, 43.554096309420025, 0.0 ] ] } },
{ "type": "Feature", "properties": { "OBJECTID": 489, "UNIQID": "BPP489", "OWNER": "Private", "MANAGER": "Private", "STATUS": "Active", "INSTALLED": null, "FTR_FUNCTN": "Pathway", "FTR_TYP": "Connector", "OVPATHNAME": "Stoddard Pathway", "SGPATHLMT": null, "SRFMATRL": "Dirt" }, "geometry": { "type": "LineString", "coordinates": [ [ -116.548668403093785, 43.558564485773111, 0.0 ], [ -116.548653151858403, 43.558500766879249, 0.0 ], [ -116.547954606158513, 43.558291626724653, 0.0 ] ] } },
{ "type": "Feature", "properties": { "OBJECTID": 490, "UNIQID": "BPP490", "OWNER": "Nampa", "MANAGER": "Nampa", "STATUS": "Active", "INSTALLED": "2022-06-10T07:00:00Z", "FTR_FUNCTN": "Pathway", "FTR_TYP": "Pathway", "OVPATHNAME": "Stoddard Pathway", "SGPATHLMT": "Sherman Ave to Amity Ave", "SRFMATRL": "Asphalt" }, "geometry": { "type": "LineString", "coordinates": [ [ -116.547972649876399, 43.56503898941024, 0.0 ], [ -116.547967451332056, 43.563683705931069, 0.0 ], [ -116.547965719165774, 43.56342841469138, 0.0 ], [ -116.547965944069389, 43.563321481209535, 0.0 ], [ -116.547971035664872, 43.563235709675361, 0.0 ], [ -116.547988760438017, 43.563150971504044, 0.0 ], [ -116.548018928142213, 43.562993408142276, 0.0 ], [ -116.548030463510798, 43.562924501190636, 0.0 ], [ -116.548036472538115, 43.562858727410649, 0.0 ], [ -116.548038490831956, 43.562800359733835, 0.0 ], [ -116.548039209125932, 43.562730154710628, 0.0 ], [ -116.548041706360905, 43.562471959838028, 0.0 ], [ -116.548038499247696, 43.562446082300006, 0.0 ], [ -116.548001574680796, 43.562315950202795, 0.0 ], [ -116.54799921732662, 43.562297807725592, 0.0 ], [ -116.547997599016654, 43.562234846934608, 0.0 ], [ -116.54799092757635, 43.561975299256993, 0.0 ], [ -116.547983923649483, 43.561705279241934, 0.0 ], [ -116.547977359721997, 43.561531420005203, 0.0 ] ] } },
{ "type": "Feature", "properties": { "OBJECTID": 491, "UNIQID": "BPP491", "OWNER": "Nampa", "MANAGER": "Nampa", "STATUS": "Active", "INSTALLED": null, "FTR_FUNCTN": "Multiuse", "FTR_TYP": "Pathway", "OVPATHNAME": "Stoddard Pathway", "SGPATHLMT": null, "SRFMATRL": "Asphalt" }, "geometry": { "type": "LineString", "coordinates": [ [ -116.547977359721997, 43.561531420005203, 0.0 ], [ -116.547976947832964, 43.561376145717389, 0.0 ] ] } },
{ "type": "Feature", "properties": { "OBJECTID": 492, "UNIQID": "BPP492", "OWNER": "Nampa", "MANAGER": "Nampa", "STATUS": "Active", "INSTALLED": "2019-11-14T07:00:00Z", "FTR_FUNCTN": "Bike Route", "FTR_TYP": "Bike Lane", "OVPATHNAME": null, "SGPATHLMT": null, "SRFMATRL": null }, "geometry": { "type": "LineString", "coordinates": [ [ -116.590241022588614, 43.547107086307321, 0.0 ], [ -116.573829502904161, 43.547035190144612, 0.0 ], [ -116.573459556111544, 43.547015103079303, 0.0 ], [ -116.572908656692505, 43.547013831921859, 0.0 ] ] } },
{ "type": "Feature", "properties": { "OBJECTID": 493, "UNIQID": "BPP9", "OWNER": "Nampa", "MANAGER": "Nampa", "STATUS": "Proposed", "INSTALLED": null, "FTR_FUNCTN": "Bike Route", "FTR_TYP": "Separated Bike Lane", "OVPATHNAME": null, "SGPATHLMT": null, "SRFMATRL": null }, "geometry": { "type": "LineString", "coordinates": [ [ -116.587628543877372, 43.547235628319378, 0.0 ], [ -116.57295492232798, 43.547151153892017, 0.0 ] ] } },
{ "type": "Feature", "properties": { "OBJECTID": 494, "UNIQID": "BPP494", "OWNER": "Nampa", "MANAGER": "Nampa", "STATUS": "Active", "INSTALLED": "2017-07-17T07:00:00Z", "FTR_FUNCTN": "Bike Route", "FTR_TYP": "Bike Boulevard", "OVPATHNAME": null, "SGPATHLMT": "15th Ave S (Downtown Path to Front St)", "SRFMATRL": null }, "geometry": { "type": "LineString", "coordinates": [ [ -116.556164398244164, 43.577039663184998, 0.0 ], [ -116.55576513908413, 43.577352845986198, 0.0 ] ] } },
{ "type": "Feature", "properties": { "OBJECTID": 495, "UNIQID": "BPP495", "OWNER": "Nampa", "MANAGER": "Nampa", "STATUS": "Active", "INSTALLED": "2012-01-07T07:00:00Z", "FTR_FUNCTN": "Bike Route", "FTR_TYP": "Bike Boulevard", "OVPATHNAME": null, "SGPATHLMT": "18th Ave S (Roosevelt Ave to 1st St S)", "SRFMATRL": null }, "geometry": { "type": "LineString", "coordinates": [ [ -116.561023809602489, 43.568709418047639, 0.0 ], [ -116.560380851408226, 43.569206410274695, 0.0 ], [ -116.559406616146234, 43.569967641130638, 0.0 ], [ -116.558421105903051, 43.570727493248846, 0.0 ], [ -116.557439985967875, 43.571488386819006, 0.0 ], [ -116.556462442976766, 43.572237603680541, 0.0 ], [ -116.555487718930209, 43.572999123802191, 0.0 ], [ -116.554499887818835, 43.573762759324566, 0.0 ], [ -116.553519708349853, 43.574530720502892, 0.0 ] ] } },
{ "type": "Feature", "properties": { "OBJECTID": 496, "UNIQID": "BPP496", "OWNER": "Nampa", "MANAGER": "Nampa", "STATUS": "Active", "INSTALLED": "2017-07-17T07:00:00Z", "FTR_FUNCTN": "Bike Route", "FTR_TYP": "Bike Boulevard", "OVPATHNAME": null, "SGPATHLMT": null, "SRFMATRL": null }, "geometry": { "type": "LineString", "coordinates": [ [ -116.556666755803164, 43.576659622025936, 0.0 ], [ -116.556164398244164, 43.577039663184998, 0.0 ], [ -116.55554421113834, 43.576610449442065, 0.0 ], [ -116.555501092434085, 43.576581964037906, 0.0 ], [ -116.555448459290403, 43.576553033486853, 0.0 ], [ -116.555404558661451, 43.576533407069356, 0.0 ], [ -116.555346871100895, 43.576513626627204, 0.0 ], [ -116.555240749190801, 43.576489087278489, 0.0 ], [ -116.555190599294733, 43.576477953259513, 0.0 ], [ -116.555128168084735, 43.576458588665247, 0.0 ], [ -116.55507461823224, 43.57643173465793, 0.0 ], [ -116.55502539563993, 43.576401263202321, 0.0 ], [ -116.554975630598861, 43.576363433517955, 0.0 ], [ -116.554894940435815, 43.576267773238385, 0.0 ], [ -116.554825863937097, 43.576145727127482, 0.0 ], [ -116.554555278581219, 43.575952524954403, 0.0 ], [ -116.554089177446897, 43.575619717204411, 0.0 ], [ -116.554570157277155, 43.575238451150717, 0.0 ], [ -116.553519708349853, 43.574530720502892, 0.0 ] ] } },
{ "type": "Feature", "properties": { "OBJECTID": 497, "UNIQID": "BPP497", "OWNER": "Nampa", "MANAGER": "Nampa", "STATUS": "Active", "INSTALLED": "2012-01-07T07:00:00Z", "FTR_FUNCTN": "Bike Route", "FTR_TYP": "Bike Boulevard", "OVPATHNAME": null, "SGPATHLMT": "8th St S (Roosevelt Ave to 18th Ave S)", "SRFMATRL": null }, "geometry": { "type": "LineString", "coordinates": [ [ -116.559634832720519, 43.568693375925037, 0.0 ], [ -116.560380851408226, 43.569206410274695, 0.0 ] ] } },
{ "type": "Feature", "properties": { "OBJECTID": 498, "UNIQID": "BPP498", "OWNER": "Nampa", "MANAGER": "Nampa", "STATUS": "Active", "INSTALLED": "2017-07-17T07:00:00Z", "FTR_FUNCTN": "Bike Route", "FTR_TYP": "Signed/Marked Shared Roadway", "OVPATHNAME": null, "SGPATHLMT": "1st St S (15th Ave S to 17th Ave S)", "SRFMATRL": null }, "geometry": { "type": "LineString", "coordinates": [ [ -116.554570157277155, 43.575238451150717, 0.0 ], [ -116.556666755803164, 43.576659622025936, 0.0 ] ] } },
{ "type": "Feature", "properties": { "OBJECTID": 499, "UNIQID": "BPP499", "OWNER": "Nampa", "MANAGER": "Nampa", "STATUS": "Active", "INSTALLED": "2016-06-13T07:00:00Z", "FTR_FUNCTN": "Bike Route", "FTR_TYP": "Bike Lane", "OVPATHNAME": null, "SGPATHLMT": "16th Ave Overpass", "SRFMATRL": null }, "geometry": { "type": "LineString", "coordinates": [ [ -116.555557271637113, 43.575907783846667, 0.0 ], [ -116.552162797621918, 43.578536547569819, 0.0 ] ] } },
{ "type": "Feature", "properties": { "OBJECTID": 500, "UNIQID": "BPP500", "OWNER": "Nampa", "MANAGER": "Nampa", "STATUS": "Active", "INSTALLED": "2016-06-13T07:00:00Z", "FTR_FUNCTN": "Bike Route", "FTR_TYP": "Bike Lane", "OVPATHNAME": null, "SGPATHLMT": "16th Ave Overpass", "SRFMATRL": null }, "geometry": { "type": "LineString", "coordinates": [ [ -116.552307233004242, 43.578635833606278, 0.0 ], [ -116.553290700131186, 43.577870735165739, 0.0 ], [ -116.555701701658904, 43.576005704705693, 0.0 ] ] } },
{ "type": "Feature", "properties": { "OBJECTID": 501, "UNIQID": "BPP501", "OWNER": "Nampa", "MANAGER": "Nampa", "STATUS": "Active", "INSTALLED": null, "FTR_FUNCTN": "Bike Route", "FTR_TYP": "Signed/Marked Shared Roadway", "OVPATHNAME": null, "SGPATHLMT": "16th Ave N (16th Ave Overpass to Garrity Blvd)", "SRFMATRL": null }, "geometry": { "type": "LineString", "coordinates": [ [ -116.55223477933005, 43.578586465901438, 0.0 ], [ -116.551252423799937, 43.579341285203419, 0.0 ], [ -116.550274442262449, 43.580105766780228, 0.0 ], [ -116.549295166827662, 43.580860878780896, 0.0 ], [ -116.548313340356373, 43.581626427930701, 0.0 ], [ -116.54732773813592, 43.582386501512325, 0.0 ], [ -116.546494979655577, 43.583036175872749, 0.0 ], [ -116.545568017445191, 43.583768643067302, 0.0 ], [ -116.545265210560615, 43.584002925791431, 0.0 ], [ -116.545107794076614, 43.58412816872621, 0.0 ], [ -116.545042603237633, 43.584185309383642, 0.0 ], [ -116.544982292995343, 43.584244390910165, 0.0 ], [ -116.544924745722824, 43.584305302022607, 0.0 ], [ -116.544870808186758, 43.584367933324579, 0.0 ], [ -116.544820573071448, 43.584432176163318, 0.0 ], [ -116.544775519183673, 43.584496266844155, 0.0 ], [ -116.544734038872065, 43.584561868255157, 0.0 ], [ -116.544720652874972, 43.584587906144691, 0.0 ], [ -116.544698453057237, 43.584628823848824, 0.0 ], [ -116.5446655520402, 43.58469947553094, 0.0 ], [ -116.544637559035323, 43.58477122812883, 0.0 ], [ -116.544614551157281, 43.58484391818974, 0.0 ], [ -116.544596581594561, 43.584917351822831, 0.0 ], [ -116.544583690023231, 43.584991343331595, 0.0 ], [ -116.54457517822803, 43.585065715747916, 0.0 ], [ -116.544573283715167, 43.585140276199141, 0.0 ], [ -116.544577682969219, 43.586063644435974, 0.0 ], [ -116.544577363673255, 43.586704347201774, 0.0 ] ] } },
{ "type": "Feature", "properties": { "OBJECTID": 502, "UNIQID": "BPP502", "OWNER": "Nampa", "MANAGER": "Nampa", "STATUS": "Active", "INSTALLED": null, "FTR_FUNCTN": "Bike Route", "FTR_TYP": "Bike Lane", "OVPATHNAME": null, "SGPATHLMT": "Garrity Blvd (11th Ave N to Venice St)", "SRFMATRL": null }, "geometry": { "type": "LineString", "coordinates": [ [ -116.551046954559567, 43.586584444021426, 0.0 ], [ -116.546835748523648, 43.586604762831861, 0.0 ], [ -116.544224619412759, 43.586607753688419, 0.0 ], [ -116.543862617383397, 43.586610268082651, 0.0 ], [ -116.54362182871094, 43.586611939918065, 0.0 ], [ -116.543317250892443, 43.586621198113392, 0.0 ], [ -116.542888598907368, 43.586620531864931, 0.0 ], [ -116.54269792247085, 43.586613586652248, 0.0 ], [ -116.542162524923, 43.58663515968054, 0.0 ], [ -116.541625393964964, 43.586649597116356, 0.0 ], [ -116.541268032004908, 43.586652152172874, 0.0 ], [ -116.539199178265065, 43.586664002957725, 0.0 ] ] } },
{ "type": "Feature", "properties": { "OBJECTID": 503, "UNIQID": "BPP503", "OWNER": "Nampa", "MANAGER": "Nampa", "STATUS": "Active", "INSTALLED": null, "FTR_FUNCTN": "Bike Route", "FTR_TYP": "Bike Lane", "OVPATHNAME": null, "SGPATHLMT": "Garrity Blvd (Grant St to 11th Ave N)", "SRFMATRL": null }, "geometry": { "type": "LineString", "coordinates": [ [ -116.538037703861946, 43.586842997760741, 0.0 ], [ -116.539205364716437, 43.58684065851601, 0.0 ], [ -116.542804567040662, 43.586825757785611, 0.0 ], [ -116.542890169856278, 43.586818130627158, 0.0 ], [ -116.54311489339041, 43.586805028754071, 0.0 ], [ -116.544578850965451, 43.586799148344546, 0.0 ], [ -116.546832859909514, 43.586792056631033, 0.0 ], [ -116.550277941478328, 43.586777972228482, 0.0 ] ] } },
{ "type": "Feature", "properties": { "OBJECTID": 504, "UNIQID": "BPP504", "OWNER": "Nampa", "MANAGER": "Nampa", "STATUS": "Active", "INSTALLED": null, "FTR_FUNCTN": "Bike Route", "FTR_TYP": "Bike Lane", "OVPATHNAME": null, "SGPATHLMT": null, "SRFMATRL": null }, "geometry": { "type": "LineString", "coordinates": [ [ -116.593060596348565, 43.619442750318882, 0.0 ], [ -116.591570802020399, 43.619446608928776, 0.0 ] ] } },
{ "type": "Feature", "properties": { "OBJECTID": 505, "UNIQID": "BPP506", "OWNER": "Nampa", "MANAGER": "Nampa", "STATUS": "Active", "INSTALLED": "2006-03-21T07:00:00Z", "FTR_FUNCTN": "Bike Route", "FTR_TYP": "Bike Lane", "OVPATHNAME": null, "SGPATHLMT": "Karcher Bypass", "SRFMATRL": null }, "geometry": { "type": "LineString", "coordinates": [ [ -116.602860317246297, 43.605320148656411, 0.0 ], [ -116.602602975819906, 43.605467623896857, 0.0 ], [ -116.602313842032345, 43.60565043891927, 0.0 ], [ -116.601399120096204, 43.606230729502002, 0.0 ], [ -116.601053543903689, 43.606453357610285, 0.0 ], [ -116.600671838327528, 43.606717215648061, 0.0 ], [ -116.600314942191559, 43.606974218962691, 0.0 ], [ -116.599764346310636, 43.607396076702067, 0.0 ], [ -116.599068610489539, 43.60793514720357, 0.0 ], [ -116.598843004936811, 43.608135905824426, 0.0 ], [ -116.598707421629214, 43.608260765561369, 0.0 ], [ -116.59754904958362, 43.609137361671962, 0.0 ], [ -116.596842849403615, 43.609691584584347, 0.0 ], [ -116.596352425873135, 43.610072743345114, 0.0 ], [ -116.595549218222743, 43.610694287926727, 0.0 ], [ -116.594337654264336, 43.611639809411407, 0.0 ] ] } },
{ "type": "Feature", "properties": { "OBJECTID": 506, "UNIQID": "BPP505", "OWNER": "Nampa", "MANAGER": "Nampa", "STATUS": "Active", "INSTALLED": "2006-03-21T07:00:00Z", "FTR_FUNCTN": "Bike Route", "FTR_TYP": "Bike Lane", "OVPATHNAME": null, "SGPATHLMT": "Midland Blvd (Karcher Byp to Treasure Valley Marketplace)", "SRFMATRL": null }, "geometry": { "type": "LineString", "coordinates": [ [ -116.594337654264336, 43.611639809411407, 0.0 ], [ -116.593930676168569, 43.611957032259134, 0.0 ], [ -116.59375966877289, 43.612104045385649, 0.0 ], [ -116.593669181025362, 43.612196164150703, 0.0 ], [ -116.59359815487548, 43.612272415250061, 0.0 ], [ -116.593477017270544, 43.612424304840388, 0.0 ], [ -116.593378123142188, 43.612571736683194, 0.0 ], [ -116.593286103221502, 43.612741981351384, 0.0 ], [ -116.593202280074209, 43.612935980517449, 0.0 ], [ -116.593139633639581, 43.613144112628035, 0.0 ], [ -116.59312013442586, 43.613249997437819, 0.0 ], [ -116.593106066179871, 43.613369178175006, 0.0 ], [ -116.593097668461965, 43.61351880011506, 0.0 ], [ -116.593097130404814, 43.614326134425212, 0.0 ], [ -116.593094331788237, 43.61450001883432, 0.0 ], [ -116.59309347868512, 43.615893868535764, 0.0 ] ] } },
{ "type": "Feature", "properties": { "OBJECTID": 507, "UNIQID": "BPP507", "OWNER": "Nampa", "MANAGER": "Nampa", "STATUS": "Active", "INSTALLED": "2006-03-21T07:00:00Z", "FTR_FUNCTN": "Bike Route", "FTR_TYP": "Bike Lane", "OVPATHNAME": null, "SGPATHLMT": null, "SRFMATRL": null }, "geometry": { "type": "LineString", "coordinates": [ [ -116.593493803753304, 43.612872725134473, 0.0 ], [ -116.593578292413781, 43.612703012036874, 0.0 ], [ -116.593650402567391, 43.612585784572353, 0.0 ], [ -116.593751676682089, 43.612444526766339, 0.0 ], [ -116.593872647926148, 43.612305504248077, 0.0 ], [ -116.593987429772412, 43.612192724019593, 0.0 ], [ -116.594113732696059, 43.612083432027475, 0.0 ], [ -116.594512703353061, 43.611774114827476, 0.0 ] ] } },
{ "type": "Feature", "properties": { "OBJECTID": 508, "UNIQID": "BPP508", "OWNER": "Nampa", "MANAGER": "Nampa", "STATUS": "Active", "INSTALLED": "2006-03-21T07:00:00Z", "FTR_FUNCTN": "Bike Route", "FTR_TYP": "Bike Lane", "OVPATHNAME": null, "SGPATHLMT": "Karcher Bypass", "SRFMATRL": null }, "geometry": { "type": "LineString", "coordinates": [ [ -116.594512703353061, 43.611774114827476, 0.0 ], [ -116.594848074522034, 43.611507628031575, 0.0 ], [ -116.595224212338664, 43.611216681742128, 0.0 ], [ -116.595433364484265, 43.611055572157198, 0.0 ], [ -116.596525965118857, 43.610202039692609, 0.0 ], [ -116.597017157915161, 43.609819736759704, 0.0 ], [ -116.597730960374136, 43.609265522114057, 0.0 ], [ -116.598194017887067, 43.608901261951409, 0.0 ], [ -116.598473463720381, 43.60872890848092, 0.0 ], [ -116.598758491604798, 43.608487447603054, 0.0 ], [ -116.599457048973122, 43.607936886191233, 0.0 ], [ -116.599972515252617, 43.60753533747711, 0.0 ], [ -116.600267648596613, 43.607314041086688, 0.0 ], [ -116.600684965192045, 43.607041822052693, 0.0 ], [ -116.601199868400158, 43.606717672240066, 0.0 ], [ -116.601616690736833, 43.606410920814433, 0.0 ], [ -116.602829924096937, 43.605640974166732, 0.0 ], [ -116.603099025532714, 43.605482175507561, 0.0 ] ] } },
{ "type": "Feature", "properties": { "OBJECTID": 509, "UNIQID": "BPP509", "OWNER": "Nampa", "MANAGER": "Nampa", "STATUS": "Active", "INSTALLED": "2006-03-21T07:00:00Z", "FTR_FUNCTN": "Bike Route", "FTR_TYP": "Bike Lane", "OVPATHNAME": null, "SGPATHLMT": "Karcher Rd (Caldwell Blvd to Middleton Rd)", "SRFMATRL": null }, "geometry": { "type": "LineString", "coordinates": [ [ -116.603099025532714, 43.605482175507561, 0.0 ], [ -116.603387944862192, 43.605354597042371, 0.0 ], [ -116.603647220661585, 43.605264544199571, 0.0 ], [ -116.603936223778547, 43.605190939614431, 0.0 ], [ -116.604186206844886, 43.60513905924909, 0.0 ], [ -116.604439652062297, 43.605100251735657, 0.0 ], [ -116.60453456643458, 43.60509120636457, 0.0 ], [ -116.604670409477094, 43.605079474135366, 0.0 ], [ -116.604845577501294, 43.605067447680938, 0.0 ], [ -116.605808796336404, 43.605065848387234, 0.0 ], [ -116.606017303297236, 43.605072968778181, 0.0 ], [ -116.608539131624653, 43.605067155355094, 0.0 ], [ -116.609415454360274, 43.605041517981284, 0.0 ], [ -116.609787306430661, 43.605032768498972, 0.0 ], [ -116.610295966727634, 43.605034911152806, 0.0 ], [ -116.611247320991922, 43.60503011312521, 0.0 ], [ -116.611807736625408, 43.605029462128194, 0.0 ], [ -116.61294243577872, 43.605028661079487, 0.0 ] ] } },
{ "type": "Feature", "properties": { "OBJECTID": 510, "UNIQID": "BPP510", "OWNER": "Nampa", "MANAGER": "Nampa", "STATUS": "Active", "INSTALLED": "2006-03-21T07:00:00Z", "FTR_FUNCTN": "Bike Route", "FTR_TYP": "Bike Lane", "OVPATHNAME": null, "SGPATHLMT": "Karcher Rd (Middleton Rd to Caldwell Blvd)", "SRFMATRL": null }, "geometry": { "type": "LineString", "coordinates": [ [ -116.612946019792844, 43.604815719721842, 0.0 ], [ -116.612600021049005, 43.604845564757881, 0.0 ], [ -116.611184308373353, 43.604851951458471, 0.0 ], [ -116.609507417986549, 43.604883148300615, 0.0 ], [ -116.607454557601983, 43.604887133418373, 0.0 ], [ -116.605820043457427, 43.604886564322697, 0.0 ], [ -116.604743063289959, 43.604898866051492, 0.0 ], [ -116.604485634060239, 43.604910792578984, 0.0 ], [ -116.604263757828605, 43.604933885125497, 0.0 ], [ -116.604043949292631, 43.604964105953556, 0.0 ], [ -116.603794889593189, 43.605011691896472, 0.0 ], [ -116.603587199684981, 43.605064684085868, 0.0 ], [ -116.603332685589493, 43.605143746031992, 0.0 ], [ -116.603185967674065, 43.605197711708456, 0.0 ], [ -116.602860317246297, 43.605320148656411, 0.0 ] ] } },
{ "type": "Feature", "properties": { "OBJECTID": 511, "UNIQID": "BPP511", "OWNER": "Nampa", "MANAGER": "Nampa", "STATUS": "Active", "INSTALLED": null, "FTR_FUNCTN": "Bike Route", "FTR_TYP": "Bike Lane", "OVPATHNAME": null, "SGPATHLMT": "Lake Lowell Ave (Olive St to Canyon St)", "SRFMATRL": null }, "geometry": { "type": "LineString", "coordinates": [ [ -116.574368938317136, 43.561574144157866, 0.0 ], [ -116.57580042245489, 43.561580094317627, 0.0 ], [ -116.576759297532902, 43.561584545077821, 0.0 ], [ -116.577953032881439, 43.561588296167386, 0.0 ] ] } },
{ "type": "Feature", "properties": { "OBJECTID": 512, "UNIQID": "BPP512", "OWNER": "Nampa", "MANAGER": "Nampa", "STATUS": "Active", "INSTALLED": null, "FTR_FUNCTN": "Bike Route", "FTR_TYP": "Bike Lane", "OVPATHNAME": null, "SGPATHLMT": "Lake Lowell Ave (Canyon St to Olive St)", "SRFMATRL": null }, "geometry": { "type": "LineString", "coordinates": [ [ -116.577818670767471, 43.561477610750735, 0.0 ], [ -116.574498680464259, 43.561466593468786, 0.0 ] ] } },
{ "type": "Feature", "properties": { "OBJECTID": 513, "UNIQID": "BPP513", "OWNER": "Nampa", "MANAGER": "Nampa", "STATUS": "Active", "INSTALLED": null, "FTR_FUNCTN": "Bike Route", "FTR_TYP": "Bike Lane", "OVPATHNAME": null, "SGPATHLMT": "11th Ave N (Stampede Dr to Fountain Cir)", "SRFMATRL": null }, "geometry": { "type": "LineString", "coordinates": [ [ -116.546857327998282, 43.590324804941169, 0.0 ], [ -116.545948310595321, 43.591029380866409, 0.0 ], [ -116.544193781622198, 43.592384095397662, 0.0 ], [ -116.543528242389016, 43.592903846068232, 0.0 ], [ -116.543274216979796, 43.593097086056133, 0.0 ], [ -116.542992143810991, 43.593300565272948, 0.0 ], [ -116.541747817848218, 43.594253534910109, 0.0 ], [ -116.540941339524267, 43.594882977975068, 0.0 ], [ -116.540185255305687, 43.595474067907539, 0.0 ], [ -116.539941130807918, 43.595674376158463, 0.0 ], [ -116.539682727707714, 43.5959105052006, 0.0 ], [ -116.539156693272986, 43.596429266408428, 0.0 ], [ -116.538845069918395, 43.596730777677749, 0.0 ], [ -116.538744025602881, 43.596822211406362, 0.0 ], [ -116.538602021830172, 43.596938934467822, 0.0 ], [ -116.538314961396594, 43.597164541344782, 0.0 ], [ -116.538024959496354, 43.597390882457496, 0.0 ], [ -116.537399130741662, 43.597873171282181, 0.0 ], [ -116.5363704102718, 43.598664161792513, 0.0 ], [ -116.53619027447553, 43.598797576532995, 0.0 ], [ -116.536065190636734, 43.598880600541115, 0.0 ], [ -116.535951467154547, 43.598955210388866, 0.0 ], [ -116.53578565607971, 43.599056374970942, 0.0 ], [ -116.535559705283717, 43.599194867001756, 0.0 ], [ -116.535387464165552, 43.599305601052329, 0.0 ], [ -116.535273830726695, 43.599387354676011, 0.0 ], [ -116.535191125400175, 43.599453415669075, 0.0 ], [ -116.535074525337194, 43.59955900367828, 0.0 ], [ -116.534969440660205, 43.599668085932898, 0.0 ], [ -116.534874307830506, 43.599786625626187, 0.0 ], [ -116.534790783301418, 43.599915802256298, 0.0 ], [ -116.534713967130173, 43.600056841228358, 0.0 ], [ -116.534686780730638, 43.600108230591964, 0.0 ] ] } },
{ "type": "Feature", "properties": { "OBJECTID": 514, "UNIQID": "BPP514", "OWNER": "Nampa", "MANAGER": "Nampa", "STATUS": "Active", "INSTALLED": null, "FTR_FUNCTN": "Bike Route", "FTR_TYP": "Bike Lane", "OVPATHNAME": null, "SGPATHLMT": "11th Ave N (Fountain Cir to Stampede Dr)", "SRFMATRL": null }, "geometry": { "type": "LineString", "coordinates": [ [ -116.534658540494789, 43.600803588248141, 0.0 ], [ -116.534676644267009, 43.60055756929335, 0.0 ], [ -116.534690909496447, 43.600457446672834, 0.0 ], [ -116.534710251414367, 43.600369791726671, 0.0 ], [ -116.534740936355902, 43.600272335024904, 0.0 ], [ -116.534801322639538, 43.600127836297631, 0.0 ], [ -116.534908665003883, 43.599940148309138, 0.0 ], [ -116.535003518102315, 43.599800176193675, 0.0 ], [ -116.535101910941719, 43.599680424059159, 0.0 ], [ -116.5351681712187, 43.599609712701778, 0.0 ], [ -116.535265296602816, 43.59951854671958, 0.0 ], [ -116.535365776079047, 43.599433311838467, 0.0 ], [ -116.535502175171573, 43.59933830419822, 0.0 ], [ -116.535674432890872, 43.599228759806856, 0.0 ], [ -116.535967090507214, 43.599054086275039, 0.0 ], [ -116.536101974577605, 43.598968613294723, 0.0 ], [ -116.536217320846731, 43.598892801291292, 0.0 ], [ -116.536317984013834, 43.598821853549545, 0.0 ], [ -116.536447810911071, 43.598725699132956, 0.0 ], [ -116.536618163003723, 43.598595922944156, 0.0 ], [ -116.537546010536502, 43.597877453057784, 0.0 ], [ -116.538092641155899, 43.597453342597653, 0.0 ], [ -116.538537091406283, 43.597109716534511, 0.0 ], [ -116.538710633503527, 43.596973961864144, 0.0 ], [ -116.53885000301922, 43.596856304529481, 0.0 ], [ -116.538966637936355, 43.596754284025707, 0.0 ], [ -116.539065329159996, 43.596658340586586, 0.0 ], [ -116.539731866159414, 43.596008339001777, 0.0 ], [ -116.539822581137472, 43.595929121845444, 0.0 ], [ -116.539953926810568, 43.595824616990924, 0.0 ], [ -116.540288227402712, 43.595549386639078, 0.0 ], [ -116.540871581335054, 43.595084755027671, 0.0 ], [ -116.541859376831511, 43.594322966354277, 0.0 ], [ -116.542949322787791, 43.593481870087068, 0.0 ], [ -116.543279965689266, 43.59320927018657, 0.0 ], [ -116.543618691194084, 43.592953058234592, 0.0 ], [ -116.544275781939788, 43.592439069744628, 0.0 ], [ -116.544898541751465, 43.591956049550866, 0.0 ], [ -116.545805081250606, 43.59125194937203, 0.0 ], [ -116.546912374707389, 43.590394986348805, 0.0 ] ] } },
{ "type": "Feature", "properties": { "OBJECTID": 515, "UNIQID": "BPP515", "OWNER": "Nampa", "MANAGER": "Nampa", "STATUS": "Active", "INSTALLED": null, "FTR_FUNCTN": "Bike Route", "FTR_TYP": "Signed/Marked Shared Roadway", "OVPATHNAME": null, "SGPATHLMT": "11th Ave N (Fountain Cir to Birch Ln)", "SRFMATRL": null }, "geometry": { "type": "LineString", "coordinates": [ [ -116.534754686906197, 43.600120050057285, 0.0 ], [ -116.534710858115261, 43.600221210930428, 0.0 ], [ -116.534674063497491, 43.600324596280274, 0.0 ], [ -116.534640220103086, 43.600443787091201, 0.0 ], [ -116.534614474282122, 43.600551433311075, 0.0 ], [ -116.534594038507151, 43.600672732848771, 0.0 ], [ -116.534584641988531, 43.600799925244061, 0.0 ], [ -116.534591881044364, 43.603130324991966, 0.0 ], [ -116.534588467180768, 43.603348559241425, 0.0 ], [ -116.534574013826429, 43.603515753839325, 0.0 ], [ -116.534538753201588, 43.603672054088875, 0.0 ], [ -116.534494500651121, 43.603800969897605, 0.0 ], [ -116.534440680887627, 43.603922857575647, 0.0 ], [ -116.534381153487146, 43.604029802070038, 0.0 ], [ -116.534309089154064, 43.60413863276456, 0.0 ], [ -116.534218452447377, 43.604251400082802, 0.0 ], [ -116.534086122360748, 43.604388511424048, 0.0 ], [ -116.533968673990373, 43.604493555875671, 0.0 ], [ -116.533823198563198, 43.604602277601103, 0.0 ], [ -116.533662926314804, 43.604705530700059, 0.0 ], [ -116.533483849046632, 43.60480122912503, 0.0 ], [ -116.533320695000512, 43.604871489989065, 0.0 ], [ -116.532797358065238, 43.605090418706624, 0.0 ], [ -116.532148422481797, 43.605374742251819, 0.0 ], [ -116.532022299186977, 43.605444784794024, 0.0 ], [ -116.531907604666969, 43.605523985045238, 0.0 ], [ -116.531822830273214, 43.605594380015781, 0.0 ], [ -116.531736486789001, 43.605679641052383, 0.0 ], [ -116.531663515664562, 43.605770139232725, 0.0 ], [ -116.531607878036993, 43.605854949879152, 0.0 ], [ -116.53157394317887, 43.605916780854358, 0.0 ], [ -116.531533207359075, 43.606015697799499, 0.0 ], [ -116.531505629344807, 43.606109389656524, 0.0 ], [ -116.531493571533687, 43.606175190843373, 0.0 ], [ -116.531486642553034, 43.606260367816489, 0.0 ], [ -116.531489176969487, 43.606358822409668, 0.0 ], [ -116.5315059144381, 43.606465604024621, 0.0 ], [ -116.531530952096006, 43.606556468971803, 0.0 ], [ -116.531577574382609, 43.606665896004216, 0.0 ], [ -116.531772343359307, 43.607095742455634, 0.0 ], [ -116.533096536870517, 43.609856136788736, 0.0 ], [ -116.533147698142869, 43.609974792335983, 0.0 ], [ -116.533179940362871, 43.610079940832648, 0.0 ], [ -116.533200866474957, 43.610170774115566, 0.0 ], [ -116.533218992682464, 43.61029871643953, 0.0 ], [ -116.533223522587292, 43.61038068977043, 0.0 ], [ -116.533224170790874, 43.610433693606822, 0.0 ], [ -116.53322064388621, 43.611372132792859, 0.0 ], [ -116.533211432584324, 43.612325213224835, 0.0 ] ] } },
{ "type": "Feature", "properties": { "OBJECTID": 516, "UNIQID": "BPP516", "OWNER": "Nampa", "MANAGER": "Nampa", "STATUS": "Active", "INSTALLED": null, "FTR_FUNCTN": "Bike Route", "FTR_TYP": "Bike Lane", "OVPATHNAME": null, "SGPATHLMT": "11th Ave N (Birch Ln to Meeker Ave)", "SRFMATRL": null }, "geometry": { "type": "LineString", "coordinates": [ [ -116.533156315395473, 43.612420154381951, 0.0 ], [ -116.533145512346763, 43.615982535151353, 0.0 ] ] } },
{ "type": "Feature", "properties": { "OBJECTID": 517, "UNIQID": "BPP517", "OWNER": "Nampa", "MANAGER": "Nampa", "STATUS": "Active", "INSTALLED": null, "FTR_FUNCTN": "Bike Route", "FTR_TYP": "Bike Lane", "OVPATHNAME": null, "SGPATHLMT": "Birch Ln (Idaho Ctr Blvd to 11th Ave N)", "SRFMATRL": null }, "geometry": { "type": "LineString", "coordinates": [ [ -116.513437264861636, 43.612409039341735, 0.0 ], [ -116.514568116681247, 43.612411483563065, 0.0 ], [ -116.514678166751821, 43.612405031785158, 0.0 ], [ -116.515460606571352, 43.612382648170964, 0.0 ], [ -116.517155486047372, 43.612381277861715, 0.0 ], [ -116.519429616617273, 43.612388869246196, 0.0 ], [ -116.519682990670717, 43.612382875454756, 0.0 ], [ -116.523209341897996, 43.612379138989759, 0.0 ], [ -116.52415601426776, 43.612362251998711, 0.0 ], [ -116.524377070625832, 43.612359747549917, 0.0 ], [ -116.527174157094521, 43.612357913747374, 0.0 ], [ -116.529407907563311, 43.612357013891099, 0.0 ], [ -116.530700201506377, 43.612353903258672, 0.0 ], [ -116.5315277407026, 43.612356810538706, 0.0 ] ] } },
{ "type": "Feature", "properties": { "OBJECTID": 518, "UNIQID": "BPP518", "OWNER": "Nampa", "MANAGER": "Nampa", "STATUS": "Active", "INSTALLED": null, "FTR_FUNCTN": "Bike Route", "FTR_TYP": "Bike Lane", "OVPATHNAME": null, "SGPATHLMT": "Birch Ln (11th Ave N to Idaho Ctr Blvd)", "SRFMATRL": null }, "geometry": { "type": "LineString", "coordinates": [ [ -116.533064202071742, 43.612244843088227, 0.0 ], [ -116.530725872456571, 43.61224511820518, 0.0 ], [ -116.527170191373912, 43.612245054555466, 0.0 ], [ -116.524166141493907, 43.612248282837207, 0.0 ], [ -116.52320983087408, 43.612267625790039, 0.0 ], [ -116.519429843421051, 43.612271694342006, 0.0 ], [ -116.51828293753951, 43.612269434018302, 0.0 ], [ -116.517158426856099, 43.61227260336922, 0.0 ], [ -116.514452251371836, 43.612269366260286, 0.0 ], [ -116.513820705647021, 43.612249295664704, 0.0 ], [ -116.51350210041015, 43.612248566192029, 0.0 ] ] } },
{ "type": "Feature", "properties": { "OBJECTID": 519, "UNIQID": "BPP519", "OWNER": "Nampa", "MANAGER": "Nampa", "STATUS": "Active", "INSTALLED": null, "FTR_FUNCTN": "Bike Route", "FTR_TYP": "Signed/Marked Shared Roadway", "OVPATHNAME": null, "SGPATHLMT": "Birch Ln (11th Ave N to Franklin Blvd)", "SRFMATRL": null }, "geometry": { "type": "LineString", "coordinates": [ [ -116.533211432584324, 43.612325213224835, 0.0 ], [ -116.535237913119687, 43.612325703928306, 0.0 ], [ -116.538185856209182, 43.612330480763319, 0.0 ], [ -116.540749133278325, 43.612329418039486, 0.0 ], [ -116.541182406866554, 43.612330013381893, 0.0 ], [ -116.543704490278344, 43.612322447471634, 0.0 ], [ -116.547357878177266, 43.612315233261533, 0.0 ], [ -116.54870714908418, 43.612316748532869, 0.0 ], [ -116.549556233958569, 43.612319737488669, 0.0 ], [ -116.551468101018614, 43.61231869157691, 0.0 ], [ -116.553178429197715, 43.612327573699467, 0.0 ] ] } },
{ "type": "Feature", "properties": { "OBJECTID": 520, "UNIQID": "BPP520", "OWNER": "Nampa", "MANAGER": "Nampa", "STATUS": "Active", "INSTALLED": null, "FTR_FUNCTN": "Bike Route", "FTR_TYP": "Bike Lane", "OVPATHNAME": null, "SGPATHLMT": "Birch Ln (Franklin Blvd to W of Franklin Blvd)", "SRFMATRL": null }, "geometry": { "type": "LineString", "coordinates": [ [ -116.55333971788157, 43.612389536125043, 0.0 ], [ -116.555647902135163, 43.612392350226976, 0.0 ], [ -116.557815780377339, 43.612388477272575, 0.0 ] ] } },
{ "type": "Feature", "properties": { "OBJECTID": 521, "UNIQID": "BPP521", "OWNER": "Nampa", "MANAGER": "Nampa", "STATUS": "Active", "INSTALLED": null, "FTR_FUNCTN": "Bike Route", "FTR_TYP": "Bike Lane", "OVPATHNAME": null, "SGPATHLMT": "Birch Ln (Franklin Blvd to W of Franklin Blvd)", "SRFMATRL": null }, "geometry": { "type": "LineString", "coordinates": [ [ -116.55770163563291, 43.612284495987183, 0.0 ], [ -116.554507783797604, 43.612282250409272, 0.0 ], [ -116.554027919185941, 43.612281815457784, 0.0 ] ] } },
{ "type": "Feature", "properties": { "OBJECTID": 522, "UNIQID": "BPP522", "OWNER": "Nampa", "MANAGER": "Nampa", "STATUS": "Active", "INSTALLED": null, "FTR_FUNCTN": "Bike Route", "FTR_TYP": "Signed/Marked Shared Roadway", "OVPATHNAME": null, "SGPATHLMT": "Birch Ln (W of Franklin Blvd to Madison Rd)", "SRFMATRL": null }, "geometry": { "type": "LineString", "coordinates": [ [ -116.557848285749955, 43.612332286969078, 0.0 ], [ -116.558075901697251, 43.612310010838577, 0.0 ], [ -116.558173237725526, 43.612304943718989, 0.0 ], [ -116.561369813403545, 43.612302560699476, 0.0 ], [ -116.563056902551068, 43.612272403371158, 0.0 ], [ -116.563188364362162, 43.612271960641401, 0.0 ] ] } },
{ "type": "Feature", "properties": { "OBJECTID": 523, "UNIQID": "BPP523", "OWNER": "Nampa", "MANAGER": "Nampa", "STATUS": "Active", "INSTALLED": null, "FTR_FUNCTN": "Bike Route", "FTR_TYP": "Bike Lane", "OVPATHNAME": null, "SGPATHLMT": "Birch Ln (Madison Rd to Northside Blvd)", "SRFMATRL": null }, "geometry": { "type": "LineString", "coordinates": [ [ -116.563306153616438, 43.61241319837108, 0.0 ], [ -116.565434035590286, 43.61241137640144, 0.0 ], [ -116.565620167821208, 43.612408142998028, 0.0 ], [ -116.565747215209441, 43.612398662937125, 0.0 ], [ -116.565824408069574, 43.612386680698279, 0.0 ], [ -116.56591329655501, 43.612366993719959, 0.0 ], [ -116.566042618386845, 43.612331776521508, 0.0 ], [ -116.566166748149826, 43.612300406401857, 0.0 ], [ -116.566249145586298, 43.612285528875447, 0.0 ], [ -116.566336839204126, 43.612274424524784, 0.0 ], [ -116.566425932285568, 43.612269977209287, 0.0 ], [ -116.566567504590324, 43.612268013711564, 0.0 ], [ -116.568168385448217, 43.612270856384718, 0.0 ], [ -116.573031242222953, 43.612272148364539, 0.0 ] ] } },
{ "type": "Feature", "properties": { "OBJECTID": 524, "UNIQID": "BPP524", "OWNER": "Nampa", "MANAGER": "Nampa", "STATUS": "Active", "INSTALLED": null, "FTR_FUNCTN": "Bike Route", "FTR_TYP": "Bike Lane", "OVPATHNAME": null, "SGPATHLMT": "Birch Ln (Northside Blvd to Madison Rd)", "SRFMATRL": null }, "geometry": { "type": "LineString", "coordinates": [ [ -116.572997312533204, 43.612187609710645, 0.0 ], [ -116.568169557989506, 43.612187930978308, 0.0 ], [ -116.566483792790081, 43.612185734235062, 0.0 ], [ -116.566377655270543, 43.612190302419343, 0.0 ], [ -116.566279423401184, 43.612197672795993, 0.0 ], [ -116.566203529773688, 43.612208692851823, 0.0 ], [ -116.566127673535178, 43.612222571332211, 0.0 ], [ -116.56604663945707, 43.612241249194412, 0.0 ], [ -116.565957828473216, 43.612266651407026, 0.0 ], [ -116.565874235094839, 43.612290110784357, 0.0 ], [ -116.565786645614409, 43.612308835248378, 0.0 ], [ -116.565704222285945, 43.61232180799842, 0.0 ], [ -116.565621695930076, 43.612327160212743, 0.0 ], [ -116.565526007595381, 43.612328795210487, 0.0 ], [ -116.56330240162319, 43.612329394438369, 0.0 ] ] } },
{ "type": "Feature", "properties": { "OBJECTID": 525, "UNIQID": "BPP525", "OWNER": "Nampa", "MANAGER": "Nampa", "STATUS": "Active", "INSTALLED": null, "FTR_FUNCTN": "Bike Route", "FTR_TYP": "Bike Lane", "OVPATHNAME": null, "SGPATHLMT": "Madison Rd (Birch Ln to Karcher Rd)", "SRFMATRL": null }, "geometry": { "type": "LineString", "coordinates": [ [ -116.563250518587225, 43.612242996773439, 0.0 ], [ -116.563230978916309, 43.605538621359081, 0.0 ] ] } },
{ "type": "Feature", "properties": { "OBJECTID": 526, "UNIQID": "BPP526", "OWNER": "Nampa", "MANAGER": "Nampa", "STATUS": "Active", "INSTALLED": null, "FTR_FUNCTN": "Bike Route", "FTR_TYP": "Bike Lane", "OVPATHNAME": null, "SGPATHLMT": "Madison Rd (Karcher Rd to Birch Ln)", "SRFMATRL": null }, "geometry": { "type": "LineString", "coordinates": [ [ -116.563086912524227, 43.605208135188384, 0.0 ], [ -116.56308545894295, 43.605538228005322, 0.0 ], [ -116.563119568377431, 43.606026677798923, 0.0 ], [ -116.563132822891745, 43.612119517441378, 0.0 ] ] } },
{ "type": "Feature", "properties": { "OBJECTID": 527, "UNIQID": "BPP527", "OWNER": "Nampa", "MANAGER": "Nampa", "STATUS": "Active", "INSTALLED": "2006-03-21T07:00:00Z", "FTR_FUNCTN": "Bike Route", "FTR_TYP": "Bike Lane", "OVPATHNAME": null, "SGPATHLMT": "Karcher Bypass (N of Sand Hill Dr to Midland Blvd)", "SRFMATRL": null }, "geometry": { "type": "LineString", "coordinates": [ [ -116.590001696838215, 43.608660197859756, 0.0 ], [ -116.590206873162273, 43.608848736997551, 0.0 ], [ -116.590374132922079, 43.608997544711031, 0.0 ], [ -116.590529316963014, 43.609126436068728, 0.0 ], [ -116.590690341577172, 43.609250997046388, 0.0 ], [ -116.590912780556323, 43.609407971676035, 0.0 ], [ -116.591133155401423, 43.609557816000077, 0.0 ], [ -116.591480008658337, 43.609794909802552, 0.0 ], [ -116.593221705836186, 43.610971362768169, 0.0 ], [ -116.593434193913467, 43.611118393939186, 0.0 ], [ -116.593482656210114, 43.611161856298537, 0.0 ], [ -116.593590172930703, 43.611256324899948, 0.0 ], [ -116.593648520081572, 43.611303524396448, 0.0 ], [ -116.594111823232609, 43.611620183357715, 0.0 ] ] } },
{ "type": "Feature", "properties": { "OBJECTID": 528, "UNIQID": "BPP528", "OWNER": "Nampa", "MANAGER": "Nampa", "STATUS": "Active", "INSTALLED": "2006-03-21T07:00:00Z", "FTR_FUNCTN": "Bike Route", "FTR_TYP": "Bike Lane", "OVPATHNAME": null, "SGPATHLMT": "Karcher Bypass (Midland Blvd to N of Sand Hill Dr)", "SRFMATRL": null }, "geometry": { "type": "LineString", "coordinates": [ [ -116.594292943200642, 43.611446422121801, 0.0 ], [ -116.593219815216955, 43.610722731903678, 0.0 ], [ -116.591652594807655, 43.609660704139763, 0.0 ], [ -116.590949605119903, 43.609180978026551, 0.0 ], [ -116.590704594958609, 43.609003688404627, 0.0 ], [ -116.590548199893917, 43.608881951243212, 0.0 ], [ -116.590294850701724, 43.608670427936048, 0.0 ], [ -116.590124817422208, 43.608510685266687, 0.0 ] ] } },
{ "type": "Feature", "properties": { "OBJECTID": 529, "UNIQID": "BPP529", "OWNER": "Nampa", "MANAGER": "Nampa", "STATUS": "Active", "INSTALLED": null, "FTR_FUNCTN": "Bike Route", "FTR_TYP": "Signed/Marked Shared Roadway", "OVPATHNAME": null, "SGPATHLMT": "Karcher Rd (Madison Rd to Franklin Blvd)", "SRFMATRL": null }, "geometry": { "type": "LineString", "coordinates": [ [ -116.563170736305239, 43.605059991319877, 0.0 ], [ -116.559292107515958, 43.605053661547402, 0.0 ], [ -116.556585743559921, 43.605053783175009, 0.0 ], [ -116.553152170039169, 43.605050380450649, 0.0 ] ] } },
{ "type": "Feature", "properties": { "OBJECTID": 530, "UNIQID": "BPP530", "OWNER": "Nampa", "MANAGER": "Nampa", "STATUS": "Active", "INSTALLED": null, "FTR_FUNCTN": "Bike Route", "FTR_TYP": "Bike Lane", "OVPATHNAME": null, "SGPATHLMT": "Sunny Ridge Rd (Hawaii Ave to Maine Ave)", "SRFMATRL": null }, "geometry": { "type": "LineString", "coordinates": [ [ -116.564453343692463, 43.554955750261378, 0.0 ], [ -116.56444938145431, 43.554564249383823, 0.0 ], [ -116.564425817125837, 43.55426772891267, 0.0 ], [ -116.564416425423616, 43.55415961889684, 0.0 ], [ -116.564407912970552, 43.554111095739316, 0.0 ], [ -116.564395394449846, 43.554056884476914, 0.0 ], [ -116.564375016530178, 43.5540027300978, 0.0 ], [ -116.564345318484698, 43.553937210620433, 0.0 ], [ -116.564306362022037, 43.553865089015225, 0.0 ], [ -116.564272914589466, 43.553812932352344, 0.0 ], [ -116.564236962853826, 43.553769368026984, 0.0 ], [ -116.564197069257034, 43.553724878539285, 0.0 ], [ -116.564134715522371, 43.553662017378876, 0.0 ], [ -116.564053891335021, 43.553597293945089, 0.0 ], [ -116.563937547969104, 43.553517148702888, 0.0 ], [ -116.563286144198145, 43.553095960832664, 0.0 ], [ -116.563235863573823, 43.55305821385948, 0.0 ], [ -116.563193453888204, 43.553021363202234, 0.0 ], [ -116.563137730155063, 43.552968412322819, 0.0 ], [ -116.563072557457431, 43.552894571194919, 0.0 ], [ -116.563025796369672, 43.552826314838761, 0.0 ], [ -116.562973400147825, 43.552728566598965, 0.0 ], [ -116.562942201699897, 43.552648768054418, 0.0 ], [ -116.562918669289076, 43.552554625634627, 0.0 ], [ -116.562908324066413, 43.552467057508672, 0.0 ], [ -116.562911433613252, 43.552406066877126, 0.0 ], [ -116.562926897990934, 43.552289736515561, 0.0 ], [ -116.56293332191386, 43.552182997271778, 0.0 ], [ -116.562917696972789, 43.551830527139813, 0.0 ], [ -116.56290436322368, 43.551205261101124, 0.0 ] ] } },
{ "type": "Feature", "properties": { "OBJECTID": 531, "UNIQID": "BPP531", "OWNER": "Nampa", "MANAGER": "Nampa", "STATUS": "Active", "INSTALLED": null, "FTR_FUNCTN": "Bike Route", "FTR_TYP": "Bike Lane", "OVPATHNAME": null, "SGPATHLMT": "Sunny Ridge Rd (Maine Ave to Hawaii Ave)", "SRFMATRL": null }, "geometry": { "type": "LineString", "coordinates": [ [ -116.56275108740931, 43.551202778285194, 0.0 ], [ -116.562763544150314, 43.551809132818185, 0.0 ], [ -116.562782046496892, 43.552405512415817, 0.0 ], [ -116.562786346566085, 43.552510721717958, 0.0 ], [ -116.562794144994626, 43.552579255185826, 0.0 ], [ -116.562806671349449, 43.552634180375776, 0.0 ], [ -116.562826121194476, 43.552692628003761, 0.0 ], [ -116.562843434354377, 43.552738230849286, 0.0 ], [ -116.562869305312475, 43.552793757841933, 0.0 ], [ -116.56290092122272, 43.552849279984187, 0.0 ], [ -116.562939043413849, 43.552908309514329, 0.0 ], [ -116.562960393254386, 43.55293886518664, 0.0 ], [ -116.563022964851143, 43.553012739277506, 0.0 ], [ -116.563083660965219, 43.553070179736501, 0.0 ], [ -116.563116963986744, 43.5531029591668, 0.0 ], [ -116.563183039706843, 43.553155209941991, 0.0 ], [ -116.563303971456676, 43.553235798578854, 0.0 ], [ -116.563891598439469, 43.553613857631873, 0.0 ], [ -116.563963977445511, 43.553663355525259, 0.0 ], [ -116.564016642609573, 43.553707991790915, 0.0 ], [ -116.564067354786545, 43.55375335663107, 0.0 ], [ -116.564119173414738, 43.553808001873641, 0.0 ], [ -116.564159176017299, 43.553860588061553, 0.0 ], [ -116.564202346425148, 43.553929584205079, 0.0 ], [ -116.564239662380217, 43.554001479898069, 0.0 ], [ -116.564263110513068, 43.554064900738425, 0.0 ], [ -116.564283689120472, 43.554134056852213, 0.0 ], [ -116.564291248996454, 43.554184730881545, 0.0 ], [ -116.564296215042987, 43.554267039982101, 0.0 ], [ -116.564296919201595, 43.554970606600193, 0.0 ] ] } },
{ "type": "Feature", "properties": { "OBJECTID": 532, "UNIQID": "BPP532", "OWNER": "Nampa", "MANAGER": "Nampa", "STATUS": "Active", "INSTALLED": "2017-09-30T07:00:00Z", "FTR_FUNCTN": "Bike Route", "FTR_TYP": "Signed/Marked Shared Roadway", "OVPATHNAME": null, "SGPATHLMT": "Iowa Ave (12th Ave Rd to Ada St)", "SRFMATRL": null }, "geometry": { "type": "LineString", "coordinates": [ [ -116.573041559122743, 43.554279668234805, 0.0 ], [ -116.574179105184868, 43.554284434028617, 0.0 ], [ -116.575215517716856, 43.554305231323973, 0.0 ], [ -116.577393207571092, 43.554328387559835, 0.0 ], [ -116.577801252183662, 43.554332244919024, 0.0 ], [ -116.578794978681728, 43.5543334847629, 0.0 ], [ -116.581033289319578, 43.554341981435392, 0.0 ], [ -116.582802586876568, 43.554353531327585, 0.0 ], [ -116.583284734967265, 43.554355913862231, 0.0 ], [ -116.584819322553329, 43.554363497503225, 0.0 ], [ -116.586455820117735, 43.554364556922039, 0.0 ], [ -116.586777731419588, 43.554366393957608, 0.0 ] ] } },
{ "type": "Feature", "properties": { "OBJECTID": 533, "UNIQID": "BPP533", "OWNER": "Nampa", "MANAGER": "Nampa", "STATUS": "Active", "INSTALLED": null, "FTR_FUNCTN": "Pathway", "FTR_TYP": "Pathway", "OVPATHNAME": "Indian Creek Pathway", "SGPATHLMT": "Kings Rd to Amity Ave", "SRFMATRL": "Asphalt" }, "geometry": { "type": "LineString", "coordinates": [ [ -116.532774078295134, 43.56734585366128, 0.0 ], [ -116.532696253083813, 43.567314329032939, 0.0 ], [ -116.532620301177218, 43.567278525770625, 0.0 ], [ -116.532546457586989, 43.567238554657408, 0.0 ], [ -116.53247495080123, 43.567194539372572, 0.0 ], [ -116.532406002077437, 43.567146616108957, 0.0 ], [ -116.532089475529816, 43.566894568718105, 0.0 ], [ -116.532056035904077, 43.566867940740771, 0.0 ], [ -116.532033549655921, 43.566850605608067, 0.0 ], [ -116.532014330908964, 43.566829706374875, 0.0 ], [ -116.531998937039532, 43.566805849154456, 0.0 ], [ -116.531987814495992, 43.566779725846715, 0.0 ], [ -116.531981285850961, 43.566752094071958, 0.0 ], [ -116.531979540446272, 43.566723755198574, 0.0 ], [ -116.53198374475258, 43.566309079411752, 0.0 ], [ -116.531986352217274, 43.566262351074243, 0.0 ], [ -116.531994613980501, 43.566216285038301, 0.0 ], [ -116.532008407795487, 43.566171562928929, 0.0 ], [ -116.532027529559386, 43.566128846485441, 0.0 ], [ -116.53205169633334, 43.566088767769948, 0.0 ], [ -116.532267738483554, 43.565778391759416, 0.0 ], [ -116.53238660691639, 43.565648175067885, 0.0 ], [ -116.532477386066816, 43.565565458765278, 0.0 ], [ -116.532478180924841, 43.565564800741399, 0.0 ], [ -116.532502081538482, 43.565544116723004, 0.0 ], [ -116.532522512568917, 43.565519999489645, 0.0 ], [ -116.53253898679327, 43.56549302416979, 0.0 ], [ -116.532551111347431, 43.565463834049275, 0.0 ], [ -116.532558597094749, 43.565433125230726, 0.0 ], [ -116.53256126552111, 43.56540163003347, 0.0 ], [ -116.532559052991999, 43.565370099529758, 0.0 ], [ -116.532567412790939, 43.565276815564616, 0.0 ], [ -116.532536033813116, 43.564922214793093, 0.0 ], [ -116.532525710846556, 43.564863845462362, 0.0 ], [ -116.532478024417046, 43.564727811577598, 0.0 ], [ -116.532245641979316, 43.564218745668661, 0.0 ], [ -116.532221246692785, 43.564167283763545, 0.0 ], [ -116.531995810383535, 43.563691709873723, 0.0 ], [ -116.531965813580797, 43.563616682986769, 0.0 ], [ -116.531929850488368, 43.563544326246081, 0.0 ], [ -116.531888156457285, 43.563475113171357, 0.0 ], [ -116.531841004343207, 43.563409496709419, 0.0 ], [ -116.531788702720746, 43.563347906269982, 0.0 ], [ -116.531731593864194, 43.563290744915534, 0.0 ], [ -116.531670051507447, 43.563238386723562, 0.0 ], [ -116.531604478398336, 43.56319117433852, 0.0 ], [ -116.531535303662864, 43.563149416729473, 0.0 ], [ -116.531215692843915, 43.562963199769449, 0.0 ], [ -116.531039828764477, 43.562861992506853, 0.0 ], [ -116.530900940226104, 43.562775280809795, 0.0 ], [ -116.530712780186363, 43.562664342165696, 0.0 ], [ -116.530478679026189, 43.562526314628407, 0.0 ], [ -116.530247415215797, 43.562398489858076, 0.0 ], [ -116.529913923967513, 43.562207356614785, 0.0 ], [ -116.529667269643639, 43.562054887868982, 0.0 ], [ -116.529524303532042, 43.561966512774887, 0.0 ] ] } },
{ "type": "Feature", "properties": { "OBJECTID": 534, "UNIQID": "BPP534", "OWNER": "Nampa", "MANAGER": "Nampa", "STATUS": "Active", "INSTALLED": null, "FTR_FUNCTN": "Multiuse", "FTR_TYP": "Pathway", "OVPATHNAME": "Indian Creek Pathway", "SGPATHLMT": null, "SRFMATRL": "Concrete" }, "geometry": { "type": "LineString", "coordinates": [ [ -116.532998603115175, 43.567525321137929, 0.0 ], [ -116.532994660017366, 43.567349267655231, 0.0 ] ] } },
{ "type": "Feature", "properties": { "OBJECTID": 535, "UNIQID": "BPP535", "OWNER": "Nampa", "MANAGER": "Nampa", "STATUS": "Active", "INSTALLED": null, "FTR_FUNCTN": "Multiuse", "FTR_TYP": "Pathway", "OVPATHNAME": "Indian Creek Pathway", "SGPATHLMT": null, "SRFMATRL": "Asphalt" }, "geometry": { "type": "LineString", "coordinates": [ [ -116.532994660017366, 43.567349267655231, 0.0 ], [ -116.532774078295134, 43.56734585366128, 0.0 ] ] } },
{ "type": "Feature", "properties": { "OBJECTID": 933, "UNIQID": "BPP536", "OWNER": "Nampa", "MANAGER": "Nampa", "STATUS": "Active", "INSTALLED": null, "FTR_FUNCTN": "Bike Route", "FTR_TYP": "Signed/Marked Shared Roadway", "OVPATHNAME": null, "SGPATHLMT": "1st St N (Railroad Ct to 12th Ave N)", "SRFMATRL": null }, "geometry": { "type": "LineString", "coordinates": [ [ -116.548682005370594, 43.573864958243526, 0.0 ], [ -116.548654276104045, 43.574353503278594, 0.0 ], [ -116.548647093295585, 43.574692919720583, 0.0 ], [ -116.548651269518203, 43.574770878192957, 0.0 ], [ -116.548667118264973, 43.574834231785566, 0.0 ], [ -116.548693346853383, 43.574894020417631, 0.0 ], [ -116.548720787498468, 43.574940597708327, 0.0 ], [ -116.548756452649798, 43.574988113954277, 0.0 ], [ -116.548802130446177, 43.575036689870323, 0.0 ], [ -116.548840325297149, 43.575070080932981, 0.0 ], [ -116.548909309641331, 43.575119959330294, 0.0 ], [ -116.548961908641232, 43.575150103794208, 0.0 ], [ -116.549579912223862, 43.575410647797668, 0.0 ], [ -116.549684458137506, 43.575456277792, 0.0 ], [ -116.549761939259199, 43.575493901497062, 0.0 ], [ -116.54983751516194, 43.575533308102095, 0.0 ], [ -116.549912513400841, 43.575575271420632, 0.0 ], [ -116.549978272263274, 43.575614355072126, 0.0 ], [ -116.550068846885011, 43.5756737092956, 0.0 ], [ -116.551124220688905, 43.576389863882447, 0.0 ], [ -116.55216261353803, 43.577108574277503, 0.0 ], [ -116.552917358417659, 43.577619873417625, 0.0 ], [ -116.552961509999179, 43.57764981342072, 0.0 ], [ -116.553019652646284, 43.577681827104051, 0.0 ], [ -116.553079367752261, 43.577707878163331, 0.0 ], [ -116.553474579717175, 43.577866570708395, 0.0 ], [ -116.553581448656885, 43.577910006113704, 0.0 ], [ -116.55363882575783, 43.577945391284317, 0.0 ], [ -116.554371424874887, 43.578446548115409, 0.0 ], [ -116.555418446209501, 43.579170261650333, 0.0 ], [ -116.556468262522344, 43.579873476303987, 0.0 ], [ -116.557511177779858, 43.580585083903642, 0.0 ] ] } },
{ "type": "Feature", "properties": { "OBJECTID": 934, "UNIQID": "BPP537", "OWNER": "Nampa", "MANAGER": "Nampa", "STATUS": "Active", "INSTALLED": "2017-07-17T07:00:00Z", "FTR_FUNCTN": "Bike Route", "FTR_TYP": "Bike Lane", "OVPATHNAME": null, "SGPATHLMT": "1st St N (12th Ave N to 11th Ave N)", "SRFMATRL": null }, "geometry": { "type": "LineString", "coordinates": [ [ -116.55754576389576, 43.580658834257292, 0.0 ], [ -116.55841040524065, 43.581254065095344, 0.0 ] ] } },
{ "type": "Feature", "properties": { "OBJECTID": 935, "UNIQID": "BPP538", "OWNER": "Nampa", "MANAGER": "Nampa", "STATUS": "Active", "INSTALLED": null, "FTR_FUNCTN": "Bike Route", "FTR_TYP": "Signed/Marked Shared Roadway", "OVPATHNAME": null, "SGPATHLMT": "6th St N (16th Ave N to 1st Ave N)", "SRFMATRL": null }, "geometry": { "type": "LineString", "coordinates": [ [ -116.548313340356373, 43.581626427930701, 0.0 ], [ -116.549361829457922, 43.582339003313955, 0.0 ], [ -116.550404986682352, 43.583048669237783, 0.0 ], [ -116.551457933181808, 43.583763460456552, 0.0 ], [ -116.552506160815042, 43.584480291245733, 0.0 ], [ -116.553550963542747, 43.585187900339371, 0.0 ], [ -116.554600703682041, 43.585901128531852, 0.0 ], [ -116.555641357716922, 43.58661113640342, 0.0 ], [ -116.556153459120324, 43.58696061225946, 0.0 ], [ -116.557199160727592, 43.587670391074539, 0.0 ], [ -116.557738174541427, 43.588039060825956, 0.0 ], [ -116.559770466944443, 43.589422991040145, 0.0 ], [ -116.56023804691776, 43.589741305760313, 0.0 ], [ -116.560738549187562, 43.590082518826158, 0.0 ], [ -116.561799347893327, 43.590803114077232, 0.0 ], [ -116.563205725062886, 43.591759071619741, 0.0 ], [ -116.563995101555889, 43.59229561290207, 0.0 ], [ -116.564461568609445, 43.59261266332377, 0.0 ], [ -116.565170977293647, 43.593096641563896, 0.0 ], [ -116.565618867640964, 43.593396256715742, 0.0 ], [ -116.566652517219424, 43.594093473035485, 0.0 ], [ -116.567007637132022, 43.594332398343347, 0.0 ] ] } },
{ "type": "Feature", "properties": { "OBJECTID": 936, "UNIQID": "BPP539", "OWNER": "Nampa", "MANAGER": "Nampa", "STATUS": "Active", "INSTALLED": null, "FTR_FUNCTN": "Bike Route", "FTR_TYP": "Bike Lane", "OVPATHNAME": null, "SGPATHLMT": "Midland Blvd (Treasure Valley Marketplace to Cherry Ln)", "SRFMATRL": null }, "geometry": { "type": "LineString", "coordinates": [ [ -116.59309347868512, 43.615893868535764, 0.0 ], [ -116.593093451487988, 43.615938473527365, 0.0 ], [ -116.593100704051551, 43.616832694043943, 0.0 ], [ -116.593099092084913, 43.61784366150497, 0.0 ], [ -116.593132362135606, 43.619004653267091, 0.0 ], [ -116.593131090576634, 43.619382850393023, 0.0 ] ] } },
{ "type": "Feature", "properties": { "OBJECTID": 1335, "UNIQID": "BPP540", "OWNER": "Private", "MANAGER": "Private", "STATUS": "Active", "INSTALLED": "2008-05-21T07:00:00Z", "FTR_FUNCTN": "Pathway", "FTR_TYP": "Pathway", "OVPATHNAME": "Edwards Pathway", "SGPATHLMT": "Iowa Ave to Middleton Rd", "SRFMATRL": "Concrete" }, "geometry": { "type": "LineString", "coordinates": [ [ -116.612047781446734, 43.55709633889019, 0.0 ], [ -116.612059337734848, 43.557110312457063, 0.0 ], [ -116.612070985503792, 43.557123323109309, 0.0 ], [ -116.612093973023377, 43.557127913179464, 0.0 ], [ -116.612220037083986, 43.557126962487182, 0.0 ], [ -116.61226270606852, 43.557133784891988, 0.0 ], [ -116.61230389059925, 43.557151336154305, 0.0 ], [ -116.612333717229575, 43.55717611819145, 0.0 ], [ -116.612387006918993, 43.557238826927041, 0.0 ], [ -116.612473822661158, 43.557356059252065, 0.0 ], [ -116.612522252963984, 43.557422378040961, 0.0 ], [ -116.612560502865222, 43.557463766608009, 0.0 ], [ -116.612588725177488, 43.557490941487131, 0.0 ], [ -116.612605470648674, 43.557517012102664, 0.0 ], [ -116.612610858174222, 43.557550313532879, 0.0 ], [ -116.612614693326009, 43.557589580040094, 0.0 ], [ -116.61262833410315, 43.557627582606507, 0.0 ] ] } },
{ "type": "Feature", "properties": { "OBJECTID": 1736, "UNIQID": "BPP542", "OWNER": "Nampa", "MANAGER": "Nampa", "STATUS": "Active", "INSTALLED": "2021-08-31T07:00:00Z", "FTR_FUNCTN": "Pathway", "FTR_TYP": "Pathway", "OVPATHNAME": "Indian Creek Pathway", "SGPATHLMT": "Sugar St to Kings Rd", "SRFMATRL": "Asphalt" }, "geometry": { "type": "LineString", "coordinates": [ [ -116.542238182841331, 43.570787640929339, 0.0 ], [ -116.542221949392754, 43.57069868350824, 0.0 ], [ -116.542216391511431, 43.570674080491912, 0.0 ], [ -116.542208736073079, 43.570640188428342, 0.0 ], [ -116.542201105992717, 43.570607852486091, 0.0 ], [ -116.542194339865603, 43.570591465983767, 0.0 ], [ -116.542182907578379, 43.57056892082786, 0.0 ], [ -116.542173550255953, 43.570554696351891, 0.0 ], [ -116.542160564563716, 43.570538591474552, 0.0 ], [ -116.542145273888025, 43.570521550245914, 0.0 ], [ -116.542129344001722, 43.570505704295542, 0.0 ], [ -116.54210849170903, 43.57048917775802, 0.0 ], [ -116.542088323588274, 43.570474790548829, 0.0 ], [ -116.542064236517334, 43.570461381908686, 0.0 ], [ -116.542040836741222, 43.570450351104583, 0.0 ], [ -116.542018762216159, 43.570440501065697, 0.0 ], [ -116.541987510207804, 43.570430239340702, 0.0 ], [ -116.541666123635366, 43.570325295015124, 0.0 ], [ -116.541316161792693, 43.570214355690588, 0.0 ], [ -116.541274724109329, 43.570201544039321, 0.0 ], [ -116.541239218494042, 43.570191549180173, 0.0 ], [ -116.540972316486645, 43.570120043992809, 0.0 ], [ -116.540918735472346, 43.57010541068589, 0.0 ], [ -116.540876968678674, 43.570092601166927, 0.0 ], [ -116.540772361865237, 43.57005831572792, 0.0 ], [ -116.540463221027764, 43.569955035828976, 0.0 ] ] } },
{ "type": "Feature", "properties": { "OBJECTID": 1739, "UNIQID": "BPP545", "OWNER": "Nampa", "MANAGER": "Nampa", "STATUS": "Proposed", "INSTALLED": null, "FTR_FUNCTN": "Pathway", "FTR_TYP": "Pedestrian Bridge", "OVPATHNAME": null, "SGPATHLMT": null, "SRFMATRL": null }, "geometry": { "type": "LineString", "coordinates": [ [ -116.541345711126837, 43.607146278111138, 0.0 ], [ -116.541196892166681, 43.607355189205876, 0.0 ] ] } },
{ "type": "Feature", "properties": { "OBJECTID": 1740, "UNIQID": "BPP546", "OWNER": "Nampa", "MANAGER": "Nampa", "STATUS": "Active", "INSTALLED": "2021-08-31T07:00:00Z", "FTR_FUNCTN": "Pathway", "FTR_TYP": "Pathway", "OVPATHNAME": "Grimes Creek Pathway", "SGPATHLMT": "Birch Ln to RR Tracks", "SRFMATRL": "Asphalt" }, "geometry": { "type": "LineString", "coordinates": [ [ -116.5487057087838, 43.612254067885708, 0.0 ], [ -116.548705417229385, 43.612248793490629, 0.0 ], [ -116.548703572382536, 43.612232488325276, 0.0 ], [ -116.548699340787834, 43.612222396178041, 0.0 ], [ -116.548689383095933, 43.612212939908872, 0.0 ], [ -116.548650502580031, 43.61218522809704, 0.0 ], [ -116.548634841197753, 43.612178193356478, 0.0 ], [ -116.548614285777361, 43.612172978617956, 0.0 ], [ -116.548440063111741, 43.612134899608613, 0.0 ], [ -116.548429364217725, 43.612131402707064, 0.0 ], [ -116.548418618053347, 43.612124332706458, 0.0 ], [ -116.548042197064746, 43.611853679390912, 0.0 ], [ -116.548029805564724, 43.611846025868182, 0.0 ], [ -116.54801166065738, 43.61183722166485, 0.0 ], [ -116.547994669222788, 43.611832924347908, 0.0 ], [ -116.547861494188794, 43.611800513020995, 0.0 ], [ -116.547852426311252, 43.611796408810086, 0.0 ], [ -116.547845796336802, 43.611790798804982, 0.0 ], [ -116.547841195494158, 43.611783685859095, 0.0 ], [ -116.547830885291532, 43.611748767021254, 0.0 ] ] } },
{ "type": "Feature", "properties": { "OBJECTID": 1741, "UNIQID": "BPP547", "OWNER": "Nampa", "MANAGER": "Nampa", "STATUS": "Active", "INSTALLED": null, "FTR_FUNCTN": "Pathway", "FTR_TYP": "Pathway", "OVPATHNAME": "Sunset Oaks Park Pathway", "SGPATHLMT": "Sunset Oaks Park Only", "SRFMATRL": "Asphalt" }, "geometry": { "type": "LineString", "coordinates": [ [ -116.54837140831205, 43.611377556651099, 0.0 ], [ -116.548320527407313, 43.611424520479936, 0.0 ], [ -116.54827265043042, 43.611466606326609, 0.0 ], [ -116.548259847966875, 43.611479765294078, 0.0 ], [ -116.548244865535821, 43.611505500489095, 0.0 ], [ -116.548239995701678, 43.611533218214554, 0.0 ], [ -116.5482411859428, 43.611545562084778, 0.0 ], [ -116.548246568937529, 43.611588392137399, 0.0 ], [ -116.548244766056044, 43.611601567005088, 0.0 ], [ -116.548238737345017, 43.611618563535643, 0.0 ], [ -116.548228739625699, 43.611634540954739, 0.0 ], [ -116.548215074950548, 43.611649014694372, 0.0 ], [ -116.548198158689985, 43.611661544400498, 0.0 ], [ -116.548178506109195, 43.611671749328728, 0.0 ], [ -116.548163461481039, 43.611677332430041, 0.0 ], [ -116.547943962840392, 43.611740978533717, 0.0 ], [ -116.547930400222, 43.61174518849618, 0.0 ], [ -116.547902908860266, 43.611750746828349, 0.0 ], [ -116.547874507071199, 43.611752752481593, 0.0 ], [ -116.54784605873445, 43.611751143619216, 0.0 ], [ -116.547830885291532, 43.611748767021254, 0.0 ] ] } },
{ "type": "Feature", "properties": { "OBJECTID": 2136, "UNIQID": "BPP549", "OWNER": "Nampa", "MANAGER": "Nampa", "STATUS": "Active", "INSTALLED": "2021-01-31T07:00:00Z", "FTR_FUNCTN": "Pathway", "FTR_TYP": "Pathway", "OVPATHNAME": "Midway Sports Park Pathway", "SGPATHLMT": "Midway Sports Park Only", "SRFMATRL": "Asphalt" }, "geometry": { "type": "LineString", "coordinates": [ [ -116.634260930646448, 43.580448936020204, 0.0 ], [ -116.634282474255386, 43.580410069073039, 0.0 ], [ -116.634296710094816, 43.580375427067359, 0.0 ], [ -116.63430599607652, 43.580338440753131, 0.0 ], [ -116.634309454144088, 43.580294951206319, 0.0 ], [ -116.634308104275618, 43.580258643037851, 0.0 ], [ -116.634301901677105, 43.58022653992446, 0.0 ], [ -116.634289042888668, 43.580187343210675, 0.0 ], [ -116.634226440102097, 43.580050888932263, 0.0 ], [ -116.63421863452038, 43.580021179907632, 0.0 ], [ -116.63421557587013, 43.579980121561306, 0.0 ], [ -116.634215759410651, 43.57993665644166, 0.0 ], [ -116.63422057090844, 43.579896133096106, 0.0 ], [ -116.634231725262552, 43.579852464305077, 0.0 ], [ -116.634253926191946, 43.579802518199131, 0.0 ], [ -116.634278152305583, 43.579756605126555, 0.0 ], [ -116.634305151383984, 43.57972114970093, 0.0 ], [ -116.634335461061823, 43.579688049455029, 0.0 ], [ -116.634380746713006, 43.579648641477419, 0.0 ], [ -116.634428731107889, 43.579614452154232, 0.0 ], [ -116.634479432700999, 43.579586910716998, 0.0 ], [ -116.634523060253386, 43.579568473716272, 0.0 ], [ -116.634588864458451, 43.579543196171976, 0.0 ], [ -116.634641713182674, 43.579528021787716, 0.0 ], [ -116.634694623399284, 43.579517133236003, 0.0 ], [ -116.634758692910097, 43.579507587672282, 0.0 ], [ -116.634823513712277, 43.579504704286627, 0.0 ], [ -116.634881860922519, 43.579507110524141, 0.0 ], [ -116.634950091269445, 43.579513250400261, 0.0 ], [ -116.635015114381602, 43.579524178456914, 0.0 ], [ -116.635393111632482, 43.579610322099768, 0.0 ], [ -116.635446342851225, 43.579621341237292, 0.0 ], [ -116.63551269117734, 43.579633211064589, 0.0 ], [ -116.635585598088113, 43.579645507106122, 0.0 ], [ -116.635666358184437, 43.579657265201163, 0.0 ], [ -116.635743815844975, 43.579667144189564, 0.0 ], [ -116.635854676821239, 43.579676287230612, 0.0 ], [ -116.635933312906275, 43.579677107234431, 0.0 ], [ -116.636035462060008, 43.579672980655815, 0.0 ], [ -116.6361342585881, 43.579663641322526, 0.0 ], [ -116.63620945696087, 43.579653532522023, 0.0 ], [ -116.636325119572078, 43.579632630855251, 0.0 ], [ -116.63649680710779, 43.579589860272684, 0.0 ], [ -116.636592133205198, 43.579567211397915, 0.0 ], [ -116.636682308338521, 43.57955079336498, 0.0 ] ] } },
{ "type": "Feature", "properties": { "OBJECTID": 2137, "UNIQID": "BPP550", "OWNER": "Nampa", "MANAGER": "Nampa", "STATUS": "Active", "INSTALLED": "2021-01-31T07:00:00Z", "FTR_FUNCTN": "Pathway", "FTR_TYP": "Pathway", "OVPATHNAME": "Midway Sports Park Pathway", "SGPATHLMT": "Midway Sports Park Only", "SRFMATRL": "Asphalt" }, "geometry": { "type": "LineString", "coordinates": [ [ -116.636682308338521, 43.57955079336498, 0.0 ], [ -116.636829332167054, 43.579523932229883, 0.0 ] ] } },
{ "type": "Feature", "properties": { "OBJECTID": 2138, "UNIQID": "BPP551", "OWNER": "Nampa", "MANAGER": "Nampa", "STATUS": "Active", "INSTALLED": "2021-01-31T07:00:00Z", "FTR_FUNCTN": "Pathway", "FTR_TYP": "Pathway", "OVPATHNAME": "Midway Sports Park Pathway", "SGPATHLMT": "Midway Sports Park Only", "SRFMATRL": "Asphalt" }, "geometry": { "type": "LineString", "coordinates": [ [ -116.636682308338521, 43.57955079336498, 0.0 ], [ -116.636798027452855, 43.579578474319106, 0.0 ], [ -116.636878392689184, 43.579607858810881, 0.0 ], [ -116.636942386082126, 43.57963784642655, 0.0 ], [ -116.636982662525512, 43.579658967399496, 0.0 ], [ -116.637013732841893, 43.579677778993812, 0.0 ], [ -116.637040273507552, 43.579700435900115, 0.0 ], [ -116.63706623496526, 43.579728336845527, 0.0 ], [ -116.637086964156978, 43.579756754545109, 0.0 ], [ -116.637117073139592, 43.579799388729256, 0.0 ], [ -116.637148724007105, 43.579857729592248, 0.0 ] ] } },
{ "type": "Feature", "properties": { "OBJECTID": 2139, "UNIQID": "BPP552", "OWNER": "Nampa", "MANAGER": "Nampa", "STATUS": "Active", "INSTALLED": "2021-01-31T07:00:00Z", "FTR_FUNCTN": "Pathway", "FTR_TYP": "Pathway", "OVPATHNAME": "Midway Sports Park Pathway", "SGPATHLMT": "Midway Sports Park Only", "SRFMATRL": "Asphalt" }, "geometry": { "type": "LineString", "coordinates": [ [ -116.637184877423309, 43.579776475867334, 0.0 ], [ -116.637162528580674, 43.579816183116506, 0.0 ], [ -116.637148724007105, 43.579857729592248, 0.0 ] ] } },
{ "type": "Feature", "properties": { "OBJECTID": 2140, "UNIQID": "BPP553", "OWNER": "Nampa", "MANAGER": "Nampa", "STATUS": "Active", "INSTALLED": "2021-01-31T07:00:00Z", "FTR_FUNCTN": "Pathway", "FTR_TYP": "Pathway", "OVPATHNAME": "Midway Sports Park Pathway", "SGPATHLMT": "Midway Sports Park Only", "SRFMATRL": "Asphalt" }, "geometry": { "type": "LineString", "coordinates": [ [ -116.637148724007105, 43.579857729592248, 0.0 ], [ -116.637154304183611, 43.580505467919295, 0.0 ], [ -116.637171020003422, 43.581242189400356, 0.0 ] ] } },
{ "type": "Feature", "properties": { "OBJECTID": 2141, "UNIQID": "BPP554", "OWNER": "Nampa", "MANAGER": "Nampa", "STATUS": "Active", "INSTALLED": "2021-01-31T07:00:00Z", "FTR_FUNCTN": "Pathway", "FTR_TYP": "Pathway", "OVPATHNAME": "Midway Sports Park Pathway", "SGPATHLMT": "Midway Sports Park Only", "SRFMATRL": "Concrete" }, "geometry": { "type": "LineString", "coordinates": [ [ -116.637243105154511, 43.581243059339307, 0.0 ], [ -116.637171020003422, 43.581242189400356, 0.0 ] ] } },
{ "type": "Feature", "properties": { "OBJECTID": 2142, "UNIQID": "BPP555", "OWNER": "Nampa", "MANAGER": "Nampa", "STATUS": "Active", "INSTALLED": "2021-01-31T07:00:00Z", "FTR_FUNCTN": "Pathway", "FTR_TYP": "Pathway", "OVPATHNAME": "Midway Sports Park Pathway", "SGPATHLMT": "Midway Sports Park Only", "SRFMATRL": "Concrete" }, "geometry": { "type": "LineString", "coordinates": [ [ -116.637171020003422, 43.581242189400356, 0.0 ], [ -116.637105520321541, 43.58124365000873, 0.0 ], [ -116.637040759487547, 43.581250821455377, 0.0 ], [ -116.63697211800897, 43.581261356087573, 0.0 ], [ -116.636922481330117, 43.58127222029421, 0.0 ], [ -116.636857923177402, 43.581293202277209, 0.0 ], [ -116.636762742528873, 43.581325854081108, 0.0 ], [ -116.636694274423192, 43.581348294777762, 0.0 ], [ -116.636634902093775, 43.581365426239358, 0.0 ], [ -116.636586561135047, 43.581375327032525, 0.0 ], [ -116.636532304850206, 43.581383845201024, 0.0 ], [ -116.636465563785947, 43.581390078460075, 0.0 ], [ -116.636421022056069, 43.581390900000883, 0.0 ], [ -116.635962413663279, 43.581393502776557, 0.0 ], [ -116.63571804052394, 43.581394920226089, 0.0 ], [ -116.63563290754594, 43.58139796148054, 0.0 ], [ -116.63554781644406, 43.581403860201519, 0.0 ], [ -116.63547453992031, 43.581411095825395, 0.0 ], [ -116.635411779610124, 43.581420631648982, 0.0 ], [ -116.635347750060816, 43.581433035122089, 0.0 ], [ -116.635274625775878, 43.581450748537897, 0.0 ], [ -116.635183911115334, 43.581475267039053, 0.0 ], [ -116.635094596929648, 43.581505965592704, 0.0 ], [ -116.635025494005774, 43.581529840482006, 0.0 ], [ -116.634973404446043, 43.581552153348554, 0.0 ] ] } },
{ "type": "Feature", "properties": { "OBJECTID": 2535, "UNIQID": "BPP557", "OWNER": "Nampa", "MANAGER": "Nampa", "STATUS": "Active", "INSTALLED": "2018-09-01T07:00:00Z", "FTR_FUNCTN": "Multiuse", "FTR_TYP": "Pathway", "OVPATHNAME": "Orah Brandt Park Pathway", "SGPATHLMT": "Orah Brandt Park Only", "SRFMATRL": "Asphalt" }, "geometry": { "type": "LineString", "coordinates": [ [ -116.552892995899441, 43.618095219024433, 0.0 ], [ -116.552881531275375, 43.618157457327342, 0.0 ], [ -116.552841605982778, 43.618260977292167, 0.0 ], [ -116.55281856953394, 43.618340444792423, 0.0 ], [ -116.552806216202782, 43.61840983347453, 0.0 ], [ -116.552798249958798, 43.618476334406083, 0.0 ], [ -116.55279064014853, 43.618569625412718, 0.0 ], [ -116.552792555307079, 43.618639629471623, 0.0 ], [ -116.552799520500983, 43.618719600051222, 0.0 ], [ -116.552817873433924, 43.618805563675068, 0.0 ], [ -116.552858455736413, 43.618936024570068, 0.0 ], [ -116.552899281634794, 43.619047908233902, 0.0 ], [ -116.552905288140451, 43.619092877683741, 0.0 ], [ -116.552903117987469, 43.619151478172768, 0.0 ], [ -116.552884411404193, 43.619223770215584, 0.0 ], [ -116.552855441973207, 43.619300778884131, 0.0 ], [ -116.552845391799835, 43.619321568124626, 0.0 ] ] } },
{ "type": "Feature", "properties": { "OBJECTID": 2536, "UNIQID": "BPP558", "OWNER": "Nampa", "MANAGER": "Nampa", "STATUS": "Active", "INSTALLED": "2018-09-01T07:00:00Z", "FTR_FUNCTN": "Multiuse", "FTR_TYP": "Pathway", "OVPATHNAME": "Orah Brandt Park Pathway", "SGPATHLMT": "Orah Brandt Park Only", "SRFMATRL": "Asphalt" }, "geometry": { "type": "LineString", "coordinates": [ [ -116.552845391799835, 43.619321568124626, 0.0 ], [ -116.55288845689897, 43.619343057246134, 0.0 ], [ -116.552928553295757, 43.619363137833801, 0.0 ], [ -116.552972797001146, 43.619399264280787, 0.0 ], [ -116.55301024325189, 43.619441868822193, 0.0 ] ] } },
{ "type": "Feature", "properties": { "OBJECTID": 2537, "UNIQID": "BPP559", "OWNER": "Nampa", "MANAGER": "Nampa", "STATUS": "Active", "INSTALLED": "2018-09-01T07:00:00Z", "FTR_FUNCTN": "Multiuse", "FTR_TYP": "Pathway", "OVPATHNAME": "Orah Brandt Park Pathway", "SGPATHLMT": "Orah Brandt Park Only", "SRFMATRL": "Asphalt" }, "geometry": { "type": "LineString", "coordinates": [ [ -116.552845391799835, 43.619321568124626, 0.0 ], [ -116.55278043264515, 43.61935453257869, 0.0 ], [ -116.552723315140739, 43.619385655219311, 0.0 ], [ -116.552668136370883, 43.619414621064223, 0.0 ], [ -116.552615731455319, 43.619430350240229, 0.0 ], [ -116.552551556149666, 43.619448305181997, 0.0 ], [ -116.552488726764082, 43.619456605096104, 0.0 ], [ -116.552429792737897, 43.619462020693518, 0.0 ], [ -116.552350614504803, 43.619461147091023, 0.0 ], [ -116.552299857285291, 43.619452929820497, 0.0 ], [ -116.552241669406001, 43.61944047746703, 0.0 ], [ -116.552173165198255, 43.619428813061845, 0.0 ], [ -116.552110623403877, 43.619421749529288, 0.0 ], [ -116.552051599151184, 43.619420377860294, 0.0 ], [ -116.551991165892602, 43.619424017038739, 0.0 ], [ -116.551891550861782, 43.6194393624002, 0.0 ], [ -116.551804743271745, 43.619456403655022, 0.0 ], [ -116.55173840577595, 43.619459726770046, 0.0 ], [ -116.551685786985274, 43.619459381114346, 0.0 ] ] } },
{ "type": "Feature", "properties": { "OBJECTID": 2538, "UNIQID": "BPP560", "OWNER": "Nampa", "MANAGER": "Nampa", "STATUS": "Active", "INSTALLED": "2018-09-01T07:00:00Z", "FTR_FUNCTN": "Multiuse", "FTR_TYP": "Pathway", "OVPATHNAME": "Orah Brandt Park Pathway", "SGPATHLMT": "Orah Brandt Park Only", "SRFMATRL": "Asphalt" }, "geometry": { "type": "LineString", "coordinates": [ [ -116.551685786985274, 43.619459381114346, 0.0 ], [ -116.551456455286669, 43.619463454585407, 0.0 ] ] } },
{ "type": "Feature", "properties": { "OBJECTID": 2539, "UNIQID": "BPP561", "OWNER": "Nampa", "MANAGER": "Nampa", "STATUS": "Active", "INSTALLED": "2018-09-01T07:00:00Z", "FTR_FUNCTN": "Pathway", "FTR_TYP": "Pathway", "OVPATHNAME": "Orah Brandt Park Pathway", "SGPATHLMT": "Orah Brandt Park Only", "SRFMATRL": "Asphalt" }, "geometry": { "type": "LineString", "coordinates": [ [ -116.551685786985274, 43.619459381114346, 0.0 ], [ -116.551684545696176, 43.619310388856704, 0.0 ] ] } },
{ "type": "Feature", "properties": { "OBJECTID": 2543, "UNIQID": "BPP565", "OWNER": "Nampa", "MANAGER": "Nampa", "STATUS": "Active", "INSTALLED": "2018-09-01T07:00:00Z", "FTR_FUNCTN": "Pathway", "FTR_TYP": "Pathway", "OVPATHNAME": "Orah Brandt Park Pathway", "SGPATHLMT": "Orah Brandt Park Only", "SRFMATRL": "Asphalt" }, "geometry": { "type": "LineString", "coordinates": [ [ -116.55114877654394, 43.619313341161408, 0.0 ], [ -116.551149872004956, 43.61946068815265, 0.0 ] ] } },
{ "type": "Feature", "properties": { "OBJECTID": 2545, "UNIQID": "BPP567", "OWNER": "Nampa", "MANAGER": "Nampa", "STATUS": "Active", "INSTALLED": "2022-08-10T07:00:00Z", "FTR_FUNCTN": "Pathway", "FTR_TYP": "Pathway", "OVPATHNAME": "Orah Brandt Park Pathway", "SGPATHLMT": "Orah Brandt Park Only", "SRFMATRL": "Concrete" }, "geometry": { "type": "LineString", "coordinates": [ [ -116.551144566584995, 43.619082689511828, 0.0 ], [ -116.550876624255437, 43.619088186343411, 0.0 ] ] } },
{ "type": "Feature", "properties": { "OBJECTID": 2548, "UNIQID": "BPP570", "OWNER": "Nampa", "MANAGER": "Nampa", "STATUS": "Active", "INSTALLED": "2022-08-10T07:00:00Z", "FTR_FUNCTN": "Pathway", "FTR_TYP": "Pathway", "OVPATHNAME": "Orah Brandt Park Pathway", "SGPATHLMT": "Orah Brandt Park Only", "SRFMATRL": "Concrete" }, "geometry": { "type": "LineString", "coordinates": [ [ -116.550414821174854, 43.619010759508214, 0.0 ], [ -116.550148799310364, 43.618943839297522, 0.0 ] ] } },
{ "type": "Feature", "properties": { "OBJECTID": 2552, "UNIQID": "BPP574", "OWNER": "Nampa", "MANAGER": "Nampa", "STATUS": "Active", "INSTALLED": "2022-08-10T07:00:00Z", "FTR_FUNCTN": "Pathway", "FTR_TYP": "Pathway", "OVPATHNAME": "Orah Brandt Park Pathway", "SGPATHLMT": "Orah Brandt Park Only", "SRFMATRL": "Asphalt" }, "geometry": { "type": "LineString", "coordinates": [ [ -116.550067422464636, 43.618466626769234, 0.0 ], [ -116.550089770218207, 43.61842912582474, 0.0 ], [ -116.550124160467519, 43.618365179156633, 0.0 ], [ -116.550139721299487, 43.618302555116713, 0.0 ], [ -116.550146409221782, 43.61825070985337, 0.0 ], [ -116.550149016096441, 43.618200083096127, 0.0 ], [ -116.550142671172452, 43.618154283262825, 0.0 ], [ -116.550107409600145, 43.618028903948783, 0.0 ], [ -116.55009628112343, 43.617931339138444, 0.0 ], [ -116.550100242807318, 43.617859269550323, 0.0 ], [ -116.550115707563592, 43.617789501131647, 0.0 ], [ -116.550139517091694, 43.617730986845814, 0.0 ], [ -116.550181203883, 43.617661034873279, 0.0 ], [ -116.550232683610432, 43.617588037677955, 0.0 ], [ -116.550256911430679, 43.617561076388839, 0.0 ] ] } },
{ "type": "Feature", "properties": { "OBJECTID": 2553, "UNIQID": "BPP575", "OWNER": "Nampa", "MANAGER": "Nampa", "STATUS": "Active", "INSTALLED": "2022-08-10T07:00:00Z", "FTR_FUNCTN": "Multiuse", "FTR_TYP": "Pathway", "OVPATHNAME": "Orah Brandt Park Pathway", "SGPATHLMT": "Orah Brandt Park Only", "SRFMATRL": "Asphalt" }, "geometry": { "type": "LineString", "coordinates": [ [ -116.550256911430679, 43.617561076388839, 0.0 ], [ -116.550433696835881, 43.617605682914792, 0.0 ], [ -116.550595802971245, 43.617655751210449, 0.0 ], [ -116.550783194110764, 43.617696710392721, 0.0 ], [ -116.550965478962354, 43.617723416747694, 0.0 ], [ -116.551096841320913, 43.617741548819133, 0.0 ], [ -116.551290416090382, 43.617754481309582, 0.0 ], [ -116.551438756525727, 43.617755227226276, 0.0 ], [ -116.551655897994436, 43.617753109704147, 0.0 ], [ -116.551829578409198, 43.617748914042011, 0.0 ], [ -116.552175330627918, 43.617742915797223, 0.0 ], [ -116.552331848772297, 43.617742413227766, 0.0 ], [ -116.552472822391493, 43.61774380537814, 0.0 ], [ -116.552607336432558, 43.617752386856758, 0.0 ] ] } },
{ "type": "Feature", "properties": { "OBJECTID": 2554, "UNIQID": "BPP576", "OWNER": "Nampa", "MANAGER": "Nampa", "STATUS": "Active", "INSTALLED": "2018-09-01T07:00:00Z", "FTR_FUNCTN": "Multiuse", "FTR_TYP": "Pathway", "OVPATHNAME": "Orah Brandt Park Pathway", "SGPATHLMT": "Orah Brandt Park Only", "SRFMATRL": "Asphalt" }, "geometry": { "type": "LineString", "coordinates": [ [ -116.552607336432558, 43.617752386856758, 0.0 ], [ -116.552656221203193, 43.617792529532998, 0.0 ], [ -116.552691789668629, 43.617817286554427, 0.0 ], [ -116.552722346213756, 43.61783493280997, 0.0 ], [ -116.552747985898037, 43.617852614485152, 0.0 ], [ -116.552777888727263, 43.617882769601643, 0.0 ], [ -116.552814467491572, 43.617921807786722, 0.0 ], [ -116.552854560645017, 43.617978682998945, 0.0 ], [ -116.552873142558624, 43.61802022924207, 0.0 ], [ -116.552892995899441, 43.618095219024433, 0.0 ] ] } },
{ "type": "Feature", "properties": { "OBJECTID": 2555, "UNIQID": "BPP577", "OWNER": "Nampa", "MANAGER": "Nampa", "STATUS": "Active", "INSTALLED": "2018-09-01T07:00:00Z", "FTR_FUNCTN": "Multiuse", "FTR_TYP": "Pathway", "OVPATHNAME": "Orah Brandt Park Pathway", "SGPATHLMT": "Orah Brandt Park Only", "SRFMATRL": "Asphalt" }, "geometry": { "type": "LineString", "coordinates": [ [ -116.552607336432558, 43.617752386856758, 0.0 ], [ -116.552732566323684, 43.617740790867209, 0.0 ], [ -116.552805471959459, 43.617738492176343, 0.0 ], [ -116.55292918958294, 43.6177364333236, 0.0 ], [ -116.553010385086722, 43.617741221323563, 0.0 ] ] } },
{ "type": "Feature", "properties": { "OBJECTID": 2556, "UNIQID": "BPP578", "OWNER": "Nampa", "MANAGER": "Nampa", "STATUS": "Active", "INSTALLED": "2018-09-01T07:00:00Z", "FTR_FUNCTN": "Multiuse", "FTR_TYP": "Pathway", "OVPATHNAME": "Orah Brandt Park Pathway", "SGPATHLMT": "Orah Brandt Park Only", "SRFMATRL": "Asphalt" }, "geometry": { "type": "LineString", "coordinates": [ [ -116.553010385086722, 43.617741221323563, 0.0 ], [ -116.553024759316713, 43.61777446121058, 0.0 ], [ -116.55303026251616, 43.617818480986102, 0.0 ], [ -116.55303107861431, 43.61787980043799, 0.0 ], [ -116.553027947213138, 43.617952459263016, 0.0 ], [ -116.553018518728777, 43.617982889701715, 0.0 ], [ -116.552999367356236, 43.618021724328358, 0.0 ], [ -116.552971933964969, 43.618054067949132, 0.0 ], [ -116.552917499007791, 43.618089577873036, 0.0 ], [ -116.552892995899441, 43.618095219024433, 0.0 ] ] } },
{ "type": "Feature", "properties": { "OBJECTID": 2557, "UNIQID": "BPP579", "OWNER": "Nampa", "MANAGER": "Nampa", "STATUS": "Active", "INSTALLED": "2022-08-10T07:00:00Z", "FTR_FUNCTN": "Multiuse", "FTR_TYP": "Pathway", "OVPATHNAME": "Orah Brandt Park Pathway", "SGPATHLMT": "Orah Brandt Park Only", "SRFMATRL": "Asphalt" }, "geometry": { "type": "LineString", "coordinates": [ [ -116.550256911430679, 43.617561076388839, 0.0 ], [ -116.550139905206947, 43.617498283969226, 0.0 ], [ -116.54999932847339, 43.617427821852154, 0.0 ], [ -116.54987058841472, 43.617360134578895, 0.0 ], [ -116.54970798125062, 43.617259818480008, 0.0 ], [ -116.549584876022124, 43.617172086583267, 0.0 ], [ -116.549491423594134, 43.617095578530339, 0.0 ], [ -116.549387872746024, 43.616999136137274, 0.0 ], [ -116.549295894717218, 43.616885464790407, 0.0 ], [ -116.549187785622337, 43.616741900171242, 0.0 ], [ -116.549117933500611, 43.616665225910829, 0.0 ], [ -116.548996589452273, 43.616561763387054, 0.0 ], [ -116.548865905303714, 43.61649551702812, 0.0 ], [ -116.548717767400106, 43.616447968882099, 0.0 ], [ -116.548556147863081, 43.616421948074304, 0.0 ], [ -116.548445867697055, 43.616411287033998, 0.0 ] ] } },
{ "type": "Feature", "properties": { "OBJECTID": 2558, "UNIQID": "BPP580", "OWNER": "Nampa", "MANAGER": "Nampa", "STATUS": "Active", "INSTALLED": "2022-08-10T07:00:00Z", "FTR_FUNCTN": "Pathway", "FTR_TYP": "Pathway", "OVPATHNAME": "Orah Brandt Park Pathway", "SGPATHLMT": "Orah Brandt Park Only", "SRFMATRL": "Asphalt" }, "geometry": { "type": "LineString", "coordinates": [ [ -116.548167251013453, 43.616475387835266, 0.0 ], [ -116.54815762918119, 43.616477601772146, 0.0 ], [ -116.548067638487538, 43.616513953517, 0.0 ], [ -116.547954463008736, 43.616581902374122, 0.0 ], [ -116.547839700388252, 43.616678441498394, 0.0 ], [ -116.547766424277341, 43.616788980192446, 0.0 ], [ -116.547726711764369, 43.616909286614138, 0.0 ], [ -116.547717898144427, 43.616986509801393, 0.0 ], [ -116.547728865170583, 43.617072168471964, 0.0 ], [ -116.547775797983164, 43.617200444648155, 0.0 ], [ -116.547901676835309, 43.617498210816862, 0.0 ] ] } },
{ "type": "Feature", "properties": { "OBJECTID": 2559, "UNIQID": "BPP581", "OWNER": "Nampa", "MANAGER": "Nampa", "STATUS": "Active", "INSTALLED": "2022-08-10T07:00:00Z", "FTR_FUNCTN": "Multiuse", "FTR_TYP": "Pathway", "OVPATHNAME": "Orah Brandt Park Pathway", "SGPATHLMT": "Orah Brandt Park Only", "SRFMATRL": "Asphalt" }, "geometry": { "type": "LineString", "coordinates": [ [ -116.548454965502614, 43.616412166801027, 0.0 ], [ -116.548400011704729, 43.61636445339672, 0.0 ], [ -116.548240074975766, 43.616316987035262, 0.0 ], [ -116.548178827972905, 43.616295980443986, 0.0 ] ] } },
{ "type": "Feature", "properties": { "OBJECTID": 2560, "UNIQID": "BPP582", "OWNER": "Nampa", "MANAGER": "Nampa", "STATUS": "Active", "INSTALLED": "2022-08-10T07:00:00Z", "FTR_FUNCTN": "Pathway", "FTR_TYP": "Pathway", "OVPATHNAME": "Orah Brandt Park Pathway", "SGPATHLMT": "Orah Brandt Park Only", "SRFMATRL": "Asphalt" }, "geometry": { "type": "LineString", "coordinates": [ [ -116.548167251013453, 43.616475387835266, 0.0 ], [ -116.548169939411906, 43.616367488516275, 0.0 ], [ -116.548178827972905, 43.616295980443986, 0.0 ] ] } },
{ "type": "Feature", "properties": { "OBJECTID": 2561, "UNIQID": "BPP583", "OWNER": "Nampa", "MANAGER": "Nampa", "STATUS": "Active", "INSTALLED": "2022-08-10T07:00:00Z", "FTR_FUNCTN": "Multiuse", "FTR_TYP": "Pathway", "OVPATHNAME": "Orah Brandt Park Pathway", "SGPATHLMT": "Orah Brandt Park Only", "SRFMATRL": "Asphalt" }, "geometry": { "type": "LineString", "coordinates": [ [ -116.548178827972905, 43.616295980443986, 0.0 ], [ -116.547977063688151, 43.616208795992499, 0.0 ], [ -116.547866443945296, 43.616172416198474, 0.0 ], [ -116.547740016146903, 43.616130430933161, 0.0 ], [ -116.547625557959591, 43.616101221842946, 0.0 ], [ -116.547444160750729, 43.616066764834962, 0.0 ], [ -116.547280311268523, 43.616020752892005, 0.0 ], [ -116.547100616198179, 43.615966277682141, 0.0 ] ] } },
{ "type": "Feature", "properties": { "OBJECTID": 2562, "UNIQID": "BPP584", "OWNER": "Nampa", "MANAGER": "Nampa", "STATUS": "Active", "INSTALLED": "2022-08-10T07:00:00Z", "FTR_FUNCTN": "Multiuse", "FTR_TYP": "Pathway", "OVPATHNAME": "Orah Brandt Park Pathway", "SGPATHLMT": "Orah Brandt Park Only", "SRFMATRL": "Asphalt" }, "geometry": { "type": "LineString", "coordinates": [ [ -116.551169604564123, 43.619461019714237, 0.0 ], [ -116.551149872004956, 43.61946068815265, 0.0 ], [ -116.551025425402628, 43.619458597097285, 0.0 ], [ -116.550894085849194, 43.619442370317962, 0.0 ], [ -116.550731316095934, 43.619429221389012, 0.0 ], [ -116.550551603338491, 43.619423812086509, 0.0 ], [ -116.550404808502535, 43.61942865016308, 0.0 ], [ -116.550225272641754, 43.61943657598998, 0.0 ], [ -116.550015403632528, 43.619431376041497, 0.0 ], [ -116.549821242888044, 43.619424161176696, 0.0 ], [ -116.549752824995693, 43.61940654051061, 0.0 ] ] } },
{ "type": "Feature", "properties": { "OBJECTID": 2563, "UNIQID": "BPP585", "OWNER": "Nampa", "MANAGER": "Nampa", "STATUS": "Active", "INSTALLED": "2022-08-10T07:00:00Z", "FTR_FUNCTN": "Pathway", "FTR_TYP": "Pathway", "OVPATHNAME": "Orah Brandt Park Pathway", "SGPATHLMT": "Orah Brandt Park Only", "SRFMATRL": "Asphalt" }, "geometry": { "type": "LineString", "coordinates": [ [ -116.549752824995693, 43.61940654051061, 0.0 ], [ -116.549747704778824, 43.619317030114701, 0.0 ], [ -116.549746530570204, 43.619228445323749, 0.0 ], [ -116.549748157535845, 43.619207242728251, 0.0 ] ] } },
{ "type": "Feature", "properties": { "OBJECTID": 2565, "UNIQID": "BPP587", "OWNER": "Nampa", "MANAGER": "Nampa", "STATUS": "Active", "INSTALLED": "2022-08-10T07:00:00Z", "FTR_FUNCTN": "Pathway", "FTR_TYP": "Pathway", "OVPATHNAME": "Orah Brandt Park Pathway", "SGPATHLMT": "Orah Brandt Park Only", "SRFMATRL": "Asphalt" }, "geometry": { "type": "LineString", "coordinates": [ [ -116.548445867697055, 43.616411287033998, 0.0 ], [ -116.548167251013453, 43.616475387835266, 0.0 ] ] } },
{ "type": "Feature", "properties": { "OBJECTID": 2566, "UNIQID": "BPP588", "OWNER": "Nampa", "MANAGER": "Nampa", "STATUS": "Active", "INSTALLED": "2022-08-10T07:00:00Z", "FTR_FUNCTN": "Pathway", "FTR_TYP": "Pathway", "OVPATHNAME": "Orah Brandt Park Pathway", "SGPATHLMT": "Orah Brandt Park Only", "SRFMATRL": "Concrete" }, "geometry": { "type": "LineString", "coordinates": [ [ -116.550563380672713, 43.618912370864621, 0.0 ], [ -116.550536801361019, 43.618863262653392, 0.0 ], [ -116.55050100327513, 43.618833505580191, 0.0 ], [ -116.550488574033992, 43.618823233288012, 0.0 ] ] } },
{ "type": "Feature", "properties": { "OBJECTID": 2568, "UNIQID": "BPP589", "OWNER": "Nampa", "MANAGER": "Nampa", "STATUS": "Active", "INSTALLED": "2022-08-10T07:00:00Z", "FTR_FUNCTN": "Pathway", "FTR_TYP": "Pathway", "OVPATHNAME": "Orah Brandt Park Pathway", "SGPATHLMT": "Orah Brandt Park Only", "SRFMATRL": "Concrete" }, "geometry": { "type": "LineString", "coordinates": [ [ -116.550313059671694, 43.618739846759553, 0.0 ], [ -116.550320856474286, 43.61872568991501, 0.0 ], [ -116.550330924616688, 43.618713047174531, 0.0 ], [ -116.550342976882632, 43.618702279200548, 0.0 ], [ -116.550356669454288, 43.618693693173576, 0.0 ], [ -116.550371611720479, 43.61868753402922, 0.0 ], [ -116.550387377419668, 43.618683977470845, 0.0 ], [ -116.550403516800031, 43.618683124957222, 0.0 ], [ -116.550419569449687, 43.618685000808206, 0.0 ], [ -116.550435077430947, 43.618689551510954, 0.0 ], [ -116.550449598343974, 43.618696647246509, 0.0 ], [ -116.550462717947269, 43.618706085593146, 0.0 ], [ -116.550474061974839, 43.618717597300943, 0.0 ], [ -116.55048330681295, 43.618730853972714, 0.0 ], [ -116.550490188731942, 43.618745477432263, 0.0 ], [ -116.550494511409681, 43.618761050512731, 0.0 ], [ -116.55049615153213, 43.618777128957198, 0.0 ], [ -116.550495062311128, 43.618793254092097, 0.0 ], [ -116.550491274819137, 43.618808965911938, 0.0 ], [ -116.550484897102834, 43.618823816201925, 0.0 ] ] } },
{ "type": "Feature", "properties": { "OBJECTID": 2569, "UNIQID": "BPP590", "OWNER": "Nampa", "MANAGER": "Nampa", "STATUS": "Active", "INSTALLED": "2022-08-10T07:00:00Z", "FTR_FUNCTN": "Pathway", "FTR_TYP": "Pathway", "OVPATHNAME": "Orah Brandt Park Pathway", "SGPATHLMT": "Orah Brandt Park Only", "SRFMATRL": "Concrete" }, "geometry": { "type": "LineString", "coordinates": [ [ -116.550563380672713, 43.618912370864621, 0.0 ], [ -116.550602184688543, 43.618901494896612, 0.0 ], [ -116.550642272098457, 43.618897367198663, 0.0 ], [ -116.550682478167317, 43.618900107700583, 0.0 ], [ -116.55072163471236, 43.618909636777381, 0.0 ], [ -116.550758604044603, 43.618925677562835, 0.0 ], [ -116.550792312024285, 43.618947763993731, 0.0 ], [ -116.550821779269896, 43.618975254351319, 0.0 ], [ -116.550846149613946, 43.61900734990639, 0.0 ], [ -116.550864714978857, 43.619043118126221, 0.0 ], [ -116.550876935950043, 43.619081519769253, 0.0 ] ] } },
{ "type": "Feature", "properties": { "OBJECTID": 2570, "UNIQID": "BPP591", "OWNER": "Nampa", "MANAGER": "Nampa", "STATUS": "Active", "INSTALLED": "2022-08-10T07:00:00Z", "FTR_FUNCTN": "Pathway", "FTR_TYP": "Pathway", "OVPATHNAME": "Orah Brandt Park Pathway", "SGPATHLMT": "Orah Brandt Park Only", "SRFMATRL": "Concrete" }, "geometry": { "type": "LineString", "coordinates": [ [ -116.550638685870695, 43.619253712110343, 0.0 ], [ -116.550608091422774, 43.619258831472671, 0.0 ], [ -116.550577071623962, 43.619258845453061, 0.0 ], [ -116.55054647257397, 43.619253753670179, 0.0 ], [ -116.55051712889609, 43.619243695008109, 0.0 ], [ -116.550489840971977, 43.619228943828098, 0.0 ], [ -116.550465353110283, 43.619209902485089, 0.0 ], [ -116.550444333244826, 43.619187090353009, 0.0 ], [ -116.55042735471595, 43.619161129658274, 0.0 ], [ -116.550414880632005, 43.619132728507878, 0.0 ], [ -116.550407251237615, 43.619102661574956, 0.0 ], [ -116.550404674633015, 43.61907174896875, 0.0 ], [ -116.550407221097984, 43.619040833865157, 0.0 ], [ -116.550414821174854, 43.619010759508214, 0.0 ] ] } },
{ "type": "Feature", "properties": { "OBJECTID": 2571, "UNIQID": "BPP592", "OWNER": "Nampa", "MANAGER": "Nampa", "STATUS": "Active", "INSTALLED": "2022-08-10T07:00:00Z", "FTR_FUNCTN": "Pathway", "FTR_TYP": "Pathway", "OVPATHNAME": "Orah Brandt Park Pathway", "SGPATHLMT": "Orah Brandt Park Only", "SRFMATRL": "Concrete" }, "geometry": { "type": "LineString", "coordinates": [ [ -116.550414821174854, 43.619010759508214, 0.0 ], [ -116.550437388538214, 43.618981981452656, 0.0 ], [ -116.550464262568497, 43.618957177241981, 0.0 ], [ -116.550494753285506, 43.618936983714605, 0.0 ], [ -116.550528077851965, 43.618921919331441, 0.0 ], [ -116.550563380672713, 43.618912370864621, 0.0 ] ] } },
{ "type": "Feature", "properties": { "OBJECTID": 2572, "UNIQID": "BPP593", "OWNER": "Nampa", "MANAGER": "Nampa", "STATUS": "Active", "INSTALLED": "2022-08-10T07:00:00Z", "FTR_FUNCTN": "Pathway", "FTR_TYP": "Pathway", "OVPATHNAME": "Orah Brandt Park Pathway", "SGPATHLMT": "Orah Brandt Park Only", "SRFMATRL": "Concrete" }, "geometry": { "type": "LineString", "coordinates": [ [ -116.550876935950043, 43.619081519769253, 0.0 ], [ -116.550866989302278, 43.61911598177182, 0.0 ], [ -116.550851485071149, 43.619148326543268, 0.0 ], [ -116.550830849488662, 43.619177664882656, 0.0 ], [ -116.550805649854524, 43.619203190239887, 0.0 ], [ -116.550776578940301, 43.61922420088883, 0.0 ], [ -116.550744435944225, 43.619240119218702, 0.0 ], [ -116.550710104520149, 43.619250507613373, 0.0 ], [ -116.550674528484748, 43.619255080482006, 0.0 ], [ -116.550638685870695, 43.619253712110343, 0.0 ] ] } },
{ "type": "Feature", "properties": { "OBJECTID": 2574, "UNIQID": "BPP595", "OWNER": "Nampa", "MANAGER": "Nampa", "STATUS": "Active", "INSTALLED": "2022-08-10T07:00:00Z", "FTR_FUNCTN": "Pathway", "FTR_TYP": "Pathway", "OVPATHNAME": "Orah Brandt Park Pathway", "SGPATHLMT": "Orah Brandt Park Only", "SRFMATRL": "Concrete" }, "geometry": { "type": "LineString", "coordinates": [ [ -116.549318939505426, 43.618832118003304, 0.0 ], [ -116.549335115861609, 43.618781294958701, 0.0 ], [ -116.549357193824861, 43.618732743749653, 0.0 ], [ -116.549384863022979, 43.618687146909451, 0.0 ], [ -116.549417734482176, 43.618645145438855, 0.0 ], [ -116.549455346095201, 43.618607329794898, 0.0 ], [ -116.549497169117657, 43.618574231590209, 0.0 ], [ -116.549542615601183, 43.618546316119627, 0.0 ], [ -116.549591046658705, 43.618523975819073, 0.0 ], [ -116.549641781446027, 43.618507524748679, 0.0 ], [ -116.549694106733085, 43.618497194177728, 0.0 ], [ -116.549747286930554, 43.618493129333466, 0.0 ], [ -116.549800574430776, 43.618495387359516, 0.0 ], [ -116.549853220117626, 43.618503936512525, 0.0 ], [ -116.549904483897606, 43.61851865660843, 0.0 ], [ -116.549953645104083, 43.618539340711997, 0.0 ], [ -116.550000012628374, 43.618565698045934, 0.0 ] ] } },
{ "type": "Feature", "properties": { "OBJECTID": 2575, "UNIQID": "BPP596", "OWNER": "Nampa", "MANAGER": "Nampa", "STATUS": "Active", "INSTALLED": "2022-08-10T07:00:00Z", "FTR_FUNCTN": "Pathway", "FTR_TYP": "Pathway", "OVPATHNAME": "Orah Brandt Park Pathway", "SGPATHLMT": "Orah Brandt Park Only", "SRFMATRL": "Concrete" }, "geometry": { "type": "LineString", "coordinates": [ [ -116.550146314937365, 43.618943072694044, 0.0 ], [ -116.550110497544253, 43.61898721026423, 0.0 ], [ -116.550069462554276, 43.619026543969206, 0.0 ], [ -116.550023848800933, 43.61906046146111, 0.0 ], [ -116.549974366400036, 43.619088434711756, 0.0 ], [ -116.549921785694551, 43.619110028233038, 0.0 ], [ -116.549866925261924, 43.619124905856609, 0.0 ], [ -116.549810639170445, 43.619132835967321, 0.0 ], [ -116.54975380368306, 43.61913369510907, 0.0 ] ] } },
{ "type": "Feature", "properties": { "OBJECTID": 2576, "UNIQID": "BPP597", "OWNER": "Nampa", "MANAGER": "Nampa", "STATUS": "Active", "INSTALLED": "2022-08-10T07:00:00Z", "FTR_FUNCTN": "Pathway", "FTR_TYP": "Pathway", "OVPATHNAME": "Orah Brandt Park Pathway", "SGPATHLMT": "Orah Brandt Park Only", "SRFMATRL": "Concrete" }, "geometry": { "type": "LineString", "coordinates": [ [ -116.550157671064227, 43.618719683008678, 0.0 ], [ -116.550171466389813, 43.61875596402524, 0.0 ], [ -116.550179090077876, 43.618794023223224, 0.0 ], [ -116.550180333393357, 43.61883281854945, 0.0 ], [ -116.550175162294522, 43.618871287795713, 0.0 ], [ -116.550163718365027, 43.618908377681777, 0.0 ], [ -116.550146314937365, 43.618943072694044, 0.0 ] ] } },
{ "type": "Feature", "properties": { "OBJECTID": 2577, "UNIQID": "BPP598", "OWNER": "Nampa", "MANAGER": "Nampa", "STATUS": "Active", "INSTALLED": "2022-08-10T07:00:00Z", "FTR_FUNCTN": "Pathway", "FTR_TYP": "Pathway", "OVPATHNAME": "Orah Brandt Park Pathway", "SGPATHLMT": "Orah Brandt Park Only", "SRFMATRL": "Concrete" }, "geometry": { "type": "LineString", "coordinates": [ [ -116.54975380368306, 43.61913369510907, 0.0 ], [ -116.549701194151623, 43.619137040963743, 0.0 ], [ -116.549648609134806, 43.619133329690548, 0.0 ], [ -116.549596991045732, 43.619122627801822, 0.0 ], [ -116.549547264968524, 43.619105127093661, 0.0 ], [ -116.549500322079197, 43.619081141208568, 0.0 ], [ -116.549457003674334, 43.619051100014474, 0.0 ], [ -116.549418086093581, 43.619015541900779, 0.0 ], [ -116.549384266806285, 43.618975104129468, 0.0 ], [ -116.549356151911709, 43.618930511414312, 0.0 ], [ -116.549334245276683, 43.618882562932761, 0.0 ], [ -116.549318939505426, 43.618832118003304, 0.0 ] ] } },
{ "type": "Feature", "properties": { "OBJECTID": 2578, "UNIQID": "BPP599", "OWNER": "Nampa", "MANAGER": "Nampa", "STATUS": "Active", "INSTALLED": "2022-08-10T07:00:00Z", "FTR_FUNCTN": "Pathway", "FTR_TYP": "Pathway", "OVPATHNAME": "Orah Brandt Park Pathway", "SGPATHLMT": "Orah Brandt Park Only", "SRFMATRL": "Concrete" }, "geometry": { "type": "LineString", "coordinates": [ [ -116.549318939505426, 43.618832118003304, 0.0 ], [ -116.54916696342157, 43.618832277759061, 0.0 ] ] } },
{ "type": "Feature", "properties": { "OBJECTID": 2579, "UNIQID": "BPP600", "OWNER": "Nampa", "MANAGER": "Nampa", "STATUS": "Active", "INSTALLED": "2022-08-10T07:00:00Z", "FTR_FUNCTN": "Pathway", "FTR_TYP": "Pathway", "OVPATHNAME": "Orah Brandt Park Pathway", "SGPATHLMT": "Orah Brandt Park Only", "SRFMATRL": "Concrete" }, "geometry": { "type": "LineString", "coordinates": [ [ -116.550313060910568, 43.618739846750877, 0.0 ], [ -116.550243321609415, 43.618720912470039, 0.0 ], [ -116.550157671064227, 43.618719683008678, 0.0 ] ] } },
{ "type": "Feature", "properties": { "OBJECTID": 2580, "UNIQID": "BPP601", "OWNER": "Nampa", "MANAGER": "Nampa", "STATUS": "Active", "INSTALLED": "2022-08-10T07:00:00Z", "FTR_FUNCTN": "Pathway", "FTR_TYP": "Pathway", "OVPATHNAME": "Orah Brandt Park Pathway", "SGPATHLMT": "Orah Brandt Park Only", "SRFMATRL": "Concrete" }, "geometry": { "type": "LineString", "coordinates": [ [ -116.550000012628374, 43.618565698045934, 0.0 ], [ -116.550039073317365, 43.618587704570999, 0.0 ], [ -116.550074944302608, 43.618614598752288, 0.0 ], [ -116.55010701768731, 43.618645924820711, 0.0 ], [ -116.550134749931701, 43.618681151901072, 0.0 ], [ -116.550157671064227, 43.618719683008678, 0.0 ] ] } },
{ "type": "Feature", "properties": { "OBJECTID": 2582, "UNIQID": "BPP603", "OWNER": "Nampa", "MANAGER": "Nampa", "STATUS": "Active", "INSTALLED": "2022-08-10T07:00:00Z", "FTR_FUNCTN": "Pathway", "FTR_TYP": "Pathway", "OVPATHNAME": "Orah Brandt Park Pathway", "SGPATHLMT": "Orah Brandt Park Only", "SRFMATRL": "Concrete" }, "geometry": { "type": "LineString", "coordinates": [ [ -116.550484897102834, 43.618823816201925, 0.0 ], [ -116.550474636215526, 43.618836272307966, 0.0 ], [ -116.550462447215807, 43.618846849106717, 0.0 ], [ -116.550448669387052, 43.618855252190741, 0.0 ], [ -116.550433686238065, 43.618861247658401, 0.0 ], [ -116.550417914827975, 43.618864668624589, 0.0 ], [ -116.550401794157324, 43.618865419865983, 0.0 ], [ -116.550385772948388, 43.618863480471632, 0.0 ], [ -116.550370297154942, 43.618858904424968, 0.0 ], [ -116.55035579754896, 43.618851819101238, 0.0 ], [ -116.550342677730043, 43.618842421721922, 0.0 ], [ -116.550331302891166, 43.618830973865066, 0.0 ], [ -116.550321989653369, 43.618817794184203, 0.0 ], [ -116.550314997252585, 43.618803249538544, 0.0 ], [ -116.550310520323791, 43.618787744781386, 0.0 ], [ -116.550308683483252, 43.618771711490929, 0.0 ], [ -116.550309537859803, 43.618755595957218, 0.0 ], [ -116.550313059671694, 43.618739846759553, 0.0 ] ] } },
{ "type": "Feature", "properties": { "OBJECTID": 2946, "UNIQID": "BPP615", "OWNER": "Nampa", "MANAGER": "Nampa", "STATUS": "Active", "INSTALLED": "2017-10-17T07:00:00Z", "FTR_FUNCTN": "Pathway", "FTR_TYP": "Pathway", "OVPATHNAME": "Midway Sports Park Pathway", "SGPATHLMT": "Midway Sports Park Only", "SRFMATRL": "Concrete" }, "geometry": { "type": "LineString", "coordinates": [ [ -116.634218144229919, 43.580689694911804, 0.0 ], [ -116.634317374125487, 43.580687497983739, 0.0 ], [ -116.634402184164216, 43.580673624662985, 0.0 ], [ -116.634479021582294, 43.580652310531967, 0.0 ], [ -116.63454495677145, 43.580624650307591, 0.0 ], [ -116.634599114089312, 43.580598153215597, 0.0 ], [ -116.634675283255248, 43.580564698915829, 0.0 ], [ -116.634725122818367, 43.580545379364274, 0.0 ], [ -116.634824662101494, 43.58053067704958, 0.0 ], [ -116.634930692984312, 43.580523069484734, 0.0 ], [ -116.635026495024789, 43.580521613164464, 0.0 ], [ -116.635519789061945, 43.580516721127211, 0.0 ], [ -116.635950164819377, 43.580510528760257, 0.0 ] ] } },
{ "type": "Feature", "properties": { "OBJECTID": 2947, "UNIQID": "BPP616", "OWNER": "Nampa", "MANAGER": "Nampa", "STATUS": "Active", "INSTALLED": "2021-01-31T07:00:00Z", "FTR_FUNCTN": "Pathway", "FTR_TYP": "Pathway", "OVPATHNAME": "Midway Sports Park Pathway", "SGPATHLMT": "Midway Sports Park Only", "SRFMATRL": "Concrete" }, "geometry": { "type": "LineString", "coordinates": [ [ -116.635950164819377, 43.580510528760257, 0.0 ], [ -116.636712804583595, 43.580509616937462, 0.0 ], [ -116.637154304183611, 43.580505467919295, 0.0 ] ] } },
{ "type": "Feature", "properties": { "OBJECTID": 2948, "UNIQID": "BPP617", "OWNER": "Nampa", "MANAGER": "Nampa", "STATUS": "Active", "INSTALLED": "2017-10-17T07:00:00Z", "FTR_FUNCTN": "Pathway", "FTR_TYP": "Pathway", "OVPATHNAME": "Midway Sports Park Pathway", "SGPATHLMT": "Midway Sports Park Only", "SRFMATRL": "Concrete" }, "geometry": { "type": "LineString", "coordinates": [ [ -116.635950164819377, 43.580510528760257, 0.0 ], [ -116.635939872649089, 43.580177310642199, 0.0 ] ] } },
{ "type": "Feature", "properties": { "OBJECTID": 2949, "UNIQID": "BPP618", "OWNER": "Nampa", "MANAGER": "Nampa", "STATUS": "Active", "INSTALLED": "2017-10-17T07:00:00Z", "FTR_FUNCTN": "Pathway", "FTR_TYP": "Pathway", "OVPATHNAME": "Midway Sports Park Pathway", "SGPATHLMT": "Midway Sports Park Only", "SRFMATRL": "Concrete" }, "geometry": { "type": "LineString", "coordinates": [ [ -116.635950164819377, 43.580510528760257, 0.0 ], [ -116.635957022919783, 43.580860920599207, 0.0 ], [ -116.635962413663279, 43.581393502776557, 0.0 ] ] } },
{ "type": "Feature", "properties": { "OBJECTID": 3335, "UNIQID": "BPP625", "OWNER": "Private", "MANAGER": "Private", "STATUS": "Active", "INSTALLED": "2018-01-03T07:00:00Z", "FTR_FUNCTN": "Pathway", "FTR_TYP": "Pathway", "OVPATHNAME": "Private Pathway", "SGPATHLMT": "Sonata Pointe Sub Only", "SRFMATRL": "Concrete" }, "geometry": { "type": "LineString", "coordinates": [ [ -116.619191046037187, 43.575221180471978, 0.0 ], [ -116.619190624725903, 43.575191890405861, 0.0 ], [ -116.619209660266662, 43.575148877805127, 0.0 ], [ -116.619225933256985, 43.575118747016937, 0.0 ], [ -116.619223381686126, 43.575078041715486, 0.0 ], [ -116.619206224980218, 43.575046735724627, 0.0 ], [ -116.61919790174278, 43.575014647879541, 0.0 ], [ -116.619208012531942, 43.574965987417549, 0.0 ], [ -116.619209720214059, 43.574948112595429, 0.0 ] ] } },
{ "type": "Feature", "properties": { "OBJECTID": 3336, "UNIQID": "BPP626", "OWNER": "Private", "MANAGER": "Private", "STATUS": "Active", "INSTALLED": "2018-01-03T07:00:00Z", "FTR_FUNCTN": "Pathway", "FTR_TYP": "Pathway", "OVPATHNAME": "Private Pathway", "SGPATHLMT": "Sonata Pointe Sub Only", "SRFMATRL": "Concrete" }, "geometry": { "type": "LineString", "coordinates": [ [ -116.619209856386021, 43.574833465993009, 0.0 ], [ -116.619270701884915, 43.574836134844887, 0.0 ], [ -116.619276758234832, 43.574838185156203, 0.0 ], [ -116.619278893634103, 43.574840835953175, 0.0 ], [ -116.619282649283122, 43.574846903859708, 0.0 ], [ -116.619282627593719, 43.574936450846288, 0.0 ], [ -116.619279543565384, 43.574940666122167, 0.0 ], [ -116.619273855284277, 43.574946043443404, 0.0 ], [ -116.619263922098483, 43.574947833688036, 0.0 ], [ -116.619209720214059, 43.574948112595429, 0.0 ] ] } },
{ "type": "Feature", "properties": { "OBJECTID": 3337, "UNIQID": "BPP627", "OWNER": "Private", "MANAGER": "Private", "STATUS": "Active", "INSTALLED": "2018-01-03T07:00:00Z", "FTR_FUNCTN": "Pathway", "FTR_TYP": "Pathway", "OVPATHNAME": "Private Pathway", "SGPATHLMT": "Sonata Pointe Sub Only", "SRFMATRL": "Concrete" }, "geometry": { "type": "LineString", "coordinates": [ [ -116.619209720214059, 43.574948112595429, 0.0 ], [ -116.619168441306499, 43.574947711752856, 0.0 ], [ -116.619155653320192, 43.574945037530675, 0.0 ], [ -116.61914930986336, 43.574941274680931, 0.0 ], [ -116.619146072387068, 43.574934822082874, 0.0 ], [ -116.619143798473104, 43.574922454718845, 0.0 ], [ -116.619145865958117, 43.574847563116961, 0.0 ], [ -116.619152001156067, 43.574836847435591, 0.0 ], [ -116.619160336269573, 43.574833354635643, 0.0 ], [ -116.619174466513925, 43.574831913237723, 0.0 ], [ -116.619209856386021, 43.574833465993009, 0.0 ] ] } },
{ "type": "Feature", "properties": { "OBJECTID": 3338, "UNIQID": "BPP628", "OWNER": "Private", "MANAGER": "Private", "STATUS": "Active", "INSTALLED": "2018-01-03T07:00:00Z", "FTR_FUNCTN": "Pathway", "FTR_TYP": "Pathway", "OVPATHNAME": "Private Pathway", "SGPATHLMT": "Sonata Pointe Sub Only", "SRFMATRL": "Concrete" }, "geometry": { "type": "LineString", "coordinates": [ [ -116.61920674318786, 43.574833329443337, 0.0 ], [ -116.61920769584691, 43.574810131693603, 0.0 ], [ -116.619202587513101, 43.57478292501861, 0.0 ], [ -116.619199445322167, 43.574764849440719, 0.0 ], [ -116.619199362495948, 43.574740844061544, 0.0 ], [ -116.619202764643816, 43.574722337077851, 0.0 ], [ -116.619202526245971, 43.574705763312743, 0.0 ], [ -116.619195106283541, 43.574681813718747, 0.0 ], [ -116.619187566381001, 43.574667772578096, 0.0 ], [ -116.619175435443552, 43.574644239548157, 0.0 ], [ -116.61917250638497, 43.574622732918705, 0.0 ], [ -116.619171328465811, 43.57459549635869, 0.0 ], [ -116.619171435004802, 43.574547815670925, 0.0 ] ] } },
{ "type": "Feature", "properties": { "OBJECTID": 3339, "UNIQID": "BPP629", "OWNER": "Private", "MANAGER": "Private", "STATUS": "Active", "INSTALLED": "2007-04-20T07:00:00Z", "FTR_FUNCTN": "Pathway", "FTR_TYP": "Pathway", "OVPATHNAME": "Private Pathway", "SGPATHLMT": "Morningside Sub Only", "SRFMATRL": "Asphalt" }, "geometry": { "type": "LineString", "coordinates": [ [ -116.616374547113907, 43.57075891550074, 0.0 ], [ -116.616212739689729, 43.570758950778846, 0.0 ], [ -116.616146872698678, 43.570756830503356, 0.0 ], [ -116.615972984369122, 43.570759576301612, 0.0 ], [ -116.615920312949967, 43.570764023980374, 0.0 ], [ -116.615844888794356, 43.570757927210188, 0.0 ], [ -116.615651298608867, 43.570757250084469, 0.0 ], [ -116.615490388756584, 43.570751323292825, 0.0 ], [ -116.615369236652256, 43.57075414597184, 0.0 ], [ -116.615296231174639, 43.570756841741975, 0.0 ], [ -116.615248067487443, 43.570755777801445, 0.0 ], [ -116.615207414347964, 43.570753227619349, 0.0 ], [ -116.615160204995036, 43.570750250878945, 0.0 ], [ -116.615107169226391, 43.570752080709994, 0.0 ], [ -116.615080326721042, 43.570753236152783, 0.0 ] ] } },
{ "type": "Feature", "properties": { "OBJECTID": 3340, "UNIQID": "BPP630", "OWNER": "Private", "MANAGER": "Private", "STATUS": "Active", "INSTALLED": "2007-04-20T07:00:00Z", "FTR_FUNCTN": "Pathway", "FTR_TYP": "Pathway", "OVPATHNAME": "Private Pathway", "SGPATHLMT": "Morningside Sub Only", "SRFMATRL": "Asphalt" }, "geometry": { "type": "LineString", "coordinates": [ [ -116.615080326721042, 43.570753236152783, 0.0 ], [ -116.615072025944301, 43.570745440074262, 0.0 ], [ -116.61507149340693, 43.570731154802303, 0.0 ], [ -116.615070965521568, 43.570717108025157, 0.0 ], [ -116.615070609549633, 43.570714379774465, 0.0 ] ] } },
{ "type": "Feature", "properties": { "OBJECTID": 3341, "UNIQID": "BPP631", "OWNER": "Private", "MANAGER": "Private", "STATUS": "Active", "INSTALLED": "2007-04-20T07:00:00Z", "FTR_FUNCTN": "Pathway", "FTR_TYP": "Pathway", "OVPATHNAME": "Private Pathway", "SGPATHLMT": "Morningside Sub Only", "SRFMATRL": "Asphalt" }, "geometry": { "type": "LineString", "coordinates": [ [ -116.615080326721042, 43.570753236152783, 0.0 ], [ -116.615028640254593, 43.570757914497541, 0.0 ], [ -116.614992007106693, 43.570761525701656, 0.0 ], [ -116.614962872117943, 43.570762698462467, 0.0 ], [ -116.614933048497875, 43.570765060075139, 0.0 ] ] } },
{ "type": "Feature", "properties": { "OBJECTID": 3342, "UNIQID": "BPP632", "OWNER": "Private", "MANAGER": "Private", "STATUS": "Active", "INSTALLED": "2019-08-02T07:00:00Z", "FTR_FUNCTN": "Pathway", "FTR_TYP": "Pathway", "OVPATHNAME": "Private Pathway", "SGPATHLMT": "Copper River Basin Sub Only", "SRFMATRL": "Concrete" }, "geometry": { "type": "LineString", "coordinates": [ [ -116.617768088433536, 43.565113493696721, 0.0 ], [ -116.617739653022497, 43.565192784576176, 0.0 ], [ -116.617727645332423, 43.565211809621921, 0.0 ], [ -116.617642100238086, 43.565378572286278, 0.0 ], [ -116.617612975667072, 43.565437379960017, 0.0 ] ] } },
{ "type": "Feature", "properties": { "OBJECTID": 3343, "UNIQID": "BPP633", "OWNER": "Private", "MANAGER": "Private", "STATUS": "Active", "INSTALLED": "2019-08-02T07:00:00Z", "FTR_FUNCTN": "Pathway", "FTR_TYP": "Pathway", "OVPATHNAME": "Private Pathway", "SGPATHLMT": "Copper River Basin Sub Only", "SRFMATRL": "Concrete" }, "geometry": { "type": "LineString", "coordinates": [ [ -116.617612975667072, 43.565437379960017, 0.0 ], [ -116.617389576047813, 43.565376651335093, 0.0 ] ] } },
{ "type": "Feature", "properties": { "OBJECTID": 3344, "UNIQID": "BPP634", "OWNER": "Private", "MANAGER": "Private", "STATUS": "Active", "INSTALLED": "2019-08-02T07:00:00Z", "FTR_FUNCTN": "Pathway", "FTR_TYP": "Pathway", "OVPATHNAME": "Private Pathway", "SGPATHLMT": "Copper River Basin Sub Only", "SRFMATRL": "Concrete" }, "geometry": { "type": "LineString", "coordinates": [ [ -116.617612975667072, 43.565437379960017, 0.0 ], [ -116.617602051937425, 43.565463540972452, 0.0 ], [ -116.617586164379986, 43.565486167100524, 0.0 ], [ -116.617559045452126, 43.565513522147931, 0.0 ], [ -116.617526452053241, 43.565535918596787, 0.0 ], [ -116.617487410405829, 43.56555407582195, 0.0 ], [ -116.617452660536784, 43.565563270435163, 0.0 ], [ -116.61741291732865, 43.565566787198975, 0.0 ], [ -116.617380471813931, 43.565565247545692, 0.0 ], [ -116.617334157392989, 43.565555953306074, 0.0 ], [ -116.617121328413788, 43.565514342498432, 0.0 ], [ -116.61707754270536, 43.565510030909721, 0.0 ], [ -116.617017674524618, 43.565514771308067, 0.0 ], [ -116.616962800866588, 43.565525190425006, 0.0 ], [ -116.616935886136744, 43.565532538736406, 0.0 ], [ -116.616901193785097, 43.565545662644816, 0.0 ], [ -116.616877384884987, 43.565564062397037, 0.0 ], [ -116.616862909691847, 43.56558239047056, 0.0 ], [ -116.616852532104019, 43.565612477168699, 0.0 ], [ -116.616848117651216, 43.565647162339936, 0.0 ], [ -116.616845017669959, 43.565705057791213, 0.0 ], [ -116.616847366122528, 43.565731831884648, 0.0 ], [ -116.616852621896598, 43.565755726970501, 0.0 ], [ -116.616855333686956, 43.565773568275191, 0.0 ], [ -116.616853574666564, 43.565822165278774, 0.0 ], [ -116.616849138467188, 43.565855421232328, 0.0 ], [ -116.616851468065477, 43.565915062238496, 0.0 ] ] } },
{ "type": "Feature", "properties": { "OBJECTID": 3345, "UNIQID": "BPP635", "OWNER": "Private", "MANAGER": "Private", "STATUS": "Active", "INSTALLED": null, "FTR_FUNCTN": "Pathway", "FTR_TYP": "Pathway", "OVPATHNAME": "Private Pathway", "SGPATHLMT": "Carriage Hill North Sub Only", "SRFMATRL": "Concrete" }, "geometry": { "type": "LineString", "coordinates": [ [ -116.619984972178486, 43.558284291415596, 0.0 ], [ -116.619979340691444, 43.558234322060606, 0.0 ], [ -116.619979696305549, 43.55819073666855, 0.0 ], [ -116.619983132224803, 43.558156416126195, 0.0 ], [ -116.619998263553725, 43.558115576158343, 0.0 ], [ -116.620037839028356, 43.558066691256101, 0.0 ], [ -116.620075523601699, 43.5580228217719, 0.0 ], [ -116.620098605963761, 43.557988351701681, 0.0 ], [ -116.620107914567797, 43.557952557075041, 0.0 ], [ -116.620103337607247, 43.557907580738672, 0.0 ], [ -116.620087013883179, 43.557865550770153, 0.0 ], [ -116.620059741044784, 43.557813602945117, 0.0 ], [ -116.620036818992077, 43.557790914458913, 0.0 ], [ -116.619989204974416, 43.557759125582166, 0.0 ], [ -116.619918986412671, 43.55772679399972, 0.0 ], [ -116.619863575614076, 43.5576993516475, 0.0 ] ] } },
{ "type": "Feature", "properties": { "OBJECTID": 3346, "UNIQID": "BPP636", "OWNER": "Private", "MANAGER": "Private", "STATUS": "Active", "INSTALLED": null, "FTR_FUNCTN": "Pathway", "FTR_TYP": "Pathway", "OVPATHNAME": "Private Pathway", "SGPATHLMT": "Carriage Hill North Sub Only", "SRFMATRL": "Concrete" }, "geometry": { "type": "LineString", "coordinates": [ [ -116.619863575614076, 43.5576993516475, 0.0 ], [ -116.619697717242914, 43.55771133027995, 0.0 ], [ -116.619332530159866, 43.55793164048859, 0.0 ] ] } },
{ "type": "Feature", "properties": { "OBJECTID": 3347, "UNIQID": "BPP637", "OWNER": "Private", "MANAGER": "Private", "STATUS": "Active", "INSTALLED": null, "FTR_FUNCTN": "Pathway", "FTR_TYP": "Pathway", "OVPATHNAME": "Private Pathway", "SGPATHLMT": "Carriage Hill North Sub Only", "SRFMATRL": "Concrete" }, "geometry": { "type": "LineString", "coordinates": [ [ -116.619863575614076, 43.5576993516475, 0.0 ], [ -116.619879987599305, 43.55767922170547, 0.0 ], [ -116.619918143612679, 43.557668214598735, 0.0 ], [ -116.619965979522021, 43.557647130835875, 0.0 ], [ -116.619999918394115, 43.557616149826657, 0.0 ], [ -116.620001400538143, 43.55758255884021, 0.0 ] ] } },
{ "type": "Feature", "properties": { "OBJECTID": 3348, "UNIQID": "BPP638", "OWNER": "Private", "MANAGER": "Private", "STATUS": "Active", "INSTALLED": null, "FTR_FUNCTN": "Pathway", "FTR_TYP": "Pathway", "OVPATHNAME": "Private Pathway", "SGPATHLMT": "Carriage Hill North Sub Only", "SRFMATRL": "Concrete" }, "geometry": { "type": "LineString", "coordinates": [ [ -116.619863575614076, 43.5576993516475, 0.0 ], [ -116.619849525698811, 43.557678738791715, 0.0 ], [ -116.619830521538134, 43.557655305761926, 0.0 ], [ -116.619797617739323, 43.557553387599476, 0.0 ], [ -116.619796898368463, 43.557503379956501, 0.0 ], [ -116.619791237518029, 43.557451266733693, 0.0 ], [ -116.619758367146446, 43.557376526389277, 0.0 ], [ -116.619711609283286, 43.557311122367999, 0.0 ], [ -116.619673700629278, 43.557262469668714, 0.0 ] ] } },
{ "type": "Feature", "properties": { "OBJECTID": 3349, "UNIQID": "BPP639", "OWNER": "Private", "MANAGER": "Private", "STATUS": "Active", "INSTALLED": null, "FTR_FUNCTN": "Pathway", "FTR_TYP": "Pathway", "OVPATHNAME": "Private Pathway", "SGPATHLMT": "Carriage Hill North Sub Only", "SRFMATRL": "Concrete" }, "geometry": { "type": "LineString", "coordinates": [ [ -116.619673700629278, 43.557262469668714, 0.0 ], [ -116.619361295265989, 43.557357003168477, 0.0 ] ] } },
{ "type": "Feature", "properties": { "OBJECTID": 3350, "UNIQID": "BPP640", "OWNER": "Private", "MANAGER": "Private", "STATUS": "Active", "INSTALLED": null, "FTR_FUNCTN": "Pathway", "FTR_TYP": "Pathway", "OVPATHNAME": "Private Pathway", "SGPATHLMT": "Carriage Hill North Sub Only", "SRFMATRL": "Concrete" }, "geometry": { "type": "LineString", "coordinates": [ [ -116.619627636921265, 43.557072945200026, 0.0 ], [ -116.619611951176665, 43.556953634483392, 0.0 ], [ -116.619607920225022, 43.556929551949061, 0.0 ], [ -116.61960087878893, 43.556895370514063, 0.0 ], [ -116.619591804527261, 43.556862097455536, 0.0 ], [ -116.619576633599138, 43.556831848351365, 0.0 ], [ -116.619548892618994, 43.556781451253968, 0.0 ], [ -116.619479545918693, 43.556684334143988, 0.0 ], [ -116.619451335541839, 43.556629773056144, 0.0 ], [ -116.619442839738241, 43.556579824543448, 0.0 ], [ -116.619448883056478, 43.55645921259481, 0.0 ], [ -116.619449498642481, 43.556416636943673, 0.0 ], [ -116.619439174268663, 43.556381885486267, 0.0 ], [ -116.61939531953773, 43.556292612480647, 0.0 ], [ -116.619341919561222, 43.556194184054966, 0.0 ], [ -116.619298847041904, 43.556130804990239, 0.0 ], [ -116.619254660102115, 43.556046892841344, 0.0 ], [ -116.61923174899583, 43.555990802608825, 0.0 ] ] } },
{ "type": "Feature", "properties": { "OBJECTID": 3352, "UNIQID": "BPP641", "OWNER": "Private", "MANAGER": "Private", "STATUS": "Active", "INSTALLED": null, "FTR_FUNCTN": "Pathway", "FTR_TYP": "Connector", "OVPATHNAME": "Private Pathway", "SGPATHLMT": "Carriage Hill North Sub Only", "SRFMATRL": "Concrete" }, "geometry": { "type": "LineString", "coordinates": [ [ -116.619627636921265, 43.557072945200026, 0.0 ], [ -116.619788378558013, 43.557062885939551, 0.0 ], [ -116.619842627773025, 43.557049374711532, 0.0 ], [ -116.619958383745285, 43.557014853896078, 0.0 ], [ -116.6202444113392, 43.556922475505303, 0.0 ] ] } },
{ "type": "Feature", "properties": { "OBJECTID": 3353, "UNIQID": "BPP642", "OWNER": "Private", "MANAGER": "Private", "STATUS": "Active", "INSTALLED": null, "FTR_FUNCTN": "Pathway", "FTR_TYP": "Pathway", "OVPATHNAME": "Private Pathway", "SGPATHLMT": "Carriage Hill North Sub Only", "SRFMATRL": "Concrete" }, "geometry": { "type": "LineString", "coordinates": [ [ -116.619673700629278, 43.557262469668714, 0.0 ], [ -116.619653650572559, 43.557206060730699, 0.0 ], [ -116.619644604961564, 43.557174871227723, 0.0 ], [ -116.619632634368571, 43.557110957770213, 0.0 ], [ -116.619627636921265, 43.557072945200026, 0.0 ] ] } },
{ "type": "Feature", "properties": { "OBJECTID": 3354, "UNIQID": "BPP643", "OWNER": "Private", "MANAGER": "Private", "STATUS": "Active", "INSTALLED": null, "FTR_FUNCTN": "Pathway", "FTR_TYP": "Pathway", "OVPATHNAME": "Private Pathway", "SGPATHLMT": "Carriage Hill Sub Only", "SRFMATRL": "Asphalt" }, "geometry": { "type": "LineString", "coordinates": [ [ -116.620383607370613, 43.553403384227444, 0.0 ], [ -116.620462526769003, 43.55342636100697, 0.0 ], [ -116.620524134150159, 43.553452327424068, 0.0 ], [ -116.620589855706697, 43.553491122436675, 0.0 ], [ -116.620598435900249, 43.553518444929708, 0.0 ], [ -116.62059871358295, 43.553537733202866, 0.0 ], [ -116.620598823460156, 43.553590841914961, 0.0 ], [ -116.620600184304365, 43.553639891478092, 0.0 ], [ -116.620609021649031, 43.553685073914423, 0.0 ], [ -116.620634413622668, 43.553742990237701, 0.0 ] ] } },
{ "type": "Feature", "properties": { "OBJECTID": 3355, "UNIQID": "BPP644", "OWNER": "Private", "MANAGER": "Private", "STATUS": "Active", "INSTALLED": null, "FTR_FUNCTN": "Pathway", "FTR_TYP": "Pathway", "OVPATHNAME": "Private Pathway", "SGPATHLMT": "Carriage Hill Sub Only", "SRFMATRL": "Asphalt" }, "geometry": { "type": "LineString", "coordinates": [ [ -116.620634413622668, 43.553742990237701, 0.0 ], [ -116.62029343652317, 43.553931968055295, 0.0 ] ] } },
{ "type": "Feature", "properties": { "OBJECTID": 3356, "UNIQID": "BPP645", "OWNER": "Private", "MANAGER": "Private", "STATUS": "Active", "INSTALLED": null, "FTR_FUNCTN": "Pathway", "FTR_TYP": "Pathway", "OVPATHNAME": "Private Pathway", "SGPATHLMT": "Carriage Hill Sub Only", "SRFMATRL": "Asphalt" }, "geometry": { "type": "LineString", "coordinates": [ [ -116.620634413622668, 43.553742990237701, 0.0 ], [ -116.620687020435284, 43.553759950138478, 0.0 ], [ -116.620749401654237, 43.553771382665921, 0.0 ], [ -116.620792600363359, 43.553769624251792, 0.0 ], [ -116.620836378269829, 43.553762622734077, 0.0 ], [ -116.621137299338812, 43.553693646855614, 0.0 ], [ -116.621288168025529, 43.55366487079548, 0.0 ] ] } },
{ "type": "Feature", "properties": { "OBJECTID": 3735, "UNIQID": "BPP647", "OWNER": "Private", "MANAGER": "Private", "STATUS": "Active", "INSTALLED": "2005-08-19T07:00:00Z", "FTR_FUNCTN": "Pathway", "FTR_TYP": "Pathway", "OVPATHNAME": "Private Pathway", "SGPATHLMT": "Dallan Woods Sub Only", "SRFMATRL": "Concrete" }, "geometry": { "type": "LineString", "coordinates": [ [ -116.590709713802624, 43.566706125000906, 0.0 ], [ -116.590710701870051, 43.566607616413911, 0.0 ] ] } },
{ "type": "Feature", "properties": { "OBJECTID": 3736, "UNIQID": "BPP648", "OWNER": "Private", "MANAGER": "Private", "STATUS": "Active", "INSTALLED": "2005-08-19T07:00:00Z", "FTR_FUNCTN": "Pathway", "FTR_TYP": "Pathway", "OVPATHNAME": "Private Pathway", "SGPATHLMT": "Dallan Woods Sub Only", "SRFMATRL": "Concrete" }, "geometry": { "type": "LineString", "coordinates": [ [ -116.590710701870051, 43.566607616413911, 0.0 ], [ -116.590715213900197, 43.566555189372423, 0.0 ], [ -116.590715821288981, 43.566504695686767, 0.0 ], [ -116.590713846490928, 43.56649461182527, 0.0 ] ] } },
{ "type": "Feature", "properties": { "OBJECTID": 3737, "UNIQID": "BPP649", "OWNER": "Private", "MANAGER": "Private", "STATUS": "Active", "INSTALLED": "2005-08-19T07:00:00Z", "FTR_FUNCTN": "Pathway", "FTR_TYP": "Pathway", "OVPATHNAME": "Private Pathway", "SGPATHLMT": "Dallan Woods Sub Only", "SRFMATRL": "Concrete" }, "geometry": { "type": "LineString", "coordinates": [ [ -116.590713846490928, 43.56649461182527, 0.0 ], [ -116.590686070840349, 43.566494435331791, 0.0 ], [ -116.590668524893985, 43.566495135929351, 0.0 ], [ -116.590644767961464, 43.566501407097796, 0.0 ], [ -116.590603256899882, 43.566512191464149, 0.0 ], [ -116.59056444563501, 43.566528671691756, 0.0 ], [ -116.590501818787004, 43.566584955439048, 0.0 ] ] } },
{ "type": "Feature", "properties": { "OBJECTID": 3738, "UNIQID": "BPP650", "OWNER": "Private", "MANAGER": "Private", "STATUS": "Active", "INSTALLED": "2005-08-19T07:00:00Z", "FTR_FUNCTN": "Pathway", "FTR_TYP": "Pathway", "OVPATHNAME": "Private Pathway", "SGPATHLMT": "Dallan Woods Sub Only", "SRFMATRL": "Concrete" }, "geometry": { "type": "LineString", "coordinates": [ [ -116.590710701870051, 43.566607616413911, 0.0 ], [ -116.590694366000037, 43.566601068496396, 0.0 ], [ -116.590659380123057, 43.566591227382716, 0.0 ], [ -116.590627660057109, 43.56659012755879, 0.0 ], [ -116.590563974630811, 43.566589071033135, 0.0 ], [ -116.590519674849673, 43.566587682023048, 0.0 ], [ -116.590501818787004, 43.566584955439048, 0.0 ] ] } },
{ "type": "Feature", "properties": { "OBJECTID": 3739, "UNIQID": "BPP651", "OWNER": "Private", "MANAGER": "Private", "STATUS": "Active", "INSTALLED": "2005-08-19T07:00:00Z", "FTR_FUNCTN": "Pathway", "FTR_TYP": "Pathway", "OVPATHNAME": "Private Pathway", "SGPATHLMT": "Dallan Woods Sub Only", "SRFMATRL": "Concrete" }, "geometry": { "type": "LineString", "coordinates": [ [ -116.590501818787004, 43.566584955439048, 0.0 ], [ -116.590485350341638, 43.566587744453187, 0.0 ], [ -116.590464754396891, 43.566595135490331, 0.0 ], [ -116.590453437793926, 43.566610460323474, 0.0 ], [ -116.590451458820738, 43.566618858537815, 0.0 ], [ -116.590450048995351, 43.566705938770262, 0.0 ] ] } },
{ "type": "Feature", "properties": { "OBJECTID": 3740, "UNIQID": "BPP652", "OWNER": "Private", "MANAGER": "Private", "STATUS": "Active", "INSTALLED": "1994-09-30T07:00:00Z", "FTR_FUNCTN": "Pathway", "FTR_TYP": "Pathway", "OVPATHNAME": "Private Pathway", "SGPATHLMT": "Middle Creek Sub Only", "SRFMATRL": "Asphalt" }, "geometry": { "type": "LineString", "coordinates": [ [ -116.595310423060951, 43.565724244969317, 0.0 ], [ -116.595201911055824, 43.565761224664968, 0.0 ], [ -116.595154684339619, 43.565780030655731, 0.0 ], [ -116.595092661527843, 43.565794778472913, 0.0 ], [ -116.594973619956917, 43.565830786253883, 0.0 ], [ -116.594917390488988, 43.565857769618233, 0.0 ], [ -116.594876822289962, 43.565895362979049, 0.0 ], [ -116.59484704150934, 43.565915731225935, 0.0 ], [ -116.594827888502806, 43.565923303210397, 0.0 ], [ -116.594744641591262, 43.565970787322946, 0.0 ] ] } },
{ "type": "Feature", "properties": { "OBJECTID": 3741, "UNIQID": "BPP653", "OWNER": "Private", "MANAGER": "Private", "STATUS": "Active", "INSTALLED": "1994-09-30T07:00:00Z", "FTR_FUNCTN": "Pathway", "FTR_TYP": "Pathway", "OVPATHNAME": "Private Pathway", "SGPATHLMT": "Middle Creek Sub Only", "SRFMATRL": "Asphalt" }, "geometry": { "type": "LineString", "coordinates": [ [ -116.594744641591262, 43.565970787322946, 0.0 ], [ -116.594765985440802, 43.56599349251632, 0.0 ], [ -116.594778643702909, 43.566013404023934, 0.0 ] ] } },
{ "type": "Feature", "properties": { "OBJECTID": 3742, "UNIQID": "BPP654", "OWNER": "Private", "MANAGER": "Private", "STATUS": "Active", "INSTALLED": "1994-09-30T07:00:00Z", "FTR_FUNCTN": "Pathway", "FTR_TYP": "Pathway", "OVPATHNAME": "Private Pathway", "SGPATHLMT": "Middle Creek Sub Only", "SRFMATRL": "Asphalt" }, "geometry": { "type": "LineString", "coordinates": [ [ -116.594744641591262, 43.565970787322946, 0.0 ], [ -116.594701634907167, 43.565986966013568, 0.0 ], [ -116.594669944291283, 43.565997346253354, 0.0 ], [ -116.59463000358852, 43.566007929655321, 0.0 ], [ -116.594576462656434, 43.566015612536226, 0.0 ], [ -116.594546416971255, 43.566017120762822, 0.0 ], [ -116.594502380705975, 43.566015874467382, 0.0 ], [ -116.594459267326172, 43.566010334092717, 0.0 ], [ -116.594404726838931, 43.566002734932106, 0.0 ], [ -116.594337142640626, 43.56598980169057, 0.0 ], [ -116.594281814218192, 43.565982065172356, 0.0 ], [ -116.594225202471549, 43.565980911640246, 0.0 ], [ -116.594162150060768, 43.56598294883802, 0.0 ], [ -116.594095163813591, 43.565984729710046, 0.0 ], [ -116.593965284039186, 43.565985831713725, 0.0 ], [ -116.593833635516745, 43.565986946625223, 0.0 ], [ -116.593759367989207, 43.565987923235376, 0.0 ] ] } },
{ "type": "Feature", "properties": { "OBJECTID": 3743, "UNIQID": "BPP655", "OWNER": "Private", "MANAGER": "Private", "STATUS": "Active", "INSTALLED": "2007-09-11T07:00:00Z", "FTR_FUNCTN": "Pathway", "FTR_TYP": "Pathway", "OVPATHNAME": "Private Pathway", "SGPATHLMT": "Vista Ridge Sub Only", "SRFMATRL": "Asphalt" }, "geometry": { "type": "LineString", "coordinates": [ [ -116.570457834303738, 43.534144440720318, 0.0 ], [ -116.570383985728668, 43.534093886160854, 0.0 ] ] } },
{ "type": "Feature", "properties": { "OBJECTID": 3744, "UNIQID": "BPP656", "OWNER": "Private", "MANAGER": "Private", "STATUS": "Active", "INSTALLED": "2007-09-11T07:00:00Z", "FTR_FUNCTN": "Pathway", "FTR_TYP": "Pathway", "OVPATHNAME": "Private Pathway", "SGPATHLMT": "Vista Ridge Sub Only", "SRFMATRL": "Concrete" }, "geometry": { "type": "LineString", "coordinates": [ [ -116.570383985728668, 43.534093886160854, 0.0 ], [ -116.5703542207239, 43.534107674444677, 0.0 ], [ -116.570316002450127, 43.534113664428418, 0.0 ], [ -116.570285051809989, 43.534112458006078, 0.0 ], [ -116.570248063591919, 43.534100577166456, 0.0 ], [ -116.570217856735269, 43.534081859861693, 0.0 ], [ -116.5702034252716, 43.534067673994301, 0.0 ], [ -116.570196372808553, 43.534054507230991, 0.0 ], [ -116.570189747296041, 43.534036692786643, 0.0 ], [ -116.570189054066077, 43.534021693664343, 0.0 ], [ -116.570192335809878, 43.534010238600978, 0.0 ] ] } },
{ "type": "Feature", "properties": { "OBJECTID": 3745, "UNIQID": "BPP657", "OWNER": "Private", "MANAGER": "Private", "STATUS": "Active", "INSTALLED": "2007-09-11T07:00:00Z", "FTR_FUNCTN": "Pathway", "FTR_TYP": "Pathway", "OVPATHNAME": "Private Pathway", "SGPATHLMT": "Vista Ridge Sub Only", "SRFMATRL": "Concrete" }, "geometry": { "type": "LineString", "coordinates": [ [ -116.570383985728668, 43.534093886160854, 0.0 ], [ -116.570401954028299, 43.53407911047794, 0.0 ], [ -116.570416416619622, 43.534059358883745, 0.0 ], [ -116.570422577290785, 43.534042881189734, 0.0 ], [ -116.570423754041599, 43.534021081747383, 0.0 ], [ -116.57041605544299, 43.533996488113878, 0.0 ], [ -116.570403548478836, 43.533979429681288, 0.0 ], [ -116.570379734769475, 43.533961382138024, 0.0 ] ] } },
{ "type": "Feature", "properties": { "OBJECTID": 3746, "UNIQID": "BPP658", "OWNER": "Private", "MANAGER": "Private", "STATUS": "Active", "INSTALLED": "2007-09-11T07:00:00Z", "FTR_FUNCTN": "Pathway", "FTR_TYP": "Pathway", "OVPATHNAME": "Private Pathway", "SGPATHLMT": "Vista Ridge Sub Only", "SRFMATRL": "Concrete" }, "geometry": { "type": "LineString", "coordinates": [ [ -116.570192335809878, 43.534010238600978, 0.0 ], [ -116.570205271807652, 43.533986568062254, 0.0 ], [ -116.57022320140014, 43.533968935704841, 0.0 ], [ -116.570246083356537, 43.533954482141851, 0.0 ], [ -116.570273977021571, 43.533947494214836, 0.0 ], [ -116.570305346077362, 43.533943339225473, 0.0 ], [ -116.570340253483479, 43.533946661336962, 0.0 ], [ -116.570364417880924, 43.533954346894319, 0.0 ], [ -116.570379734769475, 43.533961382138024, 0.0 ] ] } },
{ "type": "Feature", "properties": { "OBJECTID": 3747, "UNIQID": "BPP659", "OWNER": "Nampa", "MANAGER": "Nampa", "STATUS": "Active", "INSTALLED": "2007-09-11T07:00:00Z", "FTR_FUNCTN": "Pathway", "FTR_TYP": "Pathway", "OVPATHNAME": "Private Pathway", "SGPATHLMT": "Vista Ridge Sub Only", "SRFMATRL": "Asphalt" }, "geometry": { "type": "LineString", "coordinates": [ [ -116.570449685315765, 43.533810216339781, 0.0 ], [ -116.570434743579753, 43.533781297402257, 0.0 ], [ -116.570419067149118, 43.533747830028915, 0.0 ], [ -116.570412909761586, 43.533728226399724, 0.0 ], [ -116.570417009049564, 43.533704619246784, 0.0 ], [ -116.570436596664337, 43.533664468362765, 0.0 ], [ -116.570464699173044, 43.533636759033399, 0.0 ], [ -116.57052270447511, 43.533605263418316, 0.0 ], [ -116.570569762824377, 43.533569202625223, 0.0 ], [ -116.570605788575961, 43.53354643835911, 0.0 ], [ -116.57064824250925, 43.533526842268465, 0.0 ], [ -116.57072259386743, 43.533505946045707, 0.0 ], [ -116.570792477850631, 43.533481510171463, 0.0 ], [ -116.570837278237391, 43.533454038218885, 0.0 ], [ -116.570872241674479, 43.5334252083872, 0.0 ], [ -116.570910567790875, 43.533390995986778, 0.0 ], [ -116.571068450610724, 43.533265901344286, 0.0 ] ] } },
{ "type": "Feature", "properties": { "OBJECTID": 3748, "UNIQID": "BPP660", "OWNER": "Private", "MANAGER": "Private", "STATUS": "Active", "INSTALLED": "2007-09-11T07:00:00Z", "FTR_FUNCTN": "Pathway", "FTR_TYP": "Pathway", "OVPATHNAME": "Private Pathway", "SGPATHLMT": "Vista Ridge Sub Only", "SRFMATRL": "Dirt" }, "geometry": { "type": "LineString", "coordinates": [ [ -116.571733079937289, 43.53374834674004, 0.0 ], [ -116.571623836480157, 43.533658055950767, 0.0 ], [ -116.571471163295129, 43.5335519820703, 0.0 ], [ -116.571270813409228, 43.533406241048539, 0.0 ], [ -116.5710883919579, 43.533278945787146, 0.0 ], [ -116.571068450610724, 43.533265901344286, 0.0 ], [ -116.571008011586414, 43.533217364358386, 0.0 ], [ -116.57093951149902, 43.533162841818005, 0.0 ], [ -116.570753493177492, 43.53305986427754, 0.0 ], [ -116.570562322126477, 43.532939062335551, 0.0 ], [ -116.570382606946737, 43.532793885432746, 0.0 ], [ -116.570249905870057, 43.532711958124587, 0.0 ], [ -116.570156002191808, 43.53266690570004, 0.0 ], [ -116.570031215203073, 43.532589209534265, 0.0 ], [ -116.569952771006498, 43.532525469381604, 0.0 ], [ -116.569895051406334, 43.532468689700693, 0.0 ] ] } },
{ "type": "Feature", "properties": { "OBJECTID": 3749, "UNIQID": "BPP661", "OWNER": "Private", "MANAGER": "Private", "STATUS": "Active", "INSTALLED": "2007-09-11T07:00:00Z", "FTR_FUNCTN": "Pathway", "FTR_TYP": "Pathway", "OVPATHNAME": "Private Pathway", "SGPATHLMT": "Vista Ridge Sub Only", "SRFMATRL": "Asphalt" }, "geometry": { "type": "LineString", "coordinates": [ [ -116.570192335809878, 43.534010238600978, 0.0 ], [ -116.570173139633397, 43.534003797336744, 0.0 ], [ -116.570154906969719, 43.533987019383524, 0.0 ], [ -116.570140824665231, 43.5339623518094, 0.0 ], [ -116.570117259737515, 43.533866067620153, 0.0 ], [ -116.570109155671489, 43.533847787613254, 0.0 ], [ -116.57010037459699, 43.533827845440221, 0.0 ], [ -116.570090620946004, 43.533808624037732, 0.0 ], [ -116.570064742466599, 43.533783088740762, 0.0 ], [ -116.570032708434837, 43.533762361022688, 0.0 ], [ -116.569875862801069, 43.53366226923076, 0.0 ], [ -116.56974343257238, 43.533574214990537, 0.0 ] ] } },
{ "type": "Feature", "properties": { "OBJECTID": 3750, "UNIQID": "BPP662", "OWNER": "Private", "MANAGER": "Private", "STATUS": "Active", "INSTALLED": "2007-09-11T07:00:00Z", "FTR_FUNCTN": "Pathway", "FTR_TYP": "Pathway", "OVPATHNAME": "Private Pathway", "SGPATHLMT": "Vista Ridge Sub Only", "SRFMATRL": "Asphalt" }, "geometry": { "type": "LineString", "coordinates": [ [ -116.570234053152575, 43.534091896114781, 0.0 ], [ -116.570205426350341, 43.534107600649968, 0.0 ], [ -116.570184263630395, 43.534116088479216, 0.0 ], [ -116.570153183952868, 43.534117502295203, 0.0 ], [ -116.570123701848146, 43.534115927046791, 0.0 ], [ -116.570094956797533, 43.534108393112128, 0.0 ], [ -116.570059697279902, 43.534103287614066, 0.0 ], [ -116.570035236957082, 43.534110012331105, 0.0 ], [ -116.570001167486964, 43.534132286221322, 0.0 ], [ -116.569961734086931, 43.534169403739945, 0.0 ], [ -116.569879390697608, 43.534252873691727, 0.0 ], [ -116.569856162588039, 43.534278046487863, 0.0 ], [ -116.569838709418619, 43.53429460422818, 0.0 ], [ -116.569817307080683, 43.534309523262401, 0.0 ], [ -116.569798787765833, 43.534319897618438, 0.0 ], [ -116.569704510901147, 43.534368204324956, 0.0 ], [ -116.569573885397617, 43.534463927894542, 0.0 ], [ -116.569474300089311, 43.534532493651824, 0.0 ] ] } },
{ "type": "Feature", "properties": { "OBJECTID": 3751, "UNIQID": "BPP663", "OWNER": "Private", "MANAGER": "Private", "STATUS": "Active", "INSTALLED": null, "FTR_FUNCTN": "Pathway", "FTR_TYP": "Pathway", "OVPATHNAME": "Private Pathway", "SGPATHLMT": "Lava Springs Sub Only", "SRFMATRL": "Asphalt" }, "geometry": { "type": "LineString", "coordinates": [ [ -116.535322785824732, 43.530881518047671, 0.0 ], [ -116.535322439062824, 43.530804357590114, 0.0 ], [ -116.535311922300735, 43.530750606215278, 0.0 ], [ -116.535307185121738, 43.530688241491617, 0.0 ], [ -116.535313704917925, 43.530635801586335, 0.0 ], [ -116.535328958037852, 43.530600449890485, 0.0 ], [ -116.535349119401673, 43.530564944761188, 0.0 ], [ -116.535371296153599, 43.530533355710659, 0.0 ], [ -116.535405180279284, 43.530495970465147, 0.0 ], [ -116.53545373692161, 43.53045419803523, 0.0 ], [ -116.53546300006974, 43.530446619289371, 0.0 ] ] } },
{ "type": "Feature", "properties": { "OBJECTID": 3752, "UNIQID": "BPP664", "OWNER": "Private", "MANAGER": "Private", "STATUS": "Active", "INSTALLED": null, "FTR_FUNCTN": "Pathway", "FTR_TYP": "Pathway", "OVPATHNAME": "Private Pathway", "SGPATHLMT": "Lava Springs Sub Only", "SRFMATRL": "Asphalt" }, "geometry": { "type": "LineString", "coordinates": [ [ -116.53546300006974, 43.530446619289371, 0.0 ], [ -116.535540073839911, 43.530372512094516, 0.0 ], [ -116.535573509634801, 43.530338345109698, 0.0 ], [ -116.535617092557573, 43.530291604813371, 0.0 ], [ -116.535659290210944, 43.530251661829624, 0.0 ], [ -116.535683517956187, 43.5302268455331, 0.0 ], [ -116.535704368256489, 43.530206697064713, 0.0 ], [ -116.535723297108504, 43.530189777028561, 0.0 ], [ -116.535744648999525, 43.530170339801451, 0.0 ], [ -116.535770390484785, 43.53014872831411, 0.0 ], [ -116.535798216940805, 43.530136390836525, 0.0 ], [ -116.535940568108387, 43.530095759346182, 0.0 ], [ -116.535950280974447, 43.530087476274929, 0.0 ], [ -116.535958959369182, 43.530075270387179, 0.0 ], [ -116.535959774586516, 43.530062404758233, 0.0 ], [ -116.535945166521245, 43.530033926346498, 0.0 ], [ -116.535935022277002, 43.530008988926596, 0.0 ], [ -116.535930839595835, 43.529989369843811, 0.0 ], [ -116.535927281963907, 43.529942239674355, 0.0 ], [ -116.535929749558349, 43.52990542667569, 0.0 ], [ -116.535937983875215, 43.529858929241094, 0.0 ], [ -116.535948616781468, 43.529808128941774, 0.0 ], [ -116.535986429911944, 43.529619606033911, 0.0 ], [ -116.535994436848995, 43.52955560550695, 0.0 ], [ -116.536001994424225, 43.529494823299551, 0.0 ], [ -116.536009476526957, 43.529428325842673, 0.0 ], [ -116.536018089858715, 43.529335384958635, 0.0 ], [ -116.536022248071461, 43.529277484001682, 0.0 ], [ -116.53602579271336, 43.529172432630901, 0.0 ], [ -116.536024709081417, 43.529126713940919, 0.0 ], [ -116.536026972486084, 43.529074184428097, 0.0 ] ] } },
{ "type": "Feature", "properties": { "OBJECTID": 3753, "UNIQID": "BPP665", "OWNER": "Private", "MANAGER": "Private", "STATUS": "Active", "INSTALLED": null, "FTR_FUNCTN": "Pathway", "FTR_TYP": "Pathway", "OVPATHNAME": "Private Pathway", "SGPATHLMT": "Lava Springs Sub Only", "SRFMATRL": "Asphalt" }, "geometry": { "type": "LineString", "coordinates": [ [ -116.536026972486084, 43.529074184428097, 0.0 ], [ -116.536026590849772, 43.528969160046778, 0.0 ] ] } },
{ "type": "Feature", "properties": { "OBJECTID": 3754, "UNIQID": "BPP666", "OWNER": "Private", "MANAGER": "Private", "STATUS": "Active", "INSTALLED": null, "FTR_FUNCTN": "Pathway", "FTR_TYP": "Pathway", "OVPATHNAME": "Private Pathway", "SGPATHLMT": "Lava Springs Sub Only", "SRFMATRL": "Asphalt" }, "geometry": { "type": "LineString", "coordinates": [ [ -116.536026590849772, 43.528969160046778, 0.0 ], [ -116.536040047598135, 43.528871184783377, 0.0 ], [ -116.536050559629288, 43.528811096049289, 0.0 ], [ -116.536060066280712, 43.528749229286127, 0.0 ], [ -116.536067586588601, 43.528685589438325, 0.0 ], [ -116.536068929318134, 43.528637710874797, 0.0 ], [ -116.53606705245538, 43.528606644402863, 0.0 ], [ -116.536060104810517, 43.528563109213799, 0.0 ], [ -116.536055741266281, 43.528529558401786, 0.0 ] ] } },
{ "type": "Feature", "properties": { "OBJECTID": 3755, "UNIQID": "BPP667", "OWNER": "Private", "MANAGER": "Private", "STATUS": "Active", "INSTALLED": null, "FTR_FUNCTN": "Pathway", "FTR_TYP": "Pathway", "OVPATHNAME": "Private Pathway", "SGPATHLMT": "Lava Springs Sub Only", "SRFMATRL": "Asphalt" }, "geometry": { "type": "LineString", "coordinates": [ [ -116.536055741266281, 43.528529558401786, 0.0 ], [ -116.536033379422449, 43.52850899315883, 0.0 ], [ -116.536001481871097, 43.528472416407155, 0.0 ], [ -116.535977573824425, 43.528446146014659, 0.0 ], [ -116.535945796938478, 43.528418856765875, 0.0 ], [ -116.535908555663056, 43.528386603998094, 0.0 ], [ -116.535866459215043, 43.528358671866911, 0.0 ], [ -116.535833255554905, 43.528334965873782, 0.0 ], [ -116.535798079520987, 43.528310557830828, 0.0 ], [ -116.535729704574038, 43.52826280106877, 0.0 ], [ -116.53568854069556, 43.528230932534008, 0.0 ], [ -116.535670606889127, 43.528211050585057, 0.0 ] ] } },
{ "type": "Feature", "properties": { "OBJECTID": 3756, "UNIQID": "BPP668", "OWNER": "Private", "MANAGER": "Private", "STATUS": "Active", "INSTALLED": null, "FTR_FUNCTN": "Pathway", "FTR_TYP": "Pathway", "OVPATHNAME": "Private Pathway", "SGPATHLMT": "Lava Springs Sub Only", "SRFMATRL": "Asphalt" }, "geometry": { "type": "LineString", "coordinates": [ [ -116.535670606889127, 43.528211050585057, 0.0 ], [ -116.535702535719835, 43.528174393370222, 0.0 ], [ -116.535721412934492, 43.528153543755437, 0.0 ], [ -116.53575250792089, 43.528128323793858, 0.0 ], [ -116.535784645331944, 43.528107740383653, 0.0 ], [ -116.535816894020385, 43.528095729852367, 0.0 ], [ -116.535855061065021, 43.528085821820454, 0.0 ], [ -116.535910415760668, 43.528076152977434, 0.0 ], [ -116.535945239190681, 43.528073413060099, 0.0 ] ] } },
{ "type": "Feature", "properties": { "OBJECTID": 3757, "UNIQID": "BPP669", "OWNER": "Private", "MANAGER": "Private", "STATUS": "Active", "INSTALLED": null, "FTR_FUNCTN": "Pathway", "FTR_TYP": "Pathway", "OVPATHNAME": "Private Pathway", "SGPATHLMT": "Lava Springs Sub Only", "SRFMATRL": "Asphalt" }, "geometry": { "type": "LineString", "coordinates": [ [ -116.535945239190681, 43.528073413060099, 0.0 ], [ -116.535939464036105, 43.528044516569111, 0.0 ], [ -116.535927587163599, 43.527999586760146, 0.0 ], [ -116.535915730092441, 43.527956085305583, 0.0 ], [ -116.535907341851313, 43.52791506054124, 0.0 ], [ -116.535905359664667, 43.527875778481615, 0.0 ], [ -116.535905159697379, 43.527822552096886, 0.0 ], [ -116.535909895894605, 43.527771434068868, 0.0 ], [ -116.535921450357137, 43.52771598369462, 0.0 ], [ -116.535933468043481, 43.527658386045907, 0.0 ], [ -116.535946656787033, 43.527615426215739, 0.0 ], [ -116.535976172134994, 43.527544133549569, 0.0 ] ] } },
{ "type": "Feature", "properties": { "OBJECTID": 3758, "UNIQID": "BPP670", "OWNER": "Private", "MANAGER": "Private", "STATUS": "Active", "INSTALLED": null, "FTR_FUNCTN": "Pathway", "FTR_TYP": "Pathway", "OVPATHNAME": "Private Pathway", "SGPATHLMT": "Lava Springs Sub Only", "SRFMATRL": "Asphalt" }, "geometry": { "type": "LineString", "coordinates": [ [ -116.535976172134994, 43.527544133549569, 0.0 ], [ -116.535990880463785, 43.527504736747858, 0.0 ] ] } },
{ "type": "Feature", "properties": { "OBJECTID": 3759, "UNIQID": "BPP671", "OWNER": "Private", "MANAGER": "Private", "STATUS": "Active", "INSTALLED": null, "FTR_FUNCTN": "Pathway", "FTR_TYP": "Pathway", "OVPATHNAME": "Private Pathway", "SGPATHLMT": "Lava Springs Sub Only", "SRFMATRL": "Asphalt" }, "geometry": { "type": "LineString", "coordinates": [ [ -116.535990880463785, 43.527504736747858, 0.0 ], [ -116.536008047564835, 43.527465679488351, 0.0 ], [ -116.536019959047593, 43.527437733448579, 0.0 ], [ -116.536037715846987, 43.527406174639708, 0.0 ], [ -116.536052489042859, 43.527371778456271, 0.0 ], [ -116.536068258289205, 43.527338446566702, 0.0 ], [ -116.536084484900783, 43.527302611893738, 0.0 ], [ -116.536093872567363, 43.527269323876652, 0.0 ], [ -116.536099300376307, 43.527233563448718, 0.0 ], [ -116.536098312921993, 43.527195345692689, 0.0 ], [ -116.536091040124461, 43.527164673661787, 0.0 ], [ -116.536076705769702, 43.52711940340987, 0.0 ], [ -116.536059471354761, 43.527077724775445, 0.0 ], [ -116.536044794405186, 43.527043888413438, 0.0 ], [ -116.536031561623986, 43.527007898031918, 0.0 ], [ -116.536024679152646, 43.526969364354031, 0.0 ], [ -116.536023789168055, 43.526938648435731, 0.0 ], [ -116.536029808863162, 43.52691074199808, 0.0 ], [ -116.536046745090474, 43.526853825210779, 0.0 ], [ -116.536061490321586, 43.526817286026635, 0.0 ], [ -116.536066453619426, 43.526783671079677, 0.0 ], [ -116.536059424613072, 43.526724422119528, 0.0 ] ] } },
{ "type": "Feature", "properties": { "OBJECTID": 3760, "UNIQID": "BPP672", "OWNER": "Private", "MANAGER": "Private", "STATUS": "Active", "INSTALLED": null, "FTR_FUNCTN": "Pathway", "FTR_TYP": "Connector", "OVPATHNAME": "Private Pathway", "SGPATHLMT": "Lava Springs Sub Only", "SRFMATRL": "Asphalt" }, "geometry": { "type": "LineString", "coordinates": [ [ -116.535990880463785, 43.527504736747858, 0.0 ], [ -116.535952523640418, 43.527499999359534, 0.0 ], [ -116.535887155554789, 43.527494732934699, 0.0 ], [ -116.535848335487657, 43.527492141884061, 0.0 ], [ -116.535809515423637, 43.527489550820164, 0.0 ], [ -116.535760913329895, 43.527489884856763, 0.0 ], [ -116.535726539573261, 43.527489406394999, 0.0 ], [ -116.535696105898836, 43.527489972890564, 0.0 ], [ -116.535667637781529, 43.527490525871016, 0.0 ], [ -116.535443825391923, 43.52749131655802, 0.0 ] ] } },
{ "type": "Feature", "properties": { "OBJECTID": 3761, "UNIQID": "BPP673", "OWNER": "Private", "MANAGER": "Private", "STATUS": "Active", "INSTALLED": null, "FTR_FUNCTN": "Pathway", "FTR_TYP": "Connector", "OVPATHNAME": "Private Pathway", "SGPATHLMT": "Lava Springs Sub Only", "SRFMATRL": "Concrete" }, "geometry": { "type": "LineString", "coordinates": [ [ -116.536181712390274, 43.527549780016649, 0.0 ], [ -116.536188733945835, 43.52754195738769, 0.0 ], [ -116.536246281678842, 43.527474401814224, 0.0 ], [ -116.536386807922497, 43.527482723690213, 0.0 ], [ -116.536625606252514, 43.527497156213649, 0.0 ] ] } },
{ "type": "Feature", "properties": { "OBJECTID": 3762, "UNIQID": "BPP674", "OWNER": "Private", "MANAGER": "Private", "STATUS": "Active", "INSTALLED": null, "FTR_FUNCTN": "Pathway", "FTR_TYP": "Pathway", "OVPATHNAME": "Private Pathway", "SGPATHLMT": "Lava Springs Sub Only", "SRFMATRL": "Asphalt" }, "geometry": { "type": "LineString", "coordinates": [ [ -116.535945239190681, 43.528073413060099, 0.0 ], [ -116.535984583187343, 43.528078501011727, 0.0 ], [ -116.536013632037324, 43.528084731772402, 0.0 ], [ -116.536040702632377, 43.528089904082343, 0.0 ], [ -116.53606829215947, 43.528097216906289, 0.0 ], [ -116.536087517157853, 43.528103157842303, 0.0 ], [ -116.536128019646199, 43.52812181250443, 0.0 ], [ -116.536157708080196, 43.528139470367684, 0.0 ], [ -116.536180003638762, 43.528155034971142, 0.0 ], [ -116.536193412348652, 43.528166731652384, 0.0 ], [ -116.536217422461661, 43.528200861155803, 0.0 ], [ -116.536239751303853, 43.528256794145356, 0.0 ] ] } },
{ "type": "Feature", "properties": { "OBJECTID": 3763, "UNIQID": "BPP675", "OWNER": "Private", "MANAGER": "Private", "STATUS": "Active", "INSTALLED": null, "FTR_FUNCTN": "Pathway", "FTR_TYP": "Pathway", "OVPATHNAME": "Private Pathway", "SGPATHLMT": "Lava Springs Sub Only", "SRFMATRL": "Concrete" }, "geometry": { "type": "LineString", "coordinates": [ [ -116.536331210264763, 43.528246785896549, 0.0 ], [ -116.536362808002067, 43.528245139181202, 0.0 ], [ -116.536435230839615, 43.528241640934553, 0.0 ], [ -116.536468009907153, 43.52824027230276, 0.0 ], [ -116.536497657522418, 43.528239638999203, 0.0 ], [ -116.536530451440697, 43.528239413401018, 0.0 ], [ -116.536558745811277, 43.528240505021763, 0.0 ], [ -116.53657742318245, 43.528242091256772, 0.0 ], [ -116.536590013312306, 43.528243719368703, 0.0 ], [ -116.536604781184153, 43.528246618769181, 0.0 ], [ -116.536622119537228, 43.528250928974366, 0.0 ], [ -116.536638280898075, 43.528255390394229, 0.0 ], [ -116.536655435581707, 43.528260702792586, 0.0 ], [ -116.536675367945278, 43.528268138364012, 0.0 ], [ -116.536697679083119, 43.528277273194583, 0.0 ], [ -116.536713693302374, 43.528285451315696, 0.0 ], [ -116.536791830420853, 43.528328781922632, 0.0 ], [ -116.536808834269593, 43.528337524796832, 0.0 ], [ -116.536896159875553, 43.52837764797529, 0.0 ], [ -116.536950466202498, 43.528400566623347, 0.0 ], [ -116.536969790029275, 43.528406577839831, 0.0 ], [ -116.536990885248954, 43.528412863098268, 0.0 ], [ -116.537019634372342, 43.528418666308205, 0.0 ], [ -116.53704618903177, 43.528421912971844, 0.0 ], [ -116.537075272434294, 43.528424025170899, 0.0 ], [ -116.537110840712074, 43.528424897357034, 0.0 ], [ -116.537189237291244, 43.528427644851298, 0.0 ], [ -116.53720535785196, 43.528428962349196, 0.0 ], [ -116.5372631848021, 43.528434258342806, 0.0 ], [ -116.537283604210302, 43.528435282493007, 0.0 ], [ -116.537303833710581, 43.528435877689532, 0.0 ], [ -116.537396945327529, 43.52843707451521, 0.0 ], [ -116.537487509006468, 43.528439165532546, 0.0 ], [ -116.53768135323547, 43.528439688060068, 0.0 ], [ -116.537696858972282, 43.528439009655713, 0.0 ], [ -116.537720192972714, 43.528436133226023, 0.0 ], [ -116.537740963284165, 43.528432560659532, 0.0 ], [ -116.537768748481767, 43.528424653379176, 0.0 ], [ -116.537789861943054, 43.528417220520979, 0.0 ], [ -116.537807839719719, 43.528409817366715, 0.0 ], [ -116.537837923624778, 43.528398027310423, 0.0 ], [ -116.537848485604869, 43.528394667287145, 0.0 ], [ -116.537870075242708, 43.528388843249438, 0.0 ] ] } },
{ "type": "Feature", "properties": { "OBJECTID": 3764, "UNIQID": "BPP676", "OWNER": "Private", "MANAGER": "Private", "STATUS": "Active", "INSTALLED": null, "FTR_FUNCTN": "Pathway", "FTR_TYP": "Pathway", "OVPATHNAME": "Private Pathway", "SGPATHLMT": "Lava Springs Sub Only", "SRFMATRL": "Asphalt" }, "geometry": { "type": "LineString", "coordinates": [ [ -116.536239751303853, 43.528256794145356, 0.0 ], [ -116.536239375327966, 43.528278230412141, 0.0 ], [ -116.536241383071143, 43.528306795446781, 0.0 ], [ -116.536237725400383, 43.528340162881847, 0.0 ], [ -116.536228370133685, 43.528375951217974, 0.0 ], [ -116.536216491046758, 43.52840639758832, 0.0 ], [ -116.536205291648528, 43.528426122443008, 0.0 ], [ -116.536194840303324, 43.528440483732417, 0.0 ], [ -116.536177873696047, 43.528457271542237, 0.0 ], [ -116.536157697084761, 43.528478844862185, 0.0 ], [ -116.536055741266281, 43.528529558401786, 0.0 ] ] } },
{ "type": "Feature", "properties": { "OBJECTID": 3765, "UNIQID": "BPP677", "OWNER": "Private", "MANAGER": "Private", "STATUS": "Active", "INSTALLED": null, "FTR_FUNCTN": "Pathway", "FTR_TYP": "Pathway", "OVPATHNAME": "Private Pathway", "SGPATHLMT": "Lava Springs Sub Only", "SRFMATRL": "Asphalt" }, "geometry": { "type": "LineString", "coordinates": [ [ -116.535670606889127, 43.528211050585057, 0.0 ], [ -116.535628757633404, 43.528202049812137, 0.0 ], [ -116.535590123064438, 43.528188621742949, 0.0 ], [ -116.535560567361514, 43.528181084681243, 0.0 ], [ -116.535517872984286, 43.528170065302227, 0.0 ], [ -116.535480142320125, 43.528163179365883, 0.0 ], [ -116.535429311626359, 43.52815578843213, 0.0 ], [ -116.535389142252455, 43.528150110979354, 0.0 ], [ -116.535339167850182, 43.528145690823507, 0.0 ], [ -116.5352933252871, 43.528144219866327, 0.0 ], [ -116.535247496925322, 43.528143938753239, 0.0 ], [ -116.535211518707044, 43.52814597259303, 0.0 ], [ -116.535171448506958, 43.528148033623218, 0.0 ], [ -116.535142055051182, 43.528152998920191, 0.0 ], [ -116.535101252134851, 43.528161614238151, 0.0 ], [ -116.535058882171754, 43.528175599622344, 0.0 ], [ -116.535002741187924, 43.528200396385074, 0.0 ], [ -116.534957978738589, 43.528219160699052, 0.0 ], [ -116.534918866344, 43.528231932805795, 0.0 ], [ -116.534871501731971, 43.528239402229509, 0.0 ], [ -116.53481588616043, 43.528241569851467, 0.0 ], [ -116.534768413480251, 43.528240705753767, 0.0 ], [ -116.534724924699105, 43.528231477371563, 0.0 ], [ -116.534676487730877, 43.528219307133135, 0.0 ], [ -116.534590149168153, 43.528187152355756, 0.0 ], [ -116.534554874035734, 43.528180250163132, 0.0 ], [ -116.534522144457611, 43.528180474753078, 0.0 ], [ -116.534482129454361, 43.528186702723296, 0.0 ], [ -116.534438971302563, 43.528203075006189, 0.0 ], [ -116.534381981520411, 43.528225495567618, 0.0 ], [ -116.534352641960297, 43.528234627852228, 0.0 ], [ -116.534306990963344, 43.528248039586657, 0.0 ], [ -116.534266943809371, 43.528251886881975, 0.0 ], [ -116.5342202504102, 43.528252065852072, 0.0 ] ] } },
{ "type": "Feature", "properties": { "OBJECTID": 3766, "UNIQID": "BPP678", "OWNER": "Private", "MANAGER": "Private", "STATUS": "Active", "INSTALLED": null, "FTR_FUNCTN": "Pathway", "FTR_TYP": "Connector", "OVPATHNAME": "Private Pathway", "SGPATHLMT": "Lava Springs Sub Only", "SRFMATRL": "Asphalt" }, "geometry": { "type": "LineString", "coordinates": [ [ -116.536026590849772, 43.528969160046778, 0.0 ], [ -116.535649036852448, 43.52894902615936, 0.0 ], [ -116.5354624763917, 43.528942688473201, 0.0 ] ] } },
{ "type": "Feature", "properties": { "OBJECTID": 4135, "UNIQID": "BPP679", "OWNER": "Private", "MANAGER": "Private", "STATUS": "Active", "INSTALLED": null, "FTR_FUNCTN": "Pathway", "FTR_TYP": "Pathway", "OVPATHNAME": "Private Pathway", "SGPATHLMT": "Lava Springs Sub Only", "SRFMATRL": "Asphalt" }, "geometry": { "type": "LineString", "coordinates": [ [ -116.536105446936958, 43.526340407399523, 0.0 ], [ -116.536127525290823, 43.526306532549235, 0.0 ], [ -116.536138923767837, 43.526276922094276, 0.0 ], [ -116.53614867955649, 43.526241797988639, 0.0 ], [ -116.536154468433651, 43.526203653348105, 0.0 ], [ -116.536157823005027, 43.526179624046009, 0.0 ], [ -116.536157893452213, 43.526144757361976, 0.0 ], [ -116.536154676036887, 43.526078476547731, 0.0 ], [ -116.536147580835092, 43.52603622863289, 0.0 ], [ -116.53613406279635, 43.525998358964671, 0.0 ], [ -116.536124154808704, 43.525961274581782, 0.0 ], [ -116.536120361673795, 43.525926291342429, 0.0 ], [ -116.536117554394892, 43.525891587562825, 0.0 ], [ -116.536116626619105, 43.525820146807803, 0.0 ], [ -116.536119026322879, 43.525654006603865, 0.0 ] ] } },
{ "type": "Feature", "properties": { "OBJECTID": 4136, "UNIQID": "BPP680", "OWNER": "Private", "MANAGER": "Private", "STATUS": "Active", "INSTALLED": null, "FTR_FUNCTN": "Pathway", "FTR_TYP": "Pathway", "OVPATHNAME": "Private Pathway", "SGPATHLMT": "Lava Springs Sub Only", "SRFMATRL": "Asphalt" }, "geometry": { "type": "LineString", "coordinates": [ [ -116.53611956879368, 43.525533271388618, 0.0 ], [ -116.536124311272104, 43.525438368681591, 0.0 ], [ -116.536128884773476, 43.525374749055523, 0.0 ], [ -116.536133440953378, 43.52530970105493, 0.0 ], [ -116.536135741279907, 43.525260029137378, 0.0 ], [ -116.536131447551512, 43.525231837152198, 0.0 ], [ -116.536121671122331, 43.525197252397021, 0.0 ], [ -116.536118474261912, 43.525177983874521, 0.0 ], [ -116.536123549975017, 43.525152941799924, 0.0 ], [ -116.536127838407353, 43.52514291016341, 0.0 ] ] } },
{ "type": "Feature", "properties": { "OBJECTID": 4137, "UNIQID": "BPP681", "OWNER": "Private", "MANAGER": "Private", "STATUS": "Active", "INSTALLED": "2016-05-05T07:00:00Z", "FTR_FUNCTN": "Pathway", "FTR_TYP": "Connector", "OVPATHNAME": "Stoddard Pathway", "SGPATHLMT": null, "SRFMATRL": "Concrete" }, "geometry": { "type": "LineString", "coordinates": [ [ -116.538397044792049, 43.528394868015248, 0.0 ], [ -116.538444566800038, 43.528399600785818, 0.0 ], [ -116.538467749644113, 43.528400509354469, 0.0 ], [ -116.53869785742738, 43.528401724292934, 0.0 ], [ -116.538733060690305, 43.528402970242283, 0.0 ], [ -116.538792459626592, 43.528408513852412, 0.0 ], [ -116.538937536803971, 43.528426863643681, 0.0 ], [ -116.539017297860383, 43.528434155980754, 0.0 ], [ -116.539099766122845, 43.528442712249664, 0.0 ], [ -116.539278499498096, 43.528469164431478, 0.0 ], [ -116.539372311010879, 43.528474409861225, 0.0 ], [ -116.539419683525523, 43.528477819180509, 0.0 ], [ -116.539514567560275, 43.528481541284371, 0.0 ] ] } },
{ "type": "Feature", "properties": { "OBJECTID": 4138, "UNIQID": "BPP682", "OWNER": "Private", "MANAGER": "Private", "STATUS": "Active", "INSTALLED": "2006-03-13T07:00:00Z", "FTR_FUNCTN": "Pathway", "FTR_TYP": "Pathway", "OVPATHNAME": "Private Pathway", "SGPATHLMT": "Clear Springs Sub Only", "SRFMATRL": "Concrete" }, "geometry": { "type": "LineString", "coordinates": [ [ -116.530839156137688, 43.533876771539504, 0.0 ], [ -116.530992177953181, 43.533875726345237, 0.0 ], [ -116.531087107821392, 43.53387567281645, 0.0 ], [ -116.531168149452313, 43.533877500840603, 0.0 ], [ -116.531215626537161, 43.533878367299245, 0.0 ], [ -116.531247732617032, 43.533879536799809, 0.0 ], [ -116.531368869468963, 43.533891093728926, 0.0 ], [ -116.531434154979166, 43.533897124792674, 0.0 ], [ -116.531454854240991, 43.533897936540754, 0.0 ], [ -116.531468476027385, 43.533898224184775, 0.0 ] ] } },
{ "type": "Feature", "properties": { "OBJECTID": 4139, "UNIQID": "BPP683", "OWNER": "Private", "MANAGER": "Private", "STATUS": "Active", "INSTALLED": "2006-03-13T07:00:00Z", "FTR_FUNCTN": "Pathway", "FTR_TYP": "Pathway", "OVPATHNAME": "Private Pathway", "SGPATHLMT": "Clear Springs Sub Only", "SRFMATRL": "Concrete" }, "geometry": { "type": "LineString", "coordinates": [ [ -116.531443233173292, 43.533189512430376, 0.0 ], [ -116.531440422504417, 43.533327886429163, 0.0 ], [ -116.531433753864988, 43.533419860391099, 0.0 ], [ -116.531438093705304, 43.533451743592167, 0.0 ], [ -116.531462047944729, 43.533481588073016, 0.0 ], [ -116.531477955939977, 43.533496721074705, 0.0 ], [ -116.531479375014726, 43.533511954011111, 0.0 ], [ -116.531477424255854, 43.533543404044437, 0.0 ], [ -116.531476624647155, 43.53358284827798, 0.0 ], [ -116.531479954829862, 43.533617691672262, 0.0 ], [ -116.531485216816577, 43.533660143179588, 0.0 ], [ -116.531485431818126, 43.53369710334637, 0.0 ], [ -116.531483631131678, 43.533740174705109, 0.0 ], [ -116.53147933597657, 43.533772593089068, 0.0 ], [ -116.531468476027385, 43.533898224184775, 0.0 ] ] } },
{ "type": "Feature", "properties": { "OBJECTID": 4140, "UNIQID": "BPP684", "OWNER": "Private", "MANAGER": "Private", "STATUS": "Active", "INSTALLED": "2006-03-13T07:00:00Z", "FTR_FUNCTN": "Pathway", "FTR_TYP": "Pathway", "OVPATHNAME": "Private Pathway", "SGPATHLMT": "Clear Springs Sub Only", "SRFMATRL": "Concrete" }, "geometry": { "type": "LineString", "coordinates": [ [ -116.531468476027385, 43.533898224184775, 0.0 ], [ -116.53147350750595, 43.533929626490774, 0.0 ], [ -116.531476974508124, 43.533954752150613, 0.0 ], [ -116.53147936785885, 43.53397778966918, 0.0 ], [ -116.531480456026259, 43.534001216859771, 0.0 ], [ -116.531480410257871, 43.534017983710903, 0.0 ], [ -116.531479919912641, 43.534040850114629, 0.0 ] ] } },
{ "type": "Feature", "properties": { "OBJECTID": 4141, "UNIQID": "BPP685", "OWNER": "Private", "MANAGER": "Private", "STATUS": "Active", "INSTALLED": "2006-03-13T07:00:00Z", "FTR_FUNCTN": "Pathway", "FTR_TYP": "Pathway", "OVPATHNAME": "Private Pathway", "SGPATHLMT": "Clear Springs Sub Only", "SRFMATRL": "Concrete" }, "geometry": { "type": "LineString", "coordinates": [ [ -116.531479919912641, 43.534040850114629, 0.0 ], [ -116.531506952947723, 43.534045427868342, 0.0 ], [ -116.531521670579082, 43.534049519124075, 0.0 ], [ -116.531541155734061, 43.534057768747452, 0.0 ], [ -116.531552254555464, 43.534065505020024, 0.0 ], [ -116.53155968288354, 43.534072884732097, 0.0 ], [ -116.531566369934396, 43.534083698968878, 0.0 ], [ -116.531571737038192, 43.534093759826781, 0.0 ], [ -116.531576133824075, 43.53410973390605, 0.0 ], [ -116.531579736425925, 43.534125141838011, 0.0 ], [ -116.531579837088316, 43.534153148388093, 0.0 ], [ -116.53157900824398, 43.534170111417517, 0.0 ], [ -116.531575569031844, 43.534187662967909, 0.0 ], [ -116.531570520535865, 43.534202367637945, 0.0 ], [ -116.531550181633818, 43.53422937076008, 0.0 ], [ -116.531543475879644, 43.534237418667814, 0.0 ], [ -116.531542049911948, 43.534248670015778, 0.0 ] ] } },
{ "type": "Feature", "properties": { "OBJECTID": 4142, "UNIQID": "BPP686", "OWNER": "Private", "MANAGER": "Private", "STATUS": "Active", "INSTALLED": "2006-03-13T07:00:00Z", "FTR_FUNCTN": "Pathway", "FTR_TYP": "Pathway", "OVPATHNAME": "Private Pathway", "SGPATHLMT": "Clear Springs Sub Only", "SRFMATRL": "Concrete" }, "geometry": { "type": "LineString", "coordinates": [ [ -116.531542049911948, 43.534248670015778, 0.0 ], [ -116.53159864781702, 43.53425114098868, 0.0 ], [ -116.53163324731716, 43.534253571505417, 0.0 ], [ -116.531682518990678, 43.534256473274191, 0.0 ], [ -116.531721581957584, 43.534259826474255, 0.0 ], [ -116.531746989833948, 43.534260224323504, 0.0 ], [ -116.531783926367851, 43.534261114911438, 0.0 ], [ -116.531831596141942, 43.534261741264544, 0.0 ], [ -116.532013891697972, 43.534260887865798, 0.0 ] ] } },
{ "type": "Feature", "properties": { "OBJECTID": 4143, "UNIQID": "BPP687", "OWNER": "Private", "MANAGER": "Private", "STATUS": "Active", "INSTALLED": "2006-03-13T07:00:00Z", "FTR_FUNCTN": "Pathway", "FTR_TYP": "Pathway", "OVPATHNAME": "Private Pathway", "SGPATHLMT": "Clear Springs Sub Only", "SRFMATRL": "Concrete" }, "geometry": { "type": "LineString", "coordinates": [ [ -116.531542049911948, 43.534248670015778, 0.0 ], [ -116.531515872470692, 43.53424942053401, 0.0 ], [ -116.531472161292157, 43.534251243221838, 0.0 ], [ -116.531433420880248, 43.534252651167591, 0.0 ], [ -116.531413530455339, 43.534253549516563, 0.0 ] ] } },
{ "type": "Feature", "properties": { "OBJECTID": 4144, "UNIQID": "BPP688", "OWNER": "Private", "MANAGER": "Private", "STATUS": "Active", "INSTALLED": "2006-03-13T07:00:00Z", "FTR_FUNCTN": "Pathway", "FTR_TYP": "Pathway", "OVPATHNAME": "Private Pathway", "SGPATHLMT": "Clear Springs Sub Only", "SRFMATRL": "Concrete" }, "geometry": { "type": "LineString", "coordinates": [ [ -116.531413530455339, 43.534253549516563, 0.0 ], [ -116.531392544211954, 43.534250835068335, 0.0 ], [ -116.531369442629398, 43.534246420344374, 0.0 ], [ -116.531342402123343, 43.534241270133052, 0.0 ], [ -116.531316654518704, 43.534234778001895, 0.0 ], [ -116.531297170551184, 43.534226718257727, 0.0 ], [ -116.531284251868044, 43.534219947624024, 0.0 ], [ -116.531276563749714, 43.534212760494995, 0.0 ], [ -116.531272266645743, 43.534204406140304, 0.0 ], [ -116.531268724371941, 43.534193761222348, 0.0 ], [ -116.531267751875546, 43.534179287635197, 0.0 ], [ -116.531269113052318, 43.53414269745106, 0.0 ], [ -116.531270919723397, 43.534120393629784, 0.0 ], [ -116.531276155530662, 43.534099971929741, 0.0 ], [ -116.531283836569017, 43.534086391535205, 0.0 ], [ -116.531291321756299, 43.534077957565302, 0.0 ], [ -116.531304030122641, 43.534068344748484, 0.0 ], [ -116.531317306046319, 43.534062156609274, 0.0 ], [ -116.531336338299923, 43.534055549278946, 0.0 ], [ -116.531376832030048, 43.53404803196932, 0.0 ], [ -116.531401935733328, 43.534045193341875, 0.0 ], [ -116.531425485512955, 43.534043698407658, 0.0 ], [ -116.531447464169531, 43.534042215107355, 0.0 ], [ -116.531467091029569, 43.534041127728514, 0.0 ], [ -116.531479919912641, 43.534040850114629, 0.0 ] ] } },
{ "type": "Feature", "properties": { "OBJECTID": 4145, "UNIQID": "BPP689", "OWNER": "Private", "MANAGER": "Private", "STATUS": "Active", "INSTALLED": "2006-03-13T07:00:00Z", "FTR_FUNCTN": "Pathway", "FTR_TYP": "Pathway", "OVPATHNAME": "Private Pathway", "SGPATHLMT": "Clear Springs Sub Only", "SRFMATRL": "Concrete" }, "geometry": { "type": "LineString", "coordinates": [ [ -116.531413530455339, 43.534253549516563, 0.0 ], [ -116.53141467791238, 43.534261352916438, 0.0 ], [ -116.531416666300302, 43.534273342428222, 0.0 ], [ -116.5314173224412, 43.534283626316657, 0.0 ], [ -116.53142149383207, 43.534302459823266, 0.0 ], [ -116.531426931053744, 43.534317855220273, 0.0 ], [ -116.531430994211917, 43.534328306647581, 0.0 ], [ -116.531437230532333, 43.534344839734835, 0.0 ], [ -116.531443753730372, 43.534363276415164, 0.0 ], [ -116.531446287570304, 43.534376976926822, 0.0 ], [ -116.531447013829862, 43.534392594447375, 0.0 ], [ -116.531448242489276, 43.534406685530762, 0.0 ], [ -116.53144868433921, 43.534420590266429, 0.0 ], [ -116.531447577198335, 43.534436221218314, 0.0 ], [ -116.531447552069281, 43.534474898650444, 0.0 ], [ -116.531448003764069, 43.534489565720321, 0.0 ], [ -116.531447329855197, 43.534518529890086, 0.0 ], [ -116.531447141131991, 43.534544442936841, 0.0 ], [ -116.531447166695742, 43.534566734235895, 0.0 ], [ -116.531447496359775, 43.53459226298844, 0.0 ], [ -116.531449798699185, 43.534608251386786, 0.0 ], [ -116.531453349371688, 43.534639853736472, 0.0 ], [ -116.531460735415465, 43.534684577024244, 0.0 ], [ -116.531463886061303, 43.534705512984402, 0.0 ], [ -116.531469827937087, 43.534739767844698, 0.0 ], [ -116.531490833518717, 43.534885947778591, 0.0 ], [ -116.531493632128701, 43.534899837303563, 0.0 ], [ -116.531497013082117, 43.53491829455745, 0.0 ], [ -116.531504619152798, 43.535000359615182, 0.0 ], [ -116.531507585071481, 43.535027203423169, 0.0 ], [ -116.531506864449938, 43.535052548527332, 0.0 ], [ -116.531505732707515, 43.535066274092223, 0.0 ] ] } },
{ "type": "Feature", "properties": { "OBJECTID": 4535, "UNIQID": "BPP690", "OWNER": "Nampa", "MANAGER": "Nampa", "STATUS": "Proposed", "INSTALLED": null, "FTR_FUNCTN": null, "FTR_TYP": "Pathway", "OVPATHNAME": null, "SGPATHLMT": null, "SRFMATRL": null }, "geometry": { "type": "LineString", "coordinates": [ [ -116.542220418287215, 43.628529548861238, 0.0 ], [ -116.542262709783131, 43.628454475004361, 0.0 ], [ -116.542270951658267, 43.628432984572527, 0.0 ], [ -116.542269619141095, 43.628331540227023, 0.0 ], [ -116.542272847602433, 43.628327707705132, 0.0 ], [ -116.542281320915208, 43.628323837931937, 0.0 ], [ -116.542298936761526, 43.628317047857038, 0.0 ], [ -116.542531701926464, 43.628315910481554, 0.0 ] ] } },
{ "type": "Feature", "properties": { "OBJECTID": 5335, "UNIQID": "BPP691", "OWNER": "Nampa", "MANAGER": "Nampa", "STATUS": "Proposed", "INSTALLED": null, "FTR_FUNCTN": "Pathway", "FTR_TYP": "Pathway", "OVPATHNAME": "Tenmile Creek Pathway", "SGPATHLMT": null, "SRFMATRL": null }, "geometry": { "type": "LineString", "coordinates": [ [ -116.473732237484086, 43.623355110475273, 0.0 ], [ -116.473902951246515, 43.623358989137934, 0.0 ], [ -116.474256956831624, 43.623277399707547, 0.0 ], [ -116.475973166833839, 43.622368897157749, 0.0 ], [ -116.477424847336508, 43.621605869649038, 0.0 ], [ -116.478442749866858, 43.6211034675081, 0.0 ], [ -116.478721951256077, 43.621047136129675, 0.0 ], [ -116.481086560873507, 43.620704730233726, 0.0 ], [ -116.481625140510531, 43.620646733547936, 0.0 ], [ -116.48338112309338, 43.620779298952485, 0.0 ], [ -116.484467818313803, 43.620886383731424, 0.0 ], [ -116.484796184028284, 43.620943784109386, 0.0 ], [ -116.488504531046871, 43.621634012476804, 0.0 ], [ -116.488641171539555, 43.62164304883845, 0.0 ], [ -116.489016171301728, 43.62160591074398, 0.0 ], [ -116.49329449091006, 43.621454191642876, 0.0 ], [ -116.493540345696857, 43.621462511063967, 0.0 ], [ -116.493806656959492, 43.621469044258134, 0.0 ], [ -116.498633728798481, 43.621470596013722, 0.0 ], [ -116.49877989406319, 43.62151372053593, 0.0 ], [ -116.502308100354867, 43.623192113937442, 0.0 ], [ -116.502478433414325, 43.623226258115736, 0.0 ], [ -116.503595096111596, 43.623236535258926, 0.0 ], [ -116.509203771555505, 43.623240998478614, 0.0 ], [ -116.509491176496084, 43.623303570281202, 0.0 ], [ -116.509571430999472, 43.62341899237358, 0.0 ], [ -116.509581298608182, 43.623951940162051, 0.0 ], [ -116.509683689642316, 43.624272766968431, 0.0 ], [ -116.509793002882731, 43.624492332497418, 0.0 ], [ -116.510204550735637, 43.625281456786254, 0.0 ], [ -116.512089945475211, 43.62530462645838, 0.0 ], [ -116.512976480989423, 43.62541183543113, 0.0 ], [ -116.513225309936161, 43.625473635456515, 0.0 ] ] } },
{ "type": "Feature", "properties": { "OBJECTID": 5336, "UNIQID": "BPP692", "OWNER": "Private", "MANAGER": "Nampa", "STATUS": "Active", "INSTALLED": "2019-09-30T07:00:00Z", "FTR_FUNCTN": "Pathway", "FTR_TYP": "Pathway", "OVPATHNAME": "Tenmile Creek Pathway", "SGPATHLMT": "Landry St to Can-Ada Rd", "SRFMATRL": "Asphalt" }, "geometry": { "type": "LineString", "coordinates": [ [ -116.513319988997296, 43.624824983514195, 0.0 ], [ -116.513444130744929, 43.624842253836867, 0.0 ], [ -116.513503227531444, 43.624849004186757, 0.0 ], [ -116.513589163007424, 43.624852240339138, 0.0 ], [ -116.513708481793074, 43.624850967097878, 0.0 ], [ -116.513910392440565, 43.624847502741154, 0.0 ], [ -116.515412493779792, 43.624842428036096, 0.0 ], [ -116.515570083839052, 43.624845432226415, 0.0 ], [ -116.515802135087483, 43.624855536994922, 0.0 ], [ -116.516011528763428, 43.624873661850877, 0.0 ], [ -116.516217741028612, 43.624899429746883, 0.0 ], [ -116.516388554434087, 43.624925910755763, 0.0 ], [ -116.516628673295585, 43.624973609400669, 0.0 ], [ -116.516840892587837, 43.625022425410307, 0.0 ], [ -116.517036543700129, 43.625079471155793, 0.0 ], [ -116.517232529426252, 43.6251407790228, 0.0 ], [ -116.517436911516384, 43.625213960191715, 0.0 ], [ -116.517650946191893, 43.625302296069009, 0.0 ], [ -116.517835215909017, 43.625392282447812, 0.0 ], [ -116.518019888422288, 43.625491770042011, 0.0 ], [ -116.518213523507882, 43.625610974236501, 0.0 ], [ -116.518414088407326, 43.625744670931354, 0.0 ], [ -116.518500629976003, 43.625810046238414, 0.0 ], [ -116.518623919444266, 43.625914481129008, 0.0 ], [ -116.518742828560278, 43.626020624039597, 0.0 ], [ -116.518862801972944, 43.626136739141145, 0.0 ], [ -116.518974515852648, 43.626258874677895, 0.0 ], [ -116.519079735319565, 43.626385817156802, 0.0 ], [ -116.519160692564114, 43.626497930623025, 0.0 ], [ -116.519293547302524, 43.626698487535329, 0.0 ], [ -116.519304986837469, 43.626721510868215, 0.0 ], [ -116.519308475232563, 43.626737756806214, 0.0 ] ] } },
{ "type": "Feature", "properties": { "OBJECTID": 5735, "UNIQID": "BPP693", "OWNER": "Nampa", "MANAGER": "Nampa", "STATUS": "Proposed", "INSTALLED": null, "FTR_FUNCTN": "Pathway", "FTR_TYP": "Pathway", "OVPATHNAME": "Elijah Pathway", "SGPATHLMT": null, "SRFMATRL": null }, "geometry": { "type": "LineString", "coordinates": [ [ -116.614540110410957, 43.601269327923781, 0.0 ], [ -116.616964315382589, 43.605227604527535, 0.0 ], [ -116.618659467300716, 43.605921363084846, 0.0 ], [ -116.622232033001751, 43.607193795999699, 0.0 ], [ -116.623089510558131, 43.607841640154248, 0.0 ], [ -116.625672176529676, 43.609502152267758, 0.0 ], [ -116.632809391741759, 43.614712409512158, 0.0 ] ] } },
{ "type": "Feature", "properties": { "OBJECTID": 5736, "UNIQID": "BPP694", "OWNER": "Nampa", "MANAGER": "Nampa", "STATUS": "Active", "INSTALLED": "2022-06-20T07:00:00Z", "FTR_FUNCTN": "Pathway", "FTR_TYP": "Pathway", "OVPATHNAME": "Elijah Pathway", "SGPATHLMT": "Middleton Rd to Karcher Rd", "SRFMATRL": "Asphalt" }, "geometry": { "type": "LineString", "coordinates": [ [ -116.614055577269966, 43.600328364846185, 0.0 ], [ -116.614593201578629, 43.60124519142876, 0.0 ] ] } },
{ "type": "Feature", "properties": { "OBJECTID": 5737, "UNIQID": "BPP695", "OWNER": "Nampa", "MANAGER": "Nampa", "STATUS": "Proposed", "INSTALLED": null, "FTR_FUNCTN": "Pathway", "FTR_TYP": "Pathway", "OVPATHNAME": "Elijah Pathway", "SGPATHLMT": null, "SRFMATRL": null }, "geometry": { "type": "MultiLineString", "coordinates": [ [ [ -116.503279049901167, 43.514940837582742, 0.0 ], [ -116.503213384125857, 43.517578669081608, 0.0 ], [ -116.506207341006245, 43.517587574154717, 0.0 ], [ -116.506107068746033, 43.519021605600827, 0.0 ], [ -116.507254613522264, 43.521006392711136, 0.0 ], [ -116.508748980776261, 43.52079581389318, 0.0 ], [ -116.508876676929447, 43.521554650801924, 0.0 ], [ -116.509547240252786, 43.521621866656247, 0.0 ], [ -116.510181292688969, 43.521918659896123, 0.0 ], [ -116.511194624199803, 43.522614267977914, 0.0 ], [ -116.511573362442434, 43.522970088036537, 0.0 ], [ -116.511037356814626, 43.524206352624809, 0.0 ], [ -116.510466146830822, 43.524210153379329, 0.0 ], [ -116.51058329162764, 43.527262445573712, 0.0 ], [ -116.511665230781702, 43.527140573762338, 0.0 ], [ -116.511963043182973, 43.527324927119871, 0.0 ], [ -116.512302057908329, 43.527652341214946, 0.0 ], [ -116.512744624133788, 43.528380405978311, 0.0 ], [ -116.512652968084538, 43.532050433429504, 0.0 ], [ -116.513018946375752, 43.532193319636292, 0.0 ], [ -116.513002657737957, 43.533471856962684, 0.0 ] ], [ [ -116.525397431423428, 43.540781369698877, 0.0 ], [ -116.52554455054775, 43.540879498341688, 0.0 ], [ -116.52585354280842, 43.541087581509593, 0.0 ] ] ] } },
{ "type": "Feature", "properties": { "OBJECTID": 5738, "UNIQID": "BPP696", "OWNER": "Nampa", "MANAGER": "Nampa", "STATUS": "Active", "INSTALLED": "2022-07-14T07:00:00Z", "FTR_FUNCTN": "Pathway", "FTR_TYP": "Pathway", "OVPATHNAME": "Elijah Pathway", "SGPATHLMT": "Happy Valley Rd to Greenhusrt Rd", "SRFMATRL": "Asphalt" }, "geometry": { "type": "LineString", "coordinates": [ [ -116.528945593245894, 43.542705553470363, 0.0 ], [ -116.527598429337502, 43.541895939891937, 0.0 ], [ -116.526227401678398, 43.541060752316994, 0.0 ] ] } },
{ "type": "Feature", "properties": { "OBJECTID": 5739, "UNIQID": "BPP697", "OWNER": "Nampa", "MANAGER": "Nampa", "STATUS": "Active", "INSTALLED": "2022-07-14T07:00:00Z", "FTR_FUNCTN": "Pathway", "FTR_TYP": "Connector", "OVPATHNAME": "Elijah Pathway", "SGPATHLMT": null, "SRFMATRL": "Asphalt" }, "geometry": { "type": "LineString", "coordinates": [ [ -116.527970275888123, 43.541439014816369, 0.0 ], [ -116.527731922812762, 43.541440628383555, 0.0 ], [ -116.527708249578993, 43.54144555285059, 0.0 ], [ -116.527683851572505, 43.54145762648767, 0.0 ], [ -116.52766602930518, 43.541472037106381, 0.0 ], [ -116.527355561684075, 43.541747995305187, 0.0 ] ] } },
{ "type": "Feature", "properties": { "OBJECTID": 5740, "UNIQID": "BPP698", "OWNER": "Nampa", "MANAGER": "Nampa", "STATUS": "Proposed", "INSTALLED": null, "FTR_FUNCTN": "Pathway", "FTR_TYP": "Pathway", "OVPATHNAME": "Mason Creek Pathway", "SGPATHLMT": null, "SRFMATRL": null }, "geometry": { "type": "LineString", "coordinates": [ [ -116.579261537135309, 43.638377281865871, 0.0 ], [ -116.57968029292573, 43.638750469361824, 0.0 ], [ -116.580555253274653, 43.639025314893182, 0.0 ], [ -116.581783820209679, 43.639203848051686, 0.0 ], [ -116.583133569169235, 43.639979034551544, 0.0 ], [ -116.583305928002844, 43.640144664526233, 0.0 ], [ -116.583526803520925, 43.640205095559082, 0.0 ], [ -116.583561155241483, 43.64025560548189, 0.0 ], [ -116.583487961084131, 43.640391502105956, 0.0 ], [ -116.584449999108713, 43.640863817930502, 0.0 ], [ -116.585484709248021, 43.641303195266424, 0.0 ] ] } },
{ "type": "Feature", "properties": { "OBJECTID": 5741, "UNIQID": "BPP699", "OWNER": "Private", "MANAGER": "Nampa", "STATUS": "Active", "INSTALLED": "2021-09-30T07:00:00Z", "FTR_FUNCTN": "Pathway", "FTR_TYP": "Pathway", "OVPATHNAME": "Mason Creek Pathway", "SGPATHLMT": "RR Tracks to Ustick Rd", "SRFMATRL": "Asphalt" }, "geometry": { "type": "LineString", "coordinates": [ [ -116.577684440309611, 43.637382224350603, 0.0 ], [ -116.578894282077641, 43.638534214257305, 0.0 ] ] } },
{ "type": "Feature", "properties": { "OBJECTID": 5742, "UNIQID": "BPP700", "OWNER": "Nampa", "MANAGER": "Nampa", "STATUS": "Active", "INSTALLED": "2021-09-30T07:00:00Z", "FTR_FUNCTN": "Pathway", "FTR_TYP": "Connector", "OVPATHNAME": "Mason Creek Pathway", "SGPATHLMT": null, "SRFMATRL": "Concrete" }, "geometry": { "type": "LineString", "coordinates": [ [ -116.578146224601937, 43.638372353763948, 0.0 ], [ -116.578503531595445, 43.638162154840892, 0.0 ] ] } },
{ "type": "Feature", "properties": { "OBJECTID": 5743, "UNIQID": "BPP701", "OWNER": "Nampa", "MANAGER": "Nampa", "STATUS": "Active", "INSTALLED": "2021-07-12T07:00:00Z", "FTR_FUNCTN": "Pathway", "FTR_TYP": "Pathway", "OVPATHNAME": "Elijah Pathway", "SGPATHLMT": "Middleton Rd to Karcher Rd", "SRFMATRL": "Asphalt" }, "geometry": { "type": "LineString", "coordinates": [ [ -116.613246643031758, 43.599618823036138, 0.0 ], [ -116.613389170407416, 43.599617150794707, 0.0 ], [ -116.613418712231208, 43.599620500204907, 0.0 ], [ -116.613441759878526, 43.599628066163731, 0.0 ], [ -116.613471513318103, 43.59964629816514, 0.0 ], [ -116.613725843533913, 43.599843236121224, 0.0 ], [ -116.614055577269966, 43.600328364846185, 0.0 ] ] } },
{ "type": "Feature", "properties": { "OBJECTID": 5744, "UNIQID": "BPP702", "OWNER": "Nampa", "MANAGER": "Nampa", "STATUS": "Proposed", "INSTALLED": null, "FTR_FUNCTN": "Pathway", "FTR_TYP": "Pathway", "OVPATHNAME": "Joseph Pathway", "SGPATHLMT": null, "SRFMATRL": null }, "geometry": { "type": "LineString", "coordinates": [ [ -116.593120850249662, 43.574144138065577, 0.0 ], [ -116.593247043501449, 43.574159371552511, 0.0 ], [ -116.593380720915093, 43.5741799368651, 0.0 ], [ -116.593492093964926, 43.574195278513081, 0.0 ], [ -116.593640816257775, 43.57423189584815, 0.0 ], [ -116.593908773613947, 43.574316122867486, 0.0 ], [ -116.594177409042942, 43.574448835146733, 0.0 ], [ -116.594424794935122, 43.574651746954999, 0.0 ], [ -116.594557455436174, 43.5747805092969, 0.0 ], [ -116.59464905571852, 43.574921982916855, 0.0 ], [ -116.594862852947628, 43.57524117099161, 0.0 ], [ -116.595098362162418, 43.575654293257763, 0.0 ], [ -116.595219710759878, 43.575852745961143, 0.0 ], [ -116.595281052528932, 43.576004444809925, 0.0 ] ] } },
{ "type": "Feature", "properties": { "OBJECTID": 5745, "UNIQID": "BPP703", "OWNER": "Nampa", "MANAGER": "Nampa", "STATUS": "Active", "INSTALLED": "2020-04-20T07:00:00Z", "FTR_FUNCTN": "Pathway", "FTR_TYP": "Pathway", "OVPATHNAME": "Joseph Pathway", "SGPATHLMT": "Smith Ave to Lone Star Rd", "SRFMATRL": "Asphalt" }, "geometry": { "type": "LineString", "coordinates": [ [ -116.596271009299514, 43.577767258318524, 0.0 ], [ -116.596013254071906, 43.577320583239967, 0.0 ] ] } },
{ "type": "Feature", "properties": { "OBJECTID": 5746, "UNIQID": "BPP704", "OWNER": "Nampa", "MANAGER": "Nampa", "STATUS": "Active", "INSTALLED": "2020-04-20T07:00:00Z", "FTR_FUNCTN": "Multiuse", "FTR_TYP": "Pathway", "OVPATHNAME": "Joseph Pathway", "SGPATHLMT": "Smith Ave to Lone Star Rd", "SRFMATRL": "Asphalt" }, "geometry": { "type": "LineString", "coordinates": [ [ -116.596013254071906, 43.577320583239967, 0.0 ], [ -116.595953359538143, 43.577224377762626, 0.0 ] ] } },
{ "type": "Feature", "properties": { "OBJECTID": 5747, "UNIQID": "BPP705", "OWNER": "Nampa", "MANAGER": "Nampa", "STATUS": "Active", "INSTALLED": "2020-04-20T07:00:00Z", "FTR_FUNCTN": "Pathway", "FTR_TYP": "Pathway", "OVPATHNAME": "Joseph Pathway", "SGPATHLMT": "Smith Ave to Lone Star Rd", "SRFMATRL": "Asphalt" }, "geometry": { "type": "LineString", "coordinates": [ [ -116.595953359538143, 43.577224377762626, 0.0 ], [ -116.595343105269393, 43.576186144527654, 0.0 ] ] } },
{ "type": "Feature", "properties": { "OBJECTID": 5748, "UNIQID": "BPP706", "OWNER": "Nampa", "MANAGER": "Nampa", "STATUS": "Active", "INSTALLED": "2020-04-20T07:00:00Z", "FTR_FUNCTN": "Pathway", "FTR_TYP": "Pathway", "OVPATHNAME": "Joseph Pathway", "SGPATHLMT": "Smith Ave to Lone Star Rd", "SRFMATRL": "Concrete" }, "geometry": { "type": "LineString", "coordinates": [ [ -116.595343105269393, 43.576186144527654, 0.0 ], [ -116.59534007409323, 43.576180986791904, 0.0 ], [ -116.595329881962982, 43.5761838912115, 0.0 ], [ -116.595303114566178, 43.576162560236078, 0.0 ], [ -116.595272608401032, 43.576136111852961, 0.0 ], [ -116.595248964135294, 43.576113233881472, 0.0 ], [ -116.59523333668092, 43.576101346418838, 0.0 ], [ -116.595218833814585, 43.576094975532527, 0.0 ], [ -116.595200705533031, 43.576091680130396, 0.0 ], [ -116.595180775819088, 43.576090684330254, 0.0 ], [ -116.595000913393122, 43.576084392665919, 0.0 ] ] } },
{ "type": "Feature", "properties": { "OBJECTID": 5749, "UNIQID": "BPP707", "OWNER": "Nampa", "MANAGER": "Nampa", "STATUS": "Active", "INSTALLED": "2018-05-30T07:00:00Z", "FTR_FUNCTN": "Multiuse", "FTR_TYP": "Pathway", "OVPATHNAME": "Joseph Pathway", "SGPATHLMT": "Smith Ave to Lone Star Rd", "SRFMATRL": "Asphalt" }, "geometry": { "type": "LineString", "coordinates": [ [ -116.600585948401957, 43.583294937095673, 0.0 ], [ -116.600557593632345, 43.58312613228221, 0.0 ] ] } },
{ "type": "Feature", "properties": { "OBJECTID": 5750, "UNIQID": "BPP708", "OWNER": "Nampa", "MANAGER": "Nampa", "STATUS": "Active", "INSTALLED": "2019-09-30T07:00:00Z", "FTR_FUNCTN": "Multiuse", "FTR_TYP": "Pathway", "OVPATHNAME": "Tenmile Creek Pathway", "SGPATHLMT": "Landry St", "SRFMATRL": "Concrete" }, "geometry": { "type": "LineString", "coordinates": [ [ -116.519308475232563, 43.626737756806214, 0.0 ], [ -116.519279636229001, 43.626737782564483, 0.0 ], [ -116.519211766348349, 43.626759495281206, 0.0 ], [ -116.519180236787179, 43.626759585924603, 0.0 ], [ -116.519179901894873, 43.626770249032305, 0.0 ] ] } },
{ "type": "Feature", "properties": { "OBJECTID": 5751, "UNIQID": "BPP709", "OWNER": "Nampa", "MANAGER": "Nampa", "STATUS": "Active", "INSTALLED": "2019-09-30T07:00:00Z", "FTR_FUNCTN": "Multiuse", "FTR_TYP": "Pathway", "OVPATHNAME": "Tenmile Creek Pathway", "SGPATHLMT": "Can Ada Rd", "SRFMATRL": "Concrete" }, "geometry": { "type": "LineString", "coordinates": [ [ -116.513319578161784, 43.625518013134823, 0.0 ], [ -116.513319988997296, 43.624824983514195, 0.0 ] ] } },
{ "type": "Feature", "properties": { "OBJECTID": 6135, "UNIQID": "BPP710", "OWNER": "Nampa", "MANAGER": "Nampa", "STATUS": "Active", "INSTALLED": null, "FTR_FUNCTN": "Pathway", "FTR_TYP": "Pathway", "OVPATHNAME": "Park Ridge Pathway", "SGPATHLMT": null, "SRFMATRL": "Asphalt" }, "geometry": { "type": "LineString", "coordinates": [ [ -116.527925694751545, 43.567975011046002, 0.0 ], [ -116.527954267420995, 43.567986961867973, 0.0 ], [ -116.527967960639756, 43.567992203668226, 0.0 ], [ -116.527982152929397, 43.56799553652727, 0.0 ], [ -116.527998431030014, 43.567998093692943, 0.0 ], [ -116.528017826184495, 43.567998533275869, 0.0 ], [ -116.528035096302204, 43.567996701025677, 0.0 ], [ -116.528051553427389, 43.567992777938144, 0.0 ], [ -116.52806464238185, 43.567987139649489, 0.0 ], [ -116.528159497103871, 43.567936510665184, 0.0 ] ] } },
{ "type": "Feature", "properties": { "OBJECTID": 6136, "UNIQID": "BPP711", "OWNER": "Nampa", "MANAGER": "Nampa", "STATUS": "Active", "INSTALLED": "2008-09-30T07:00:00Z", "FTR_FUNCTN": "Pathway", "FTR_TYP": "Pathway", "OVPATHNAME": "Amity Dog Park Pathway", "SGPATHLMT": "Amity Dog Park Only", "SRFMATRL": "Asphalt" }, "geometry": { "type": "LineString", "coordinates": [ [ -116.536304101745301, 43.562590875064309, 0.0 ], [ -116.536294155546045, 43.562582943243953, 0.0 ], [ -116.536271373111575, 43.562568810596879, 0.0 ], [ -116.536248160948944, 43.562559324597395, 0.0 ], [ -116.536219049018342, 43.562549522720744, 0.0 ], [ -116.536191953646579, 43.562543635974009, 0.0 ], [ -116.536158978318369, 43.56253886169268, 0.0 ], [ -116.536124541590695, 43.562535168588411, 0.0 ], [ -116.536086185717295, 43.562532217113421, 0.0 ], [ -116.536045386961661, 43.562530354459561, 0.0 ], [ -116.536001140602181, 43.562527800802215, 0.0 ], [ -116.535958836478073, 43.562523447045585, 0.0 ], [ -116.535931769013615, 43.562519704120902, 0.0 ], [ -116.535908158435191, 43.562517365909528, 0.0 ], [ -116.535893907930316, 43.562517106525803, 0.0 ], [ -116.535876243561418, 43.562518656437085, 0.0 ] ] } },
{ "type": "Feature", "properties": { "OBJECTID": 6536, "UNIQID": "BPP712", "OWNER": "Nampa", "MANAGER": "Nampa", "STATUS": "Active", "INSTALLED": null, "FTR_FUNCTN": "Pathway", "FTR_TYP": "Connector", "OVPATHNAME": "Osborne Park Pathway", "SGPATHLMT": null, "SRFMATRL": "Asphalt" }, "geometry": { "type": "LineString", "coordinates": [ [ -116.519514753594706, 43.538797956876429, 0.0 ], [ -116.519174559574211, 43.538574840864989, 0.0 ] ] } },
{ "type": "Feature", "properties": { "OBJECTID": 6538, "UNIQID": "BPP714", "OWNER": "Private", "MANAGER": "Private", "STATUS": "Active", "INSTALLED": null, "FTR_FUNCTN": "Pathway", "FTR_TYP": "Connector", "OVPATHNAME": "Private Pathway", "SGPATHLMT": null, "SRFMATRL": "Concrete" }, "geometry": { "type": "LineString", "coordinates": [ [ -116.601971011240309, 43.553251727156457, 0.0 ], [ -116.601983767503214, 43.553499903981418, 0.0 ] ] } },
{ "type": "Feature", "properties": { "OBJECTID": 6539, "UNIQID": "BPP715", "OWNER": "Private", "MANAGER": "Private", "STATUS": "Active", "INSTALLED": null, "FTR_FUNCTN": "Pathway", "FTR_TYP": "Trail", "OVPATHNAME": "West Park Fitness Trail", "SGPATHLMT": "West Middle School to West Park", "SRFMATRL": "Asphalt" }, "geometry": { "type": "LineString", "coordinates": [ [ -116.587959508037656, 43.572587805629333, 0.0 ], [ -116.588020799301717, 43.572567350434397, 0.0 ], [ -116.588052116070656, 43.572558071124945, 0.0 ], [ -116.588086510443347, 43.572548875458601, 0.0 ], [ -116.588110227193027, 43.572544069605584, 0.0 ], [ -116.588135410269629, 43.57254126565131, 0.0 ], [ -116.588165499886912, 43.572537948658422, 0.0 ], [ -116.588200197751704, 43.572536265780684, 0.0 ], [ -116.588243564346172, 43.572536292554496, 0.0 ], [ -116.590729254436638, 43.572530986875833, 0.0 ] ] } },
{ "type": "Feature", "properties": { "OBJECTID": 6935, "UNIQID": "BPP716", "OWNER": "Private", "MANAGER": "Nampa", "STATUS": "Active", "INSTALLED": null, "FTR_FUNCTN": "Pathway", "FTR_TYP": "Pathway", "OVPATHNAME": "Edwards Pathway", "SGPATHLMT": "Midland Blvd to Good property", "SRFMATRL": "Asphalt" }, "geometry": { "type": "LineString", "coordinates": [ [ -116.602654269232744, 43.55043750907295, 0.0 ], [ -116.602486374768958, 43.550431616900958, 0.0 ], [ -116.602432252992685, 43.550424875328673, 0.0 ], [ -116.602373177936855, 43.550415193974651, 0.0 ], [ -116.602336297617271, 43.550414058453079, 0.0 ], [ -116.602219348166201, 43.550419913338288, 0.0 ], [ -116.601049835884595, 43.550438152112747, 0.0 ], [ -116.600174006100019, 43.550451801939637, 0.0 ] ] } },
{ "type": "Feature", "properties": { "OBJECTID": 7339, "UNIQID": "BPP717", "OWNER": "Nampa", "MANAGER": "Nampa", "STATUS": "Active", "INSTALLED": "2018-09-01T07:00:00Z", "FTR_FUNCTN": "Multiuse", "FTR_TYP": "Pathway", "OVPATHNAME": "Orah Brandt Park Pathway", "SGPATHLMT": "Orah Brandt Park Only", "SRFMATRL": "Asphalt" }, "geometry": { "type": "LineString", "coordinates": [ [ -116.551456455286669, 43.619463454585407, 0.0 ], [ -116.551169604564123, 43.619461019714237, 0.0 ] ] } },
{ "type": "Feature", "properties": { "OBJECTID": 7340, "UNIQID": "BPP718", "OWNER": "Nampa", "MANAGER": "Nampa", "STATUS": "Active", "INSTALLED": "2022-08-10T07:00:00Z", "FTR_FUNCTN": "Pathway", "FTR_TYP": "Pathway", "OVPATHNAME": "Orah Brandt Park Pathway", "SGPATHLMT": "Orah Brandt Park Only", "SRFMATRL": "Concrete" }, "geometry": { "type": "LineString", "coordinates": [ [ -116.549748157535845, 43.619207242728251, 0.0 ], [ -116.54975380368306, 43.61913369510907, 0.0 ] ] } },
{ "type": "Feature", "properties": { "OBJECTID": 7341, "UNIQID": "BPP719", "OWNER": "Nampa", "MANAGER": "Nampa", "STATUS": "Active", "INSTALLED": "2022-08-10T07:00:00Z", "FTR_FUNCTN": "Multiuse", "FTR_TYP": "Pathway", "OVPATHNAME": "Orah Brandt Park Pathway", "SGPATHLMT": "Orah Brandt Park Only", "SRFMATRL": "Asphalt" }, "geometry": { "type": "LineString", "coordinates": [ [ -116.549177330450604, 43.61946127189853, 0.0 ], [ -116.549406603256557, 43.619446570451522, 0.0 ], [ -116.549673461407878, 43.619423269737297, 0.0 ], [ -116.549752824995693, 43.61940654051061, 0.0 ] ] } },
{ "type": "Feature", "properties": { "OBJECTID": 7342, "UNIQID": "BPP720", "OWNER": "Nampa", "MANAGER": "Nampa", "STATUS": "Active", "INSTALLED": "2022-08-10T07:00:00Z", "FTR_FUNCTN": "Pathway", "FTR_TYP": "Pathway", "OVPATHNAME": "Orah Brandt Park Pathway", "SGPATHLMT": "Orah Brandt Park Only", "SRFMATRL": "Concrete" }, "geometry": { "type": "LineString", "coordinates": [ [ -116.550000013855282, 43.61856569713725, 0.0 ], [ -116.550048082802746, 43.618499077759509, 0.0 ], [ -116.550067422464636, 43.618466626769234, 0.0 ] ] } },
{ "type": "Feature", "properties": { "OBJECTID": 7343, "UNIQID": "BPP721", "OWNER": "Private", "MANAGER": "Private", "STATUS": "Active", "INSTALLED": null, "FTR_FUNCTN": "Pathway", "FTR_TYP": "Connector", "OVPATHNAME": "Edwards Pathway", "SGPATHLMT": null, "SRFMATRL": "Concrete" }, "geometry": { "type": "LineString", "coordinates": [ [ -116.597220181674246, 43.550755499549943, 0.0 ], [ -116.597191284975807, 43.550687765670659, 0.0 ], [ -116.597176979658045, 43.550648337646514, 0.0 ], [ -116.597163256825269, 43.550603666624106, 0.0 ], [ -116.597154885455495, 43.550567052496277, 0.0 ], [ -116.597147115319729, 43.550526622817806, 0.0 ], [ -116.597143327408631, 43.550489974725316, 0.0 ], [ -116.597143481688065, 43.550454250644997, 0.0 ], [ -116.597141519646115, 43.550420993264403, 0.0 ] ] } },
{ "type": "Feature", "properties": { "OBJECTID": 7344, "UNIQID": "BPP722", "OWNER": "Nampa", "MANAGER": "Nampa", "STATUS": "Active", "INSTALLED": null, "FTR_FUNCTN": "Multiuse", "FTR_TYP": "Pathway", "OVPATHNAME": "Grimes Creek Pathway", "SGPATHLMT": null, "SRFMATRL": "Asphalt" }, "geometry": { "type": "LineString", "coordinates": [ [ -116.553077469010503, 43.616772599461989, 0.0 ], [ -116.553187818710484, 43.616771992503217, 0.0 ], [ -116.553312995147493, 43.61677226956553, 0.0 ], [ -116.553320925037454, 43.616772238142978, 0.0 ] ] } },
{ "type": "Feature", "properties": { "OBJECTID": 7345, "UNIQID": "BPP723", "OWNER": "Nampa", "MANAGER": "Nampa", "STATUS": "Active", "INSTALLED": "2018-05-30T07:00:00Z", "FTR_FUNCTN": "Multiuse", "FTR_TYP": "Pathway", "OVPATHNAME": "Joseph Pathway", "SGPATHLMT": "Smith Ave to Lone Star Rd", "SRFMATRL": "Concrete" }, "geometry": { "type": "LineString", "coordinates": [ [ -116.600557593632345, 43.58312613228221, 0.0 ], [ -116.600464724027091, 43.583126823211188, 0.0 ] ] } },
{ "type": "Feature", "properties": { "OBJECTID": 7743, "UNIQID": "BPP724", "OWNER": "Private", "MANAGER": "Private", "STATUS": "Active", "INSTALLED": null, "FTR_FUNCTN": "Pathway", "FTR_TYP": "Connector", "OVPATHNAME": "Creekside Pathway", "SGPATHLMT": null, "SRFMATRL": "Asphalt" }, "geometry": { "type": "LineString", "coordinates": [ [ -116.605966637301094, 43.563375685671787, 0.0 ], [ -116.606310400493882, 43.563194565447425, 0.0 ] ] } },
{ "type": "Feature", "properties": { "OBJECTID": 7744, "UNIQID": "BPP725", "OWNER": "Private", "MANAGER": "Private", "STATUS": "Active", "INSTALLED": null, "FTR_FUNCTN": "Pathway", "FTR_TYP": "Connector", "OVPATHNAME": "Creekside Pathway", "SGPATHLMT": null, "SRFMATRL": "Asphalt" }, "geometry": { "type": "LineString", "coordinates": [ [ -116.606310400493882, 43.563194565447425, 0.0 ], [ -116.606540259163992, 43.563073457690564, 0.0 ] ] } },
{ "type": "Feature", "properties": { "OBJECTID": 7745, "UNIQID": "BPP726", "OWNER": "Private", "MANAGER": "Nampa", "STATUS": "Active", "INSTALLED": "2006-05-26T07:00:00Z", "FTR_FUNCTN": "Pathway", "FTR_TYP": "Pathway", "OVPATHNAME": "Orr Pathway", "SGPATHLMT": "Lake Lowell Ave to Iowa Ave", "SRFMATRL": "Concrete" }, "geometry": { "type": "LineString", "coordinates": [ [ -116.603941370764474, 43.55973861913921, 0.0 ], [ -116.603958713223179, 43.559761869193835, 0.0 ], [ -116.603983555424335, 43.559790041761715, 0.0 ], [ -116.604026583122831, 43.559828237176731, 0.0 ], [ -116.604052524214609, 43.55985174522376, 0.0 ], [ -116.604066688032674, 43.559865607401775, 0.0 ], [ -116.60407919049814, 43.559885406548418, 0.0 ], [ -116.604088236288902, 43.559907771643147, 0.0 ], [ -116.604096202434604, 43.559936071162006, 0.0 ], [ -116.604104258250246, 43.559970717623322, 0.0 ], [ -116.604112770213703, 43.559996472937641, 0.0 ], [ -116.604122847939124, 43.560019424395655, 0.0 ], [ -116.604137311915409, 43.560044541163634, 0.0 ], [ -116.604155705496481, 43.560069375637781, 0.0 ], [ -116.604193621449781, 43.560116497817774, 0.0 ], [ -116.604224469821418, 43.560157746434989, 0.0 ], [ -116.604248250600506, 43.560193122395425, 0.0 ], [ -116.604262157552142, 43.560220069642831, 0.0 ], [ -116.604275228104683, 43.560248790964671, 0.0 ], [ -116.604289139278919, 43.560285933782261, 0.0 ], [ -116.604304244977584, 43.560325183842529, 0.0 ], [ -116.604315061135637, 43.560349228804832, 0.0 ], [ -116.604328798923319, 43.560374098041272, 0.0 ], [ -116.60434835131683, 43.560398500769033, 0.0 ], [ -116.604376151480764, 43.56043003737647, 0.0 ], [ -116.604390946269774, 43.560447280130631, 0.0 ], [ -116.60440172572649, 43.560463556464072, 0.0 ], [ -116.60441067690499, 43.560484379440517, 0.0 ], [ -116.604415655842899, 43.560507197955019, 0.0 ], [ -116.60442037608145, 43.560552875027845, 0.0 ], [ -116.604427207749936, 43.560583298269783, 0.0 ], [ -116.604435138253038, 43.560609057902901, 0.0 ], [ -116.604455987337502, 43.560641912902696, 0.0 ] ] } },
{ "type": "Feature", "properties": { "OBJECTID": 7746, "UNIQID": "BPP727", "OWNER": "Nampa", "MANAGER": "Nampa", "STATUS": "Active", "INSTALLED": "2006-05-26T07:00:00Z", "FTR_FUNCTN": "Multiuse", "FTR_TYP": "Pathway", "OVPATHNAME": "Orr Pathway", "SGPATHLMT": "Lake Lowell Ave to Iowa Ave", "SRFMATRL": "Asphalt" }, "geometry": { "type": "LineString", "coordinates": [ [ -116.603869084239079, 43.559605254302411, 0.0 ], [ -116.603882399306713, 43.559633345565707, 0.0 ], [ -116.603926570063564, 43.559709017785174, 0.0 ], [ -116.603941370764474, 43.55973861913921, 0.0 ] ] } },
{ "type": "Feature", "properties": { "OBJECTID": 7747, "UNIQID": "BPP728", "OWNER": "Private", "MANAGER": "Nampa", "STATUS": "Active", "INSTALLED": "2006-05-26T07:00:00Z", "FTR_FUNCTN": "Pathway", "FTR_TYP": "Pathway", "OVPATHNAME": "Orr Pathway", "SGPATHLMT": "Lake Lowell Ave to Iowa Ave", "SRFMATRL": "Concrete" }, "geometry": { "type": "LineString", "coordinates": [ [ -116.604531905162446, 43.560776562567717, 0.0 ], [ -116.604546736737205, 43.560804192354517, 0.0 ], [ -116.604559761430977, 43.560819755200093, 0.0 ], [ -116.604598037276162, 43.560851213445645, 0.0 ], [ -116.604621621135919, 43.56087262370918, 0.0 ], [ -116.604636997795325, 43.560889862080259, 0.0 ], [ -116.604650757901865, 43.56090806125551, 0.0 ], [ -116.60466257328423, 43.560928610766219, 0.0 ], [ -116.604674696661732, 43.560962803718496, 0.0 ], [ -116.604694062576073, 43.561015142851296, 0.0 ], [ -116.60470246724968, 43.561033280344532, 0.0 ], [ -116.604742220699123, 43.561090354670931, 0.0 ], [ -116.60477903731352, 43.561138522699508, 0.0 ], [ -116.604793928137937, 43.561162537147126, 0.0 ], [ -116.604800598506642, 43.561181533708179, 0.0 ], [ -116.604803783461591, 43.56120097938355, 0.0 ], [ -116.604803493399075, 43.561221872323472, 0.0 ], [ -116.604795100949943, 43.561245486585243, 0.0 ], [ -116.604736759323742, 43.561363138475521, 0.0 ] ] } },
{ "type": "Feature", "properties": { "OBJECTID": 7748, "UNIQID": "BPP729", "OWNER": "Nampa", "MANAGER": "Nampa", "STATUS": "Active", "INSTALLED": "2006-05-26T07:00:00Z", "FTR_FUNCTN": "Multiuse", "FTR_TYP": "Pathway", "OVPATHNAME": "Orr Pathway", "SGPATHLMT": "Lake Lowell Ave to Iowa Ave", "SRFMATRL": "Asphalt" }, "geometry": { "type": "LineString", "coordinates": [ [ -116.604455987337502, 43.560641912902696, 0.0 ], [ -116.604472326067892, 43.560671267757535, 0.0 ], [ -116.604514293800463, 43.560746671764534, 0.0 ], [ -116.604531905162446, 43.560776562567717, 0.0 ] ] } },
{ "type": "Feature", "properties": { "OBJECTID": 7749, "UNIQID": "BPP730", "OWNER": "Private", "MANAGER": "Private", "STATUS": "Active", "INSTALLED": "2007-10-05T07:00:00Z", "FTR_FUNCTN": "Pathway", "FTR_TYP": "Connector", "OVPATHNAME": "Phyllis Pathway", "SGPATHLMT": null, "SRFMATRL": "Concrete" }, "geometry": { "type": "LineString", "coordinates": [ [ -116.616714876337213, 43.584523582989036, 0.0 ], [ -116.616715927531359, 43.584111567040019, 0.0 ] ] } },
{ "type": "Feature", "properties": { "OBJECTID": 7750, "UNIQID": "BPP731", "OWNER": "Nampa", "MANAGER": "Nampa", "STATUS": "Active", "INSTALLED": null, "FTR_FUNCTN": "Multiuse", "FTR_TYP": "Pathway", "OVPATHNAME": "Stoddard Pathway", "SGPATHLMT": null, "SRFMATRL": "Asphalt" }, "geometry": { "type": "LineString", "coordinates": [ [ -116.547972649876399, 43.56503898941024, 0.0 ], [ -116.547964417414462, 43.565132239394714, 0.0 ], [ -116.54796250279756, 43.565153927531249, 0.0 ] ] } },
{ "type": "Feature", "properties": { "OBJECTID": 7751, "UNIQID": "BPP732", "OWNER": "Nampa", "MANAGER": "Nampa", "STATUS": "Active", "INSTALLED": "2022-06-10T07:00:00Z", "FTR_FUNCTN": "Pathway", "FTR_TYP": "Pathway", "OVPATHNAME": "Stoddard Pathway", "SGPATHLMT": "Amity Ave to Iowa Ave", "SRFMATRL": "Asphalt" }, "geometry": { "type": "LineString", "coordinates": [ [ -116.547976947832964, 43.561376145717389, 0.0 ], [ -116.547975863299285, 43.561243431221023, 0.0 ], [ -116.547986535688082, 43.561121540461507, 0.0 ], [ -116.548015756236197, 43.560965059295832, 0.0 ], [ -116.548025807847992, 43.560907831779147, 0.0 ], [ -116.548027943738347, 43.560846372264351, 0.0 ], [ -116.548027902783787, 43.560786349226959, 0.0 ], [ -116.548027889163237, 43.560767781732793, 0.0 ], [ -116.548019419132942, 43.560647095717684, 0.0 ], [ -116.548009029655148, 43.560577820613275, 0.0 ], [ -116.547977705154921, 43.560452501900542, 0.0 ], [ -116.547911933332173, 43.560244885673498, 0.0 ], [ -116.547902459908542, 43.560197081826928, 0.0 ], [ -116.547893290383939, 43.560097835133028, 0.0 ], [ -116.547890363353233, 43.560024979474605, 0.0 ], [ -116.547891150230257, 43.559935665378411, 0.0 ], [ -116.547894693271076, 43.559894724079705, 0.0 ], [ -116.547898085293042, 43.559865599656916, 0.0 ], [ -116.547919221925866, 43.559780595504506, 0.0 ], [ -116.547981701889469, 43.55960154219693, 0.0 ], [ -116.547986544293053, 43.559570620916205, 0.0 ], [ -116.547989000785535, 43.559533451481364, 0.0 ], [ -116.547984239005572, 43.559384326491212, 0.0 ], [ -116.547983149885582, 43.559337724284156, 0.0 ], [ -116.547977467615169, 43.559094656097891, 0.0 ], [ -116.547979852772002, 43.558914785451449, 0.0 ], [ -116.54798369943137, 43.558834023586655, 0.0 ], [ -116.547994082828112, 43.558727495275349, 0.0 ], [ -116.547995170044402, 43.558661042012574, 0.0 ], [ -116.547989127764424, 43.558575348123597, 0.0 ], [ -116.54798046202518, 43.55846540181188, 0.0 ], [ -116.547965154721084, 43.558347765355521, 0.0 ], [ -116.547954606158513, 43.558291626724653, 0.0 ], [ -116.547930772177239, 43.558173509703664, 0.0 ], [ -116.547892821449551, 43.558025323802894, 0.0 ], [ -116.547871137622224, 43.557933189815842, 0.0 ], [ -116.547861252509932, 43.557894112746602, 0.0 ], [ -116.547837067505085, 43.557798518156964, 0.0 ], [ -116.547788814748955, 43.557643964673538, 0.0 ], [ -116.547737372355158, 43.557505240365067, 0.0 ], [ -116.547677118345817, 43.557375471560931, 0.0 ], [ -116.547619527591991, 43.55726527247365, 0.0 ], [ -116.54752182365219, 43.557099824106977, 0.0 ], [ -116.547315837966735, 43.556789038371136, 0.0 ], [ -116.547156141525505, 43.556546153824534, 0.0 ], [ -116.546998802663651, 43.556288976760079, 0.0 ], [ -116.546879355983577, 43.556096188927334, 0.0 ], [ -116.546788856723339, 43.555940975311401, 0.0 ], [ -116.546701720302792, 43.555807057446671, 0.0 ], [ -116.546611230463739, 43.555682648307609, 0.0 ], [ -116.546567099436473, 43.555619728007272, 0.0 ], [ -116.546533174731252, 43.555566990708698, 0.0 ], [ -116.546349928846382, 43.555270477177956, 0.0 ], [ -116.546323369141021, 43.555229060586051, 0.0 ], [ -116.54616923167292, 43.554988707502204, 0.0 ], [ -116.546033361284231, 43.554779243234201, 0.0 ], [ -116.54591368692958, 43.554594174424501, 0.0 ], [ -116.545715654007864, 43.554289224257552, 0.0 ], [ -116.545705476736686, 43.554275101148825, 0.0 ], [ -116.545696104619495, 43.554265545029018, 0.0 ], [ -116.545684551156782, 43.554258480311645, 0.0 ], [ -116.545627893056079, 43.554233805471348, 0.0 ], [ -116.545621912800783, 43.554226467931464, 0.0 ], [ -116.545619775861709, 43.554219635613904, 0.0 ], [ -116.545620885991326, 43.554210696928685, 0.0 ], [ -116.545625392307784, 43.554198004524167, 0.0 ] ] } },
{ "type": "Feature", "properties": { "OBJECTID": 7752, "UNIQID": "BPP733", "OWNER": "Private", "MANAGER": "Private", "STATUS": "Active", "INSTALLED": "2018-07-25T07:00:00Z", "FTR_FUNCTN": "Pathway", "FTR_TYP": "Connector", "OVPATHNAME": "Stoddard Pathway", "SGPATHLMT": null, "SRFMATRL": "Asphalt" }, "geometry": { "type": "LineString", "coordinates": [ [ -116.539076611976569, 43.526123892713002, 0.0 ], [ -116.53927893175819, 43.526089630062309, 0.0 ], [ -116.539317629960891, 43.52608293333892, 0.0 ], [ -116.53937351990453, 43.526076831703733, 0.0 ], [ -116.539445628768789, 43.526072046545004, 0.0 ], [ -116.539521705625148, 43.526070449172998, 0.0 ], [ -116.53955804752286, 43.526071270250739, 0.0 ], [ -116.539588049944328, 43.526075350331674, 0.0 ], [ -116.539615124592387, 43.526080879117565, 0.0 ], [ -116.539645181696287, 43.526089245183471, 0.0 ], [ -116.539671373309048, 43.5261022816657, 0.0 ], [ -116.539691690756172, 43.526116788107764, 0.0 ], [ -116.539706614829882, 43.526131689147434, 0.0 ], [ -116.539719658510137, 43.526153032739884, 0.0 ], [ -116.539752641348159, 43.526159315490474, 0.0 ] ] } },
{ "type": "Feature", "properties": { "OBJECTID": 7753, "UNIQID": "BPP734", "OWNER": "Private", "MANAGER": "Private", "STATUS": "Active", "INSTALLED": null, "FTR_FUNCTN": "Pathway", "FTR_TYP": "Connector", "OVPATHNAME": "Private Pathway", "SGPATHLMT": "Lava Springs Sub Only", "SRFMATRL": "Asphalt" }, "geometry": { "type": "LineString", "coordinates": [ [ -116.535976172134994, 43.527544133549569, 0.0 ], [ -116.536006655623822, 43.527547496565759, 0.0 ], [ -116.53606315896802, 43.527550680682019, 0.0 ], [ -116.536142272438894, 43.527555852493492, 0.0 ], [ -116.536174215261454, 43.527558133386343, 0.0 ], [ -116.536181712390274, 43.527549780016649, 0.0 ] ] } },
{ "type": "Feature", "properties": { "OBJECTID": 7754, "UNIQID": "BPP735", "OWNER": "Private", "MANAGER": "Private", "STATUS": "Active", "INSTALLED": null, "FTR_FUNCTN": "Pathway", "FTR_TYP": "Pathway", "OVPATHNAME": "Private Pathway", "SGPATHLMT": "Lava Springs Sub Only", "SRFMATRL": "Asphalt" }, "geometry": { "type": "LineString", "coordinates": [ [ -116.536239751303853, 43.528256794145356, 0.0 ], [ -116.536283555120718, 43.528251971596006, 0.0 ], [ -116.536331210264763, 43.528246785896549, 0.0 ] ] } },
{ "type": "Feature", "properties": { "OBJECTID": 7755, "UNIQID": "BPP736", "OWNER": "Nampa", "MANAGER": "Nampa", "STATUS": "Active", "INSTALLED": "2005-01-01T07:00:00Z", "FTR_FUNCTN": "Pathway", "FTR_TYP": "Pathway", "OVPATHNAME": "Stoddard Pathway", "SGPATHLMT": "Greenhurst Rd to Locust Ln", "SRFMATRL": "Asphalt" }, "geometry": { "type": "LineString", "coordinates": [ [ -116.538863268863622, 43.535882525832342, 0.0 ], [ -116.53885080807369, 43.535750386911751, 0.0 ], [ -116.538844149167616, 43.535661457813013, 0.0 ], [ -116.53883750262716, 43.535507512970938, 0.0 ], [ -116.538835465305581, 43.535313548497015, 0.0 ], [ -116.538832286367239, 43.535100342829004, 0.0 ], [ -116.538843466253724, 43.534872664066654, 0.0 ], [ -116.538868593156508, 43.534577770714741, 0.0 ], [ -116.538879373111371, 43.534463023745488, 0.0 ], [ -116.538887350324941, 43.534389247072731, 0.0 ], [ -116.538925286925419, 43.534030094835266, 0.0 ], [ -116.538954217708834, 43.533763396639905, 0.0 ], [ -116.538983682982746, 43.533542647670821, 0.0 ], [ -116.539037608745332, 43.533018903335432, 0.0 ], [ -116.539065777103545, 43.532745324407834, 0.0 ], [ -116.539093945236658, 43.532471746362297, 0.0 ], [ -116.539144065350342, 43.531984944785286, 0.0 ], [ -116.539147826530993, 43.531916263941412, 0.0 ], [ -116.539149532080302, 43.531900663883995, 0.0 ] ] } },
{ "type": "Feature", "properties": { "OBJECTID": 7756, "UNIQID": "BPP737", "OWNER": "Nampa", "MANAGER": "Nampa", "STATUS": "Active", "INSTALLED": null, "FTR_FUNCTN": "Pathway", "FTR_TYP": "Connector", "OVPATHNAME": "Stoddard Pathway", "SGPATHLMT": null, "SRFMATRL": "Asphalt" }, "geometry": { "type": "LineString", "coordinates": [ [ -116.540941144964137, 43.542638070133499, 0.0 ], [ -116.540888088004706, 43.542632026532345, 0.0 ], [ -116.540841818818734, 43.542623475929254, 0.0 ], [ -116.540803121477722, 43.542612668542816, 0.0 ], [ -116.540769406780825, 43.542600697031084, 0.0 ] ] } },
{ "type": "Feature", "properties": { "OBJECTID": 7757, "UNIQID": "BPP738", "OWNER": "Nampa", "MANAGER": "Nampa", "STATUS": "Active", "INSTALLED": "2023-06-30T07:00:00Z", "FTR_FUNCTN": "Pathway", "FTR_TYP": "Pathway", "OVPATHNAME": "Stoddard Pathway", "SGPATHLMT": "2nd St S to Sherman Ave", "SRFMATRL": "Asphalt" }, "geometry": { "type": "LineString", "coordinates": [ [ -116.54796250279756, 43.565153927531249, 0.0 ], [ -116.547960895261923, 43.566580706596035, 0.0 ], [ -116.547959263846906, 43.568028149410196, 0.0 ], [ -116.547952286229304, 43.569015573450471, 0.0 ], [ -116.547950423421966, 43.569072981356285, 0.0 ], [ -116.547948655822751, 43.569087997702987, 0.0 ], [ -116.547944297275819, 43.569105175306468, 0.0 ], [ -116.547936644582393, 43.569120947420075, 0.0 ], [ -116.547926107488848, 43.56914150217095, 0.0 ], [ -116.547912241654487, 43.569158031438519, 0.0 ], [ -116.547894445712245, 43.569174588133819, 0.0 ], [ -116.547872069907399, 43.569191653850403, 0.0 ] ] } },
{ "type": "Feature", "properties": { "OBJECTID": 7758, "UNIQID": "BPP739", "OWNER": "Nampa", "MANAGER": "Nampa", "STATUS": "Active", "INSTALLED": "2019-09-30T07:00:00Z", "FTR_FUNCTN": "Multiuse", "FTR_TYP": "Pathway", "OVPATHNAME": "Tenmile Creek Pathway", "SGPATHLMT": "Can-Ada Rd", "SRFMATRL": "Asphalt" }, "geometry": { "type": "LineString", "coordinates": [ [ -116.513060431989771, 43.625432685901544, 0.0 ], [ -116.513319578161784, 43.625518013134823, 0.0 ] ] } },
{ "type": "Feature", "properties": { "OBJECTID": 8149, "UNIQID": "BPP740", "OWNER": "Nampa", "MANAGER": "Nampa", "STATUS": "Active", "INSTALLED": "2014-09-30T07:00:00Z", "FTR_FUNCTN": "Multiuse", "FTR_TYP": "Pathway", "OVPATHNAME": "Wilson Creek Pathway", "SGPATHLMT": "Stoddard Pathway to Powerline Rd", "SRFMATRL": "Asphalt" }, "geometry": { "type": "LineString", "coordinates": [ [ -116.542687262393301, 43.537645953715511, 0.0 ], [ -116.542717054916025, 43.53764271824673, 0.0 ], [ -116.542750942731971, 43.537636826925016, 0.0 ], [ -116.542782347445225, 43.537628869935176, 0.0 ], [ -116.542809652968089, 43.537620344583203, 0.0 ] ] } },
{ "type": "Feature", "properties": { "OBJECTID": 8150, "UNIQID": "BPP741", "OWNER": "Nampa", "MANAGER": "Nampa", "STATUS": "Active", "INSTALLED": null, "FTR_FUNCTN": "Multiuse", "FTR_TYP": "Pathway", "OVPATHNAME": "Wilson Creek Pathway", "SGPATHLMT": "Powerline Rd", "SRFMATRL": "Asphalt" }, "geometry": { "type": "LineString", "coordinates": [ [ -116.552810026938189, 43.539011466223776, 0.0 ], [ -116.552781613398295, 43.539028931824028, 0.0 ], [ -116.552758880735553, 43.53904278585631, 0.0 ], [ -116.552728806647366, 43.539058477266515, 0.0 ], [ -116.552697000931502, 43.539067035680809, 0.0 ], [ -116.552664361626242, 43.539074409981126, 0.0 ], [ -116.552630832192079, 43.539076431211832, 0.0 ], [ -116.552556345041154, 43.539075763258118, 0.0 ] ] } },
{ "type": "Feature", "properties": { "OBJECTID": 8151, "UNIQID": "BPP742", "OWNER": "Nampa", "MANAGER": "Nampa", "STATUS": "Active", "INSTALLED": null, "FTR_FUNCTN": "Multiuse", "FTR_TYP": "Pathway", "OVPATHNAME": "Wilson Creek Pathway", "SGPATHLMT": "Powerline Rd", "SRFMATRL": "Asphalt" }, "geometry": { "type": "LineString", "coordinates": [ [ -116.552955703732991, 43.539011039074921, 0.0 ], [ -116.552810026938189, 43.539011466223776, 0.0 ] ] } },
{ "type": "Feature", "properties": { "OBJECTID": 8152, "UNIQID": "BPP743", "OWNER": "State", "MANAGER": "State", "STATUS": "Active", "INSTALLED": null, "FTR_FUNCTN": "Pathway", "FTR_TYP": "Pathway", "OVPATHNAME": "Wilson Ponds Pathway", "SGPATHLMT": "Wilson Ponds Only", "SRFMATRL": "Asphalt" }, "geometry": { "type": "LineString", "coordinates": [ [ -116.554281006069246, 43.534779494466399, 0.0 ], [ -116.554284025730624, 43.534750883619161, 0.0 ], [ -116.554282482635116, 43.534733270129067, 0.0 ], [ -116.554274342078102, 43.534711893743321, 0.0 ], [ -116.554260944567815, 43.534689124947306, 0.0 ], [ -116.554247662240513, 43.534674928980486, 0.0 ], [ -116.554229859682536, 43.534665527342753, 0.0 ], [ -116.554190384950545, 43.534651039448512, 0.0 ], [ -116.554129269704035, 43.534633845869472, 0.0 ] ] } },
{ "type": "Feature", "properties": { "OBJECTID": 8153, "UNIQID": "BPP744", "OWNER": "State", "MANAGER": "State", "STATUS": "Active", "INSTALLED": null, "FTR_FUNCTN": "Pathway", "FTR_TYP": "Trail", "OVPATHNAME": "Wilson Ponds Pathway", "SGPATHLMT": "Wilson Ponds Only", "SRFMATRL": "Dirt" }, "geometry": { "type": "LineString", "coordinates": [ [ -116.554129269704035, 43.534633845869472, 0.0 ], [ -116.554072729213217, 43.53461614392036, 0.0 ], [ -116.554037805191797, 43.534599242251261, 0.0 ], [ -116.554002793829554, 43.534575672197896, 0.0 ], [ -116.553973628127878, 43.534548727883035, 0.0 ], [ -116.553620586519671, 43.53414253213473, 0.0 ], [ -116.553341083742581, 43.533850609961313, 0.0 ] ] } },
{ "type": "Feature", "properties": { "OBJECTID": 8155, "UNIQID": "BPP746", "OWNER": "State", "MANAGER": "State", "STATUS": "Active", "INSTALLED": null, "FTR_FUNCTN": "Pathway", "FTR_TYP": "Trail", "OVPATHNAME": "Wilson Ponds Pathway", "SGPATHLMT": "Wilson Ponds Only", "SRFMATRL": "Dirt" }, "geometry": { "type": "LineString", "coordinates": [ [ -116.553945250152609, 43.535393705128932, 0.0 ], [ -116.553949973317884, 43.535318875570006, 0.0 ] ] } },
{ "type": "Feature", "properties": { "OBJECTID": 8156, "UNIQID": "BPP747", "OWNER": "State", "MANAGER": "State", "STATUS": "Active", "INSTALLED": null, "FTR_FUNCTN": "Pathway", "FTR_TYP": "Trail", "OVPATHNAME": "Wilson Ponds Pathway", "SGPATHLMT": "Wilson Ponds Only", "SRFMATRL": "Dirt" }, "geometry": { "type": "LineString", "coordinates": [ [ -116.554018799853154, 43.53536485124777, 0.0 ], [ -116.553949973317884, 43.535318875570006, 0.0 ] ] } },
{ "type": "Feature", "properties": { "OBJECTID": 8157, "UNIQID": "BPP748", "OWNER": "State", "MANAGER": "State", "STATUS": "Active", "INSTALLED": null, "FTR_FUNCTN": "Pathway", "FTR_TYP": "Trail", "OVPATHNAME": "Wilson Ponds Pathway", "SGPATHLMT": "Wilson Ponds Only", "SRFMATRL": "Dirt" }, "geometry": { "type": "LineString", "coordinates": [ [ -116.553949973317884, 43.535318875570006, 0.0 ], [ -116.553949403770801, 43.535202063839073, 0.0 ], [ -116.553952166636719, 43.535151317263718, 0.0 ], [ -116.553951834432056, 43.535126312473409, 0.0 ], [ -116.553948188887688, 43.53511062021763, 0.0 ], [ -116.553940643923127, 43.53509709766665, 0.0 ], [ -116.553926178035439, 43.535080052105833, 0.0 ], [ -116.553895885516908, 43.535054544187069, 0.0 ], [ -116.55383586885182, 43.535009240089323, 0.0 ] ] } },
{ "type": "Feature", "properties": { "OBJECTID": 8158, "UNIQID": "BPP749", "OWNER": "State", "MANAGER": "State", "STATUS": "Active", "INSTALLED": null, "FTR_FUNCTN": "Pathway", "FTR_TYP": "Pathway", "OVPATHNAME": "Wilson Ponds Pathway", "SGPATHLMT": "Wilson Ponds Only", "SRFMATRL": "Asphalt" }, "geometry": { "type": "LineString", "coordinates": [ [ -116.554018799853154, 43.53536485124777, 0.0 ], [ -116.55400323063752, 43.535375677561987, 0.0 ], [ -116.553980778418605, 43.535385838481631, 0.0 ], [ -116.553951413461448, 43.535393189226561, 0.0 ], [ -116.553945250152609, 43.535393705128932, 0.0 ] ] } },
{ "type": "Feature", "properties": { "OBJECTID": 8159, "UNIQID": "BPP750", "OWNER": "State", "MANAGER": "State", "STATUS": "Active", "INSTALLED": null, "FTR_FUNCTN": "Pathway", "FTR_TYP": "Trail", "OVPATHNAME": "Wilson Ponds Pathway", "SGPATHLMT": "Wilson Ponds Only", "SRFMATRL": "Dirt" }, "geometry": { "type": "LineString", "coordinates": [ [ -116.555487973172347, 43.53594045535268, 0.0 ], [ -116.555550892933951, 43.535903845239226, 0.0 ], [ -116.555668160170839, 43.535860150731466, 0.0 ], [ -116.555861126938808, 43.535797822947501, 0.0 ], [ -116.555984915312081, 43.535752176596077, 0.0 ], [ -116.55618958776212, 43.535684049075329, 0.0 ], [ -116.556317430497813, 43.535647900640129, 0.0 ], [ -116.556424591206678, 43.535631903103642, 0.0 ] ] } },
{ "type": "Feature", "properties": { "OBJECTID": 8160, "UNIQID": "BPP751", "OWNER": "State", "MANAGER": "State", "STATUS": "Active", "INSTALLED": null, "FTR_FUNCTN": "Pathway", "FTR_TYP": "Connector", "OVPATHNAME": "Wilson Ponds Pathway", "SGPATHLMT": null, "SRFMATRL": "Concrete" }, "geometry": { "type": "LineString", "coordinates": [ [ -116.55318454711194, 43.535466598519392, 0.0 ], [ -116.553244441296883, 43.535467258779839, 0.0 ] ] } },
{ "type": "Feature", "properties": { "OBJECTID": 8162, "UNIQID": "BPP753", "OWNER": "State", "MANAGER": "State", "STATUS": "Active", "INSTALLED": null, "FTR_FUNCTN": "Pathway", "FTR_TYP": "Connector", "OVPATHNAME": "Wilson Ponds Pathway", "SGPATHLMT": null, "SRFMATRL": "Concrete" }, "geometry": { "type": "LineString", "coordinates": [ [ -116.55324894707465, 43.536643594324218, 0.0 ], [ -116.553300039655255, 43.536642517053238, 0.0 ] ] } },
{ "type": "Feature", "properties": { "OBJECTID": 8163, "UNIQID": "BPP754", "OWNER": "State", "MANAGER": "State", "STATUS": "Active", "INSTALLED": null, "FTR_FUNCTN": "Pathway", "FTR_TYP": "Connector", "OVPATHNAME": "Wilson Ponds Pathway", "SGPATHLMT": null, "SRFMATRL": "Concrete" }, "geometry": { "type": "LineString", "coordinates": [ [ -116.553112161082851, 43.536731759745223, 0.0 ], [ -116.553112776468581, 43.536747921568491, 0.0 ] ] } },
{ "type": "Feature", "properties": { "OBJECTID": 8164, "UNIQID": "BPP755", "OWNER": "Private", "MANAGER": "Private", "STATUS": "Active", "INSTALLED": null, "FTR_FUNCTN": "Pathway", "FTR_TYP": "Connector", "OVPATHNAME": "Wilson Creek Pathway", "SGPATHLMT": "Brookside Apts to Wilson Creek Pathway", "SRFMATRL": "Other" }, "geometry": { "type": "LineString", "coordinates": [ [ -116.568349479782711, 43.546220395940509, 0.0 ], [ -116.568507734777256, 43.546107805953163, 0.0 ] ] } },
{ "type": "Feature", "properties": { "OBJECTID": 8166, "UNIQID": "BPP756", "OWNER": "State", "MANAGER": "State", "STATUS": "Active", "INSTALLED": null, "FTR_FUNCTN": "Pathway", "FTR_TYP": "Pathway", "OVPATHNAME": "Wilson Creek Pathway", "SGPATHLMT": "Powerline Rd to Sunny Ridge Rd", "SRFMATRL": "Asphalt" }, "geometry": { "type": "LineString", "coordinates": [ [ -116.557532271337081, 43.538549845340178, 0.0 ], [ -116.557610850958795, 43.538565903784765, 0.0 ], [ -116.55765426216044, 43.538575916988499, 0.0 ], [ -116.557698644362034, 43.538589892841372, 0.0 ], [ -116.557728285735209, 43.538603259026907, 0.0 ], [ -116.5577520546382, 43.538618094283883, 0.0 ], [ -116.557771943149078, 43.538636530425237, 0.0 ], [ -116.557794044498991, 43.53867520810941, 0.0 ], [ -116.557816277825381, 43.538720525035338, 0.0 ], [ -116.557846754352923, 43.538780866106372, 0.0 ] ] } },
{ "type": "Feature", "properties": { "OBJECTID": 8167, "UNIQID": "BPP757", "OWNER": "Nampa", "MANAGER": "Nampa", "STATUS": "Active", "INSTALLED": null, "FTR_FUNCTN": "Multiuse", "FTR_TYP": "Pathway", "OVPATHNAME": "Wilson Creek Pathway", "SGPATHLMT": "Greenhurst Rd", "SRFMATRL": "Concrete" }, "geometry": { "type": "LineString", "coordinates": [ [ -116.570626279660473, 43.546983397054191, 0.0 ], [ -116.570733648213192, 43.546982615521799, 0.0 ], [ -116.570948692768027, 43.546984558605523, 0.0 ], [ -116.571366878315089, 43.546988337354541, 0.0 ], [ -116.571421757824524, 43.546988571348386, 0.0 ] ] } },
{ "type": "Feature", "properties": { "OBJECTID": 8168, "UNIQID": "BPP758", "OWNER": "Nampa", "MANAGER": "Nampa", "STATUS": "Active", "INSTALLED": null, "FTR_FUNCTN": "Multiuse", "FTR_TYP": "Pathway", "OVPATHNAME": "Wilson Creek Pathway", "SGPATHLMT": "Greenhurst Rd", "SRFMATRL": "Asphalt" }, "geometry": { "type": "LineString", "coordinates": [ [ -116.571421757824524, 43.546988571348386, 0.0 ], [ -116.571743493165613, 43.546989939854306, 0.0 ] ] } },
{ "type": "Feature", "properties": { "OBJECTID": 8170, "UNIQID": "BPP760", "OWNER": "Nampa", "MANAGER": "Nampa", "STATUS": "Proposed", "INSTALLED": null, "FTR_FUNCTN": "Pathway", "FTR_TYP": "Pathway", "OVPATHNAME": "Wilson Creek Pathway", "SGPATHLMT": "Roosevelt Ave to Middleton Rd", "SRFMATRL": null }, "geometry": { "type": "LineString", "coordinates": [ [ -116.610094485371206, 43.573407837133914, 0.0 ], [ -116.610577826216698, 43.573691361883888, 0.0 ], [ -116.610706681401894, 43.573770080635533, 0.0 ], [ -116.610810919772177, 43.573833760089883, 0.0 ], [ -116.612232043762333, 43.57470191003042, 0.0 ], [ -116.612338214960033, 43.574766767051038, 0.0 ], [ -116.61269622423157, 43.574985463139562, 0.0 ], [ -116.613000109430217, 43.575155021778158, 0.0 ], [ -116.612999775439349, 43.575364916206944, 0.0 ], [ -116.612999080655271, 43.575802591384324, 0.0 ], [ -116.613074051048216, 43.575801288220454, 0.0 ], [ -116.613252524876515, 43.575798187256304, 0.0 ] ] } },
{ "type": "Feature", "properties": { "OBJECTID": 8171, "UNIQID": "BPP761", "OWNER": "Private", "MANAGER": "Private", "STATUS": "Active", "INSTALLED": null, "FTR_FUNCTN": "Pathway", "FTR_TYP": "Connector", "OVPATHNAME": "Wilson Creek Pathway", "SGPATHLMT": null, "SRFMATRL": "Dirt" }, "geometry": { "type": "LineString", "coordinates": [ [ -116.576562204187525, 43.551885948072673, 0.0 ], [ -116.576550888890452, 43.551461436635769, 0.0 ], [ -116.576559257970573, 43.551414935495416, 0.0 ], [ -116.576571776263052, 43.551372572797149, 0.0 ], [ -116.576587658329444, 43.551336734127666, 0.0 ], [ -116.576612537185824, 43.55130023542916, 0.0 ], [ -116.576638338514201, 43.551271470160856, 0.0 ], [ -116.576660195274982, 43.551253450201408, 0.0 ], [ -116.576695154663923, 43.551237455268335, 0.0 ] ] } },
{ "type": "Feature", "properties": { "OBJECTID": 8173, "UNIQID": "BPP763", "OWNER": "Private", "MANAGER": "Nampa", "STATUS": "Active", "INSTALLED": null, "FTR_FUNCTN": "Pathway", "FTR_TYP": "Pathway", "OVPATHNAME": "Wilson Creek Pathway", "SGPATHLMT": "Iowa Ave to Lake Lowell Ave", "SRFMATRL": "Other" }, "geometry": { "type": "LineString", "coordinates": [ [ -116.580908786406908, 43.556406109515599, 0.0 ], [ -116.580950842406594, 43.556478227188883, 0.0 ] ] } },
{ "type": "Feature", "properties": { "OBJECTID": 8174, "UNIQID": "BPP764", "OWNER": "Private", "MANAGER": "Nampa", "STATUS": "Active", "INSTALLED": null, "FTR_FUNCTN": "Pathway", "FTR_TYP": "Pathway", "OVPATHNAME": "Wilson Creek Pathway", "SGPATHLMT": "Iowa Ave to Lake Lowell Ave", "SRFMATRL": "Other" }, "geometry": { "type": "LineString", "coordinates": [ [ -116.580866999251498, 43.556334454331932, 0.0 ], [ -116.580908786406908, 43.556406109515599, 0.0 ] ] } },
{ "type": "Feature", "properties": { "OBJECTID": 8175, "UNIQID": "BPP765", "OWNER": "Private", "MANAGER": "Private", "STATUS": "Active", "INSTALLED": null, "FTR_FUNCTN": "Pathway", "FTR_TYP": "Connector", "OVPATHNAME": "Wilson Creek Pathway", "SGPATHLMT": null, "SRFMATRL": "Concrete" }, "geometry": { "type": "LineString", "coordinates": [ [ -116.586524824360055, 43.557441967639015, 0.0 ], [ -116.586626489100681, 43.557476231909291, 0.0 ], [ -116.586635133424195, 43.557961963873609, 0.0 ] ] } },
{ "type": "Feature", "properties": { "OBJECTID": 8176, "UNIQID": "BPP766", "OWNER": "Private", "MANAGER": "Nampa", "STATUS": "Active", "INSTALLED": null, "FTR_FUNCTN": "Pathway", "FTR_TYP": "Pathway", "OVPATHNAME": "Wilson Creek Pathway", "SGPATHLMT": "Iowa Ave to Lake Lowell Ave", "SRFMATRL": "Other" }, "geometry": { "type": "LineString", "coordinates": [ [ -116.585744364410772, 43.557962160307156, 0.0 ], [ -116.585923528901318, 43.557962674057826, 0.0 ] ] } },
{ "type": "Feature", "properties": { "OBJECTID": 8177, "UNIQID": "BPP767", "OWNER": "Private", "MANAGER": "Nampa", "STATUS": "Active", "INSTALLED": null, "FTR_FUNCTN": "Pathway", "FTR_TYP": "Connector", "OVPATHNAME": "Wilson Creek Pathway", "SGPATHLMT": null, "SRFMATRL": "Asphalt" }, "geometry": { "type": "LineString", "coordinates": [ [ -116.577953331487535, 43.556153821619986, 0.0 ], [ -116.578013487692488, 43.556074486261103, 0.0 ] ] } },
{ "type": "Feature", "properties": { "OBJECTID": 8178, "UNIQID": "BPP768", "OWNER": "Private", "MANAGER": "Private", "STATUS": "Active", "INSTALLED": null, "FTR_FUNCTN": "Pathway", "FTR_TYP": "Connector", "OVPATHNAME": "Private Pathway", "SGPATHLMT": null, "SRFMATRL": "Other" }, "geometry": { "type": "LineString", "coordinates": [ [ -116.584016548766698, 43.556930518490169, 0.0 ], [ -116.583907203021724, 43.55707853730366, 0.0 ] ] } },
{ "type": "Feature", "properties": { "OBJECTID": 8179, "UNIQID": "BPP769", "OWNER": "Nampa", "MANAGER": "Nampa", "STATUS": "Active", "INSTALLED": "2021-05-14T07:00:00Z", "FTR_FUNCTN": "Pathway", "FTR_TYP": "Pathway", "OVPATHNAME": "Wilson Creek Pathway", "SGPATHLMT": "Roosevelt Ave to Freemont St", "SRFMATRL": "Asphalt" }, "geometry": { "type": "LineString", "coordinates": [ [ -116.597959838702522, 43.568840166847345, 0.0 ], [ -116.5979838791296, 43.568919473095718, 0.0 ], [ -116.597999067491287, 43.568951511606315, 0.0 ], [ -116.59801699610027, 43.568974598857338, 0.0 ], [ -116.598031950609752, 43.568989968087095, 0.0 ], [ -116.598052236047891, 43.569005892744975, 0.0 ], [ -116.598077413482059, 43.569020293220561, 0.0 ], [ -116.59810459108067, 43.569031404237677, 0.0 ], [ -116.598132119916414, 43.569038344214803, 0.0 ], [ -116.598180568657142, 43.569048106554845, 0.0 ], [ -116.598229802183212, 43.569055481349992, 0.0 ], [ -116.598274082322206, 43.569059916201475, 0.0 ], [ -116.598347031514052, 43.569065031208787, 0.0 ], [ -116.598408485177089, 43.569067849779294, 0.0 ], [ -116.598484253938523, 43.569069668259665, 0.0 ], [ -116.598562056279775, 43.569070579582565, 0.0 ], [ -116.598609532286176, 43.569069334266459, 0.0 ], [ -116.598717558936571, 43.569064959784654, 0.0 ], [ -116.598754799493392, 43.569063790394843, 0.0 ], [ -116.598838722928861, 43.569063167296314, 0.0 ], [ -116.599031081449482, 43.569058166325178, 0.0 ], [ -116.599188199500901, 43.56905104600169, 0.0 ], [ -116.59933134396212, 43.569040157886796, 0.0 ], [ -116.59939554533851, 43.569038798786877, 0.0 ], [ -116.599449261759986, 43.569038875829833, 0.0 ], [ -116.599513506795816, 43.569042208633242, 0.0 ], [ -116.59968351489357, 43.569066665953294, 0.0 ], [ -116.599705812331536, 43.569068405769634, 0.0 ], [ -116.599730708880188, 43.569068696882105, 0.0 ] ] } },
{ "type": "Feature", "properties": { "OBJECTID": 8180, "UNIQID": "BPP770", "OWNER": "Nampa", "MANAGER": "Nampa", "STATUS": "Active", "INSTALLED": null, "FTR_FUNCTN": "Multiuse", "FTR_TYP": "Pathway", "OVPATHNAME": "Wilson Creek Pathway", "SGPATHLMT": "Roosevelt Ave", "SRFMATRL": "Asphalt" }, "geometry": { "type": "LineString", "coordinates": [ [ -116.598114631526755, 43.568670722484853, 0.0 ], [ -116.598084195682972, 43.568675832291831, 0.0 ], [ -116.597957797240184, 43.56867480134283, 0.0 ] ] } },
{ "type": "Feature", "properties": { "OBJECTID": 8181, "UNIQID": "BPP771", "OWNER": "Private", "MANAGER": "Private", "STATUS": "Active", "INSTALLED": "2021-05-14T07:00:00Z", "FTR_FUNCTN": "Pathway", "FTR_TYP": "Connector", "OVPATHNAME": "Wilson Creek Pathway", "SGPATHLMT": null, "SRFMATRL": "Concrete" }, "geometry": { "type": "LineString", "coordinates": [ [ -116.599355071016333, 43.569516963670786, 0.0 ], [ -116.599382006308403, 43.569513971398713, 0.0 ], [ -116.599404534872079, 43.569508802982647, 0.0 ], [ -116.599425047573561, 43.569500076988234, 0.0 ], [ -116.599446471578617, 43.569486343186199, 0.0 ], [ -116.599464908169367, 43.569469773716456, 0.0 ], [ -116.5994774602989, 43.569453961759052, 0.0 ], [ -116.599485059365918, 43.569435328743133, 0.0 ], [ -116.599487745550107, 43.569416733132833, 0.0 ], [ -116.599485350427585, 43.569040748144928, 0.0 ] ] } },
{ "type": "Feature", "properties": { "OBJECTID": 8549, "UNIQID": "BPP772", "OWNER": "Nampa", "MANAGER": "Nampa", "STATUS": "Pending", "INSTALLED": null, "FTR_FUNCTN": "Pathway", "FTR_TYP": "Pathway", "OVPATHNAME": "Wilson Creek Pathway", "SGPATHLMT": "Roosevelt Ave to Middleton Rd", "SRFMATRL": null }, "geometry": { "type": "LineString", "coordinates": [ [ -116.608145488618632, 43.572266966107399, 0.0 ], [ -116.608273829592008, 43.57230887054989, 0.0 ], [ -116.608428691978204, 43.572397451805443, 0.0 ], [ -116.608954030835307, 43.572724758364643, 0.0 ], [ -116.609165700015993, 43.572852066706844, 0.0 ], [ -116.609268664804688, 43.572913993829921, 0.0 ], [ -116.60990340924387, 43.57329575226462, 0.0 ], [ -116.610094485371206, 43.573407837133914, 0.0 ] ] } },
{ "type": "Feature", "properties": { "OBJECTID": 8550, "UNIQID": "BPP773", "OWNER": "Nampa", "MANAGER": "Nampa", "STATUS": "Pending", "INSTALLED": null, "FTR_FUNCTN": "Pathway", "FTR_TYP": "Pathway", "OVPATHNAME": "Orr Pathway", "SGPATHLMT": "Wilson Pathway to Roosevelt Ave", "SRFMATRL": null }, "geometry": { "type": "LineString", "coordinates": [ [ -116.608587359762652, 43.568728237052483, 0.0 ], [ -116.610521735830375, 43.5687154734497, 0.0 ], [ -116.610576307722312, 43.569428770100565, 0.0 ], [ -116.610608192210108, 43.569735750596166, 0.0 ], [ -116.610629844280652, 43.570014229489438, 0.0 ], [ -116.610635716334897, 43.570288540820229, 0.0 ], [ -116.610626523522996, 43.571023081086501, 0.0 ], [ -116.610636694844729, 43.572289701704719, 0.0 ], [ -116.610617832694246, 43.572344909933229, 0.0 ], [ -116.610585462646583, 43.572418028584849, 0.0 ], [ -116.610520438757149, 43.572544264777108, 0.0 ], [ -116.610445425559845, 43.572659143777024, 0.0 ], [ -116.610353438413355, 43.572824163460211, 0.0 ], [ -116.610292242192855, 43.572943225609762, 0.0 ], [ -116.610219478572262, 43.573078092541373, 0.0 ], [ -116.610152914517755, 43.573234347173234, 0.0 ], [ -116.610094485371206, 43.573407837133914, 0.0 ] ] } },
{ "type": "Feature", "properties": { "OBJECTID": 8551, "UNIQID": "BPP774", "OWNER": "Private", "MANAGER": "Nampa", "STATUS": "Active", "INSTALLED": null, "FTR_FUNCTN": "Pathway", "FTR_TYP": "Pathway", "OVPATHNAME": "Wilson Creek Pathway", "SGPATHLMT": "Roosevelt Ave to Freemont St", "SRFMATRL": "Asphalt" }, "geometry": { "type": "LineString", "coordinates": [ [ -116.599730708880188, 43.569068696882105, 0.0 ], [ -116.599744437859428, 43.569066689295624, 0.0 ], [ -116.599758800319037, 43.569063248518027, 0.0 ], [ -116.599776385691257, 43.569055973599859, 0.0 ], [ -116.599787575879716, 43.569050460033246, 0.0 ], [ -116.599812189877454, 43.569039988765674, 0.0 ], [ -116.599845488688487, 43.569032119969705, 0.0 ], [ -116.599870358443511, 43.569030506609856, 0.0 ], [ -116.599893965473584, 43.569032236653989, 0.0 ], [ -116.599990501681845, 43.569042140287671, 0.0 ], [ -116.600019969668978, 43.569041445027644, 0.0 ], [ -116.600049378602634, 43.569036462956419, 0.0 ], [ -116.600127657853321, 43.5690130179851, 0.0 ], [ -116.60014921215982, 43.56900857135728, 0.0 ], [ -116.600172150981507, 43.56900935309239, 0.0 ], [ -116.600189248968761, 43.569013989342523, 0.0 ], [ -116.600216203685449, 43.569020933087138, 0.0 ], [ -116.600243119460075, 43.569025020153383, 0.0 ], [ -116.600260811951827, 43.569025364728631, 0.0 ], [ -116.600285654886946, 43.569021845936696, 0.0 ], [ -116.600308526707991, 43.569017864739799, 0.0 ], [ -116.600338002614578, 43.569017645499144, 0.0 ], [ -116.600361616350099, 43.569019851557073, 0.0 ], [ -116.600388153250648, 43.569024989139955, 0.0 ], [ -116.600408957746367, 43.56903236023583, 0.0 ], [ -116.600435947242076, 43.569041685371332, 0.0 ], [ -116.600469465889759, 43.569049533447888, 0.0 ], [ -116.600504235062004, 43.56905308496863, 0.0 ], [ -116.600538937225565, 43.569051874474525, 0.0 ], [ -116.600934199588963, 43.569023212343602, 0.0 ], [ -116.600960393552072, 43.569022541210671, 0.0 ], [ -116.600990544366582, 43.569023745258839, 0.0 ], [ -116.601036434221186, 43.569026261516491, 0.0 ], [ -116.601071882080134, 43.569028953604153, 0.0 ], [ -116.601103927737711, 43.569027664602494, 0.0 ], [ -116.601143818247749, 43.569024972415853, 0.0 ], [ -116.601152473569556, 43.569023718024823, 0.0 ], [ -116.601255913665142, 43.569004596321498, 0.0 ], [ -116.601296745212665, 43.568997174176637, 0.0 ], [ -116.601322925734166, 43.568995549840068, 0.0 ], [ -116.601351779129203, 43.568997716675135, 0.0 ], [ -116.60137540630376, 43.569000874744049, 0.0 ], [ -116.601492339983452, 43.56902429613433, 0.0 ], [ -116.601523854081847, 43.569029300070042, 0.0 ], [ -116.601552052699404, 43.569031471731606, 0.0 ], [ -116.60160445403065, 43.569031081397185, 0.0 ], [ -116.601640465754343, 43.569029860813544, 0.0 ], [ -116.601663492428216, 43.569027914249709, 0.0 ], [ -116.601685199194876, 43.569024894677348, 0.0 ], [ -116.601708984221588, 43.569020716473005, 0.0 ], [ -116.60172987698698, 43.569015980138509, 0.0 ], [ -116.601754171867697, 43.569010472258384, 0.0 ], [ -116.60180964903239, 43.568995734500504, 0.0 ], [ -116.601837115977517, 43.568990612519613, 0.0 ], [ -116.601856074107644, 43.568989672856098, 0.0 ], [ -116.601878351441485, 43.568989983917625, 0.0 ], [ -116.601909183909612, 43.56899308818528, 0.0 ], [ -116.601974258354517, 43.569008797192247, 0.0 ], [ -116.602014300803702, 43.569014691556404, 0.0 ], [ -116.602042499417493, 43.569016862196897, 0.0 ], [ -116.602132837808611, 43.569012995264814, 0.0 ], [ -116.602162973945838, 43.569012630214552, 0.0 ], [ -116.602194427673567, 43.569013348973023, 0.0 ], [ -116.602224618795248, 43.569017410256876, 0.0 ], [ -116.602273864514558, 43.569025616724382, 0.0 ], [ -116.602317917620454, 43.56903719590575, 0.0 ], [ -116.602379797589208, 43.569058645121117, 0.0 ], [ -116.602431885469215, 43.569082549018468, 0.0 ], [ -116.602472720455765, 43.569100918291774, 0.0 ], [ -116.602528076935073, 43.569124321611575, 0.0 ], [ -116.602624172379436, 43.569156469921666, 0.0 ], [ -116.602649864870031, 43.569166757427659, 0.0 ], [ -116.602670311003379, 43.569176607897703, 0.0 ], [ -116.602731143685176, 43.569216640383388, 0.0 ], [ -116.602769591506203, 43.569248742391053, 0.0 ], [ -116.602808011258659, 43.56927893995401, 0.0 ], [ -116.602858195565545, 43.569307144198184, 0.0 ], [ -116.602894456086773, 43.569323544692601, 0.0 ], [ -116.602918800000069, 43.569330984337277, 0.0 ], [ -116.602949745715549, 43.569342184903213, 0.0 ], [ -116.602960332912346, 43.569347294168502, 0.0 ] ] } },
{ "type": "Feature", "properties": { "OBJECTID": 8552, "UNIQID": "BPP775", "OWNER": "Nampa", "MANAGER": "Nampa", "STATUS": "Active", "INSTALLED": "2007-09-11T07:00:00Z", "FTR_FUNCTN": "Pathway", "FTR_TYP": "Pathway", "OVPATHNAME": "Private Pathway", "SGPATHLMT": "Vista Ridge Sub Only", "SRFMATRL": "Concrete" }, "geometry": { "type": "LineString", "coordinates": [ [ -116.570379734769475, 43.533961382138024, 0.0 ], [ -116.570408320129658, 43.533932955564111, 0.0 ], [ -116.570427716937715, 43.533914954398362, 0.0 ], [ -116.57044977837846, 43.533876214251272, 0.0 ], [ -116.570455729550616, 43.533844377515109, 0.0 ], [ -116.570450375216268, 43.533811550767091, 0.0 ], [ -116.570449685315765, 43.533810216339781, 0.0 ] ] } },
{ "type": "Feature", "properties": { "OBJECTID": 8553, "UNIQID": "BPP776", "OWNER": "Nampa", "MANAGER": "Nampa", "STATUS": "Active", "INSTALLED": "2008-05-21T07:00:00Z", "FTR_FUNCTN": "Pathway", "FTR_TYP": "Pathway", "OVPATHNAME": "Edwards Pathway", "SGPATHLMT": "Iowa Ave to Middleton Rd", "SRFMATRL": "Concrete" }, "geometry": { "type": "LineString", "coordinates": [ [ -116.612008290320091, 43.557048583988305, 0.0 ], [ -116.612047781446734, 43.55709633889019, 0.0 ] ] } },
{ "type": "Feature", "properties": { "OBJECTID": 8554, "UNIQID": "BPP777", "OWNER": "Private", "MANAGER": "Private", "STATUS": "Active", "INSTALLED": null, "FTR_FUNCTN": "Pathway", "FTR_TYP": "Pathway", "OVPATHNAME": "Private Pathway", "SGPATHLMT": null, "SRFMATRL": "Asphalt" }, "geometry": { "type": "LineString", "coordinates": [ [ -116.609255459362473, 43.572285460274173, 0.0 ], [ -116.610371694863943, 43.572276895814838, 0.0 ] ] } },
{ "type": "Feature", "properties": { "OBJECTID": 8949, "UNIQID": "BPP778", "OWNER": "Nampa", "MANAGER": "Nampa", "STATUS": "Proposed", "INSTALLED": null, "FTR_FUNCTN": "Pathway", "FTR_TYP": "Pathway", "OVPATHNAME": null, "SGPATHLMT": null, "SRFMATRL": null }, "geometry": { "type": "LineString", "coordinates": [ [ -116.573139752041868, 43.594620513607005, 0.0 ], [ -116.572288430403461, 43.594571835314341, 0.0 ], [ -116.571939827454003, 43.594575772557526, 0.0 ], [ -116.571962131860403, 43.594509332564371, 0.0 ], [ -116.571936255202786, 43.594337070978774, 0.0 ], [ -116.571535550829367, 43.594224511250935, 0.0 ], [ -116.570684278178192, 43.593930699882151, 0.0 ], [ -116.570013737235698, 43.593367568087331, 0.0 ], [ -116.569323874994325, 43.592673751394088, 0.0 ], [ -116.569181073766032, 43.592502477385217, 0.0 ], [ -116.567867808448511, 43.591155832914808, 0.0 ], [ -116.567743796610031, 43.591061493730479, 0.0 ], [ -116.568931526845802, 43.590110014539107, 0.0 ], [ -116.56818094588651, 43.589602932272101, 0.0 ], [ -116.568079823427482, 43.589676034796824, 0.0 ], [ -116.566839832494153, 43.588594709391856, 0.0 ], [ -116.565795980837891, 43.587981783063896, 0.0 ], [ -116.565328392324091, 43.587906537347962, 0.0 ], [ -116.565219234019182, 43.58782873428769, 0.0 ], [ -116.565055582659724, 43.587929161868438, 0.0 ], [ -116.564986137424327, 43.587842803414702, 0.0 ], [ -116.56396217630747, 43.587014653878647, 0.0 ], [ -116.562862113254639, 43.586025737050868, 0.0 ], [ -116.562456289683084, 43.585888001950913, 0.0 ], [ -116.562156672763493, 43.585608891868915, 0.0 ], [ -116.561406915082003, 43.585405314322159, 0.0 ], [ -116.561056191930703, 43.585293386288782, 0.0 ], [ -116.5600056601143, 43.584813933442774, 0.0 ], [ -116.559854423437628, 43.584744908699257, 0.0 ], [ -116.559437912330338, 43.584554811527894, 0.0 ], [ -116.559121546443578, 43.584509130941242, 0.0 ], [ -116.558529230751645, 43.584212704909767, 0.0 ], [ -116.558352914370261, 43.584099283793023, 0.0 ], [ -116.557766858229527, 43.583951567454982, 0.0 ], [ -116.557411832677829, 43.583864200157343, 0.0 ], [ -116.55715464809775, 43.583760645562563, 0.0 ], [ -116.556812909732258, 43.583710372520414, 0.0 ], [ -116.555935621784599, 43.583143218813817, 0.0 ], [ -116.555838361192286, 43.583202787984376, 0.0 ], [ -116.55507667646738, 43.582601839768209, 0.0 ], [ -116.554890282927843, 43.58244087909214, 0.0 ], [ -116.554267804298561, 43.58170457281328, 0.0 ], [ -116.554104510909156, 43.581489591877244, 0.0 ], [ -116.553391256969093, 43.580840029322601, 0.0 ], [ -116.553293764357122, 43.580682496207416, 0.0 ], [ -116.5529300127195, 43.580257369330845, 0.0 ], [ -116.55276856002439, 43.580106367016199, 0.0 ], [ -116.552691163956396, 43.580154297806729, 0.0 ], [ -116.552624172172884, 43.580206709169154, 0.0 ], [ -116.551462274312414, 43.579361937188501, 0.0 ], [ -116.551204490553943, 43.579205187431143, 0.0 ], [ -116.55106085439192, 43.579306508880904, 0.0 ], [ -116.550218328439243, 43.57876584285011, 0.0 ], [ -116.550015128666928, 43.578635088816625, 0.0 ], [ -116.550429472909855, 43.578324889007057, 0.0 ], [ -116.551017249858759, 43.577870737180724, 0.0 ], [ -116.549976084951751, 43.577170706021711, 0.0 ], [ -116.549109743222061, 43.576592502394185, 0.0 ], [ -116.548482921492067, 43.575956510876509, 0.0 ], [ -116.54757567928975, 43.574832902565994, 0.0 ], [ -116.547467020002216, 43.574714039978304, 0.0 ], [ -116.54730871874861, 43.574572921655061, 0.0 ], [ -116.546913484178333, 43.574373595599198, 0.0 ], [ -116.546823181086822, 43.574271354646925, 0.0 ] ] } }
]
}
